idx,query_id,gt_id,type,gt_type,type_mismatch,degree,degree_bin,baseline_correct,cdmr_correct,group,baseline_rank,cdmr_rank,baseline_ret1,cdmr_ret1,baseline_img,baseline_attr,baseline_rel,baseline_graph,cdmr_img,cdmr_attr,cdmr_rel,cdmr_graph,delta_img,delta_attr,delta_rel,delta_graph
0,7281,15294,Event,Event,False,120.0,high_degree,True,True,both_correct,0,0,15294,15294,0.28115883469581604,0.22940732538700104,0.19803370535373688,0.29140013456344604,0.27840474247932434,0.22714702785015106,0.19622312486171722,0.2982250452041626,-0.0027540922164916992,-0.0022602975368499756,-0.0018105804920196533,0.006824910640716553
1,12046,26004,Organization,Organization,False,30.0,low_degree,False,False,both_wrong,12,10,23575,25278,0.3062482476234436,0.20602110028266907,0.157669797539711,0.3300608694553375,0.22593049705028534,0.17368373274803162,0.13293567299842834,0.4674500524997711,-0.08031775057315826,-0.03233736753463745,-0.024734124541282654,0.1373891830444336
2,4527,25902,Creative Work,Creative Work,False,206.0,high_degree,True,True,both_correct,0,0,25902,25902,0.3338213860988617,0.18928104639053345,0.1469663828611374,0.3299311697483063,0.19911275804042816,0.18815664947032928,0.102307990193367,0.5104225873947144,-0.13470862805843353,-0.0011243969202041626,-0.044658392667770386,0.18049141764640808
3,8346,20430,Place,Place,False,14.0,low_degree,True,True,both_correct,0,0,20430,20430,0.2906448543071747,0.24846474826335907,0.17261357605457306,0.28827688097953796,0.19036732614040375,0.21697942912578583,0.16957414150238037,0.4230790436267853,-0.10027752816677094,-0.03148531913757324,-0.003039434552192688,0.13480216264724731
4,3848,16225,Place,Event,True,88.0,high_degree,True,True,both_correct,0,0,16225,16225,0.26040586829185486,0.22810272872447968,0.25018659234046936,0.2613048255443573,0.17080046236515045,0.19947583973407745,0.2461249679327011,0.3835987448692322,-0.0896054059267044,-0.02862688899040222,-0.0040616244077682495,0.12229391932487488
5,11394,17728,Organization,Organization,False,23.0,low_degree,True,True,both_correct,0,0,17728,17728,0.3005600869655609,0.2204866111278534,0.16769754886627197,0.3112558126449585,0.22402596473693848,0.18780021369457245,0.14285193383693695,0.4453219175338745,-0.07653412222862244,-0.032686397433280945,-0.024845615029335022,0.13406610488891602
6,10017,16763,Person,Person,False,84.0,high_degree,True,True,both_correct,0,0,16763,16763,0.2715156078338623,0.2882132828235626,0.1729326844215393,0.26733845472335815,0.198155477643013,0.3305031657218933,0.126200333237648,0.3451410233974457,-0.0733601301908493,0.04228988289833069,-0.046732351183891296,0.07780256867408752
7,13534,15097,Entity,Event,True,35.0,mid_degree,True,False,harmed,0,1,15097,23573,0.3040810525417328,0.1964206099510193,0.15858955681324005,0.34090879559516907,0.3040810525417328,0.1964206099510193,0.15858955681324005,0.34090879559516907,0.0,0.0,0.0,0.0
8,4659,24603,Creative Work,Creative Work,False,291.0,high_degree,True,True,both_correct,0,0,24603,24603,0.24993844330310822,0.24143873155117035,0.2527911067008972,0.2558317184448242,0.1556367427110672,0.2505642771720886,0.18369537591934204,0.41010361909866333,-0.09430170059204102,0.009125545620918274,-0.06909573078155518,0.1542719006538391
9,12470,15112,Entity,Entity,False,10.0,low_degree,False,False,both_wrong,31,20,22215,22215,0.29686304926872253,0.2142971307039261,0.18420152366161346,0.3046382665634155,0.2968630790710449,0.21429714560508728,0.18420153856277466,0.3046382665634155,2.9802322387695312e-08,1.4901161193847656e-08,1.4901161193847656e-08,0.0
10,12592,19009,Person,Person,False,32.0,low_degree,True,True,both_correct,0,0,19009,19009,0.2745121121406555,0.2849613428115845,0.17091506719589233,0.2696114182472229,0.2004287987947464,0.3269174098968506,0.12478470057249069,0.34786900877952576,-0.07408331334590912,0.04195606708526611,-0.04613036662340164,0.07825759053230286
11,5195,25378,Creative Work,Creative Work,False,87.0,high_degree,True,True,both_correct,0,0,25378,25378,0.3232490122318268,0.1855413317680359,0.15841634571552277,0.332793265581131,0.19262656569480896,0.18426784873008728,0.110137440264225,0.5129681825637817,-0.13062244653701782,-0.0012734830379486084,-0.04827890545129776,0.18017491698265076
12,14313,22981,Place,Place,False,11.0,low_degree,True,True,both_correct,0,0,22981,22981,0.28175100684165955,0.2355138659477234,0.1960248053073883,0.28671035170555115,0.18387927114963531,0.20493078231811523,0.19188162684440613,0.41930830478668213,-0.09787173569202423,-0.030583083629608154,-0.004143178462982178,0.13259795308113098
13,514,17995,Person,Person,False,355.0,high_degree,True,True,both_correct,0,0,17995,17995,0.24689000844955444,0.25867989659309387,0.2499428689479828,0.2444871962070465,0.18498936295509338,0.30455490946769714,0.1874643862247467,0.32299134135246277,-0.06190064549446106,0.04587501287460327,-0.062478482723236084,0.07850414514541626
14,12543,16934,Entity,Entity,False,12.0,low_degree,False,False,both_wrong,14,8,24472,16616,0.301490843296051,0.20727422833442688,0.18321295082569122,0.3080219328403473,0.301490843296051,0.20727425813674927,0.1832129806280136,0.3080219328403473,0.0,2.9802322387695312e-08,2.9802322387695312e-08,0.0
15,2996,26572,Person,Person,False,105.0,high_degree,True,True,both_correct,0,0,26572,26572,0.2624378800392151,0.272381067276001,0.1481897234916687,0.31699129939079285,0.18745659291744232,0.30570188164711,0.10585236549377441,0.4009891450405121,-0.07498128712177277,0.03332081437110901,-0.04233735799789429,0.08399784564971924
16,3333,16797,Person,Person,False,57.0,mid_degree,True,True,both_correct,0,0,16797,16797,0.2691158354282379,0.3008076250553131,0.15235675871372223,0.27771973609924316,0.1942739635705948,0.3412056267261505,0.10998198390007019,0.3545384407043457,-0.07484187185764313,0.0403980016708374,-0.04237477481365204,0.07681870460510254
17,11910,24959,Person,Person,False,77.0,high_degree,True,True,both_correct,0,0,24959,24959,0.26630744338035583,0.2970905601978302,0.15515531599521637,0.2814466655254364,0.1921030580997467,0.33673709630966187,0.11192275583744049,0.35923710465431213,-0.07420438528060913,0.039646536111831665,-0.04323256015777588,0.07779043912887573
18,13983,18739,Place,Place,False,10.0,low_degree,True,True,both_correct,0,0,18739,18739,0.2873762547969818,0.2342304289340973,0.1784576028585434,0.2999357581138611,0.1866789609193802,0.20286695659160614,0.17387385666370392,0.4365801513195038,-0.10069729387760162,-0.03136347234249115,-0.0045837461948394775,0.1366443932056427
19,14269,26517,Person,Person,False,15.0,low_degree,True,True,both_correct,0,0,26517,26517,0.2781147062778473,0.2821213901042938,0.15768317878246307,0.2820807695388794,0.2018403559923172,0.3217155337333679,0.11443520337343216,0.3620088994503021,-0.07627435028553009,0.0395941436290741,-0.043247975409030914,0.07992812991142273
20,9830,16614,Entity,Entity,False,2.0,low_degree,False,False,both_wrong,1,2,19753,27502,0.29102998971939087,0.20300745964050293,0.17333218455314636,0.33263030648231506,0.29103001952171326,0.20300745964050293,0.17333219945430756,0.33263030648231506,2.9802322387695312e-08,0.0,1.4901161193847656e-08,0.0
21,5519,22356,Creative Work,Creative Work,False,89.0,high_degree,True,True,both_correct,0,0,22356,22356,0.317025363445282,0.19375678896903992,0.1639140248298645,0.3253038227558136,0.18950222432613373,0.19302217662334442,0.11434919387102127,0.5031263828277588,-0.12752313911914825,-0.0007346123456954956,-0.04956483095884323,0.1778225600719452
22,4089,19685,Person,Person,False,195.0,high_degree,True,True,both_correct,0,0,19685,19685,0.2745911478996277,0.30268681049346924,0.1479363590478897,0.27478569746017456,0.198348268866539,0.34354639053344727,0.10686016827821732,0.35124513506889343,-0.07624287903308868,0.04085958003997803,-0.041076190769672394,0.07645943760871887
23,14532,21297,Place,Place,False,16.0,low_degree,True,True,both_correct,0,0,21297,21297,0.2823229432106018,0.25249630212783813,0.17349779605865479,0.2916828989982605,0.18417082726955414,0.2196105718612671,0.16975493729114532,0.42646363377571106,-0.09815211594104767,-0.032885730266571045,-0.0037428587675094604,0.13478073477745056
24,7988,21537,Person,Person,False,203.0,high_degree,True,True,both_correct,0,0,21537,21537,0.27340540289878845,0.2934466004371643,0.14648295938968658,0.28666502237319946,0.19692982733249664,0.3321114778518677,0.10550478845834732,0.36545395851135254,-0.07647557556629181,0.03866487741470337,-0.040978170931339264,0.07878893613815308
25,1617,27513,Creative Work,Creative Work,False,175.0,high_degree,True,True,both_correct,0,0,27513,27513,0.320399671792984,0.19258779287338257,0.148206427693367,0.3388060927391052,0.18940234184265137,0.1897365301847458,0.1022450178861618,0.5186160802841187,-0.13099732995033264,-0.00285126268863678,-0.0459614098072052,0.17980998754501343
26,2378,19403,Place,Place,False,22.0,low_degree,True,True,both_correct,0,0,19403,19403,0.28251102566719055,0.24571357667446136,0.19028888642787933,0.28148651123046875,0.185098335146904,0.2146446257829666,0.18699714541435242,0.413259893655777,-0.09741269052028656,-0.03106895089149475,-0.0032917410135269165,0.13177338242530823
27,3875,24757,Organization,Organization,False,12.0,low_degree,False,False,both_wrong,11,45,23327,26891,0.30956822633743286,0.21004962921142578,0.17089545726776123,0.3094867169857025,0.2311907559633255,0.1792595237493515,0.14586010575294495,0.44368961453437805,-0.07837747037410736,-0.03079010546207428,-0.025035351514816284,0.13420289754867554
28,6725,22779,Person,Person,False,85.0,high_degree,True,True,both_correct,0,0,22779,22779,0.27206915616989136,0.29334238171577454,0.1558944135904312,0.2786940634250641,0.19693119823932648,0.3336276113986969,0.11284142732620239,0.35659974813461304,-0.07513795793056488,0.04028522968292236,-0.04305298626422882,0.07790568470954895
29,6019,26111,Organization,Organization,False,12.0,low_degree,True,True,both_correct,0,0,26111,26111,0.29606837034225464,0.22723129391670227,0.1649726778268814,0.31172773241996765,0.22052069008350372,0.19340690970420837,0.14043064415454865,0.44564181566238403,-0.07554768025875092,-0.033824384212493896,-0.024542033672332764,0.13391408324241638
30,9677,23188,Organization,Organization,False,32.0,low_degree,False,True,rescued,5,0,23722,23188,0.2916789650917053,0.2338775098323822,0.1813209354877472,0.2931225895881653,0.21953995525836945,0.20116105675697327,0.15597283840179443,0.42332613468170166,-0.07213900983333588,-0.032716453075408936,-0.02534809708595276,0.13020354509353638
31,7979,24185,Creative Work,Creative Work,False,100.0,high_degree,True,True,both_correct,0,0,24185,24185,0.3174823224544525,0.19151753187179565,0.1527421474456787,0.33825796842575073,0.1878863275051117,0.1888916939496994,0.10549072921276093,0.517731249332428,-0.12959599494934082,-0.0026258379220962524,-0.047251418232917786,0.17947328090667725
32,14733,19111,Organization,Organization,False,6.0,low_degree,True,True,both_correct,0,0,19111,19111,0.2868545651435852,0.22914524376392365,0.17828352749347687,0.3057166337966919,0.21422246098518372,0.19555149972438812,0.15216229856014252,0.43806374073028564,-0.07263210415840149,-0.03359374403953552,-0.02612122893333435,0.13234710693359375
33,2739,17966,Person,Person,False,118.0,high_degree,True,True,both_correct,0,0,17966,17966,0.2731688916683197,0.2953384220600128,0.14745883643627167,0.2840338349342346,0.19693930447101593,0.33455970883369446,0.10630583763122559,0.3621951639652252,-0.07622958719730377,0.03922128677368164,-0.04115299880504608,0.0781613290309906
34,9319,23741,Person,Creative Work,True,61.0,mid_degree,True,True,both_correct,0,0,23741,23741,0.2822089195251465,0.2760367691516876,0.15073199570178986,0.29102233052253723,0.2042568027973175,0.3139230012893677,0.10909061133861542,0.372729629278183,-0.07795211672782898,0.037886232137680054,-0.04164138436317444,0.08170729875564575
35,8724,22547,Organization,Organization,False,42.0,mid_degree,True,True,both_correct,0,0,22547,22547,0.3139793872833252,0.1993224173784256,0.15633946657180786,0.33035874366760254,0.23171070218086243,0.16809162497520447,0.13185763359069824,0.46834003925323486,-0.08226868510246277,-0.03123079240322113,-0.02448183298110962,0.13798129558563232
36,14278,27256,Person,Person,False,31.0,low_degree,True,True,both_correct,0,0,27256,27256,0.2720777094364166,0.28453582525253296,0.15583157539367676,0.28755488991737366,0.1966746300458908,0.3231797516345978,0.11263753473758698,0.3675079941749573,-0.07540307939052582,0.03864392638206482,-0.04319404065608978,0.07995310425758362
37,7009,17190,Person,Person,False,50.0,mid_degree,True,True,both_correct,0,0,17190,17190,0.2722400426864624,0.29891422390937805,0.15236346423625946,0.2764822840690613,0.196829691529274,0.33957573771476746,0.1101575717329979,0.35343706607818604,-0.07541035115718842,0.040661513805389404,-0.042205892503261566,0.07695478200912476
38,11818,25409,Place,Place,False,16.0,low_degree,True,False,harmed,0,2,25409,19626,0.2874671220779419,0.24206994473934174,0.17397800087928772,0.29648497700691223,0.18718519806861877,0.21015861630439758,0.16991493105888367,0.43274134397506714,-0.10028192400932312,-0.03191132843494415,-0.004063069820404053,0.1362563669681549
39,6604,15795,Person,Person,False,124.0,high_degree,True,True,both_correct,0,0,15795,15795,0.2696513831615448,0.30519744753837585,0.1471147984266281,0.27803635597229004,0.1942538619041443,0.3454618752002716,0.10597892850637436,0.35430532693862915,-0.07539752125740051,0.04026442766189575,-0.041135869920253754,0.07626897096633911
40,2302,20190,Place,Place,False,25.0,low_degree,True,True,both_correct,0,0,20190,20190,0.29049667716026306,0.2539350390434265,0.16356295347213745,0.2920053005218506,0.1899995356798172,0.22144028544425964,0.1604539304971695,0.42810630798339844,-0.10049714148044586,-0.03249475359916687,-0.0031090229749679565,0.13610100746154785
41,350,15496,Person,Creative Work,True,75.0,high_degree,True,True,both_correct,0,0,15496,15496,0.281073659658432,0.2777465283870697,0.1514236330986023,0.2897562086582184,0.203406423330307,0.31582289934158325,0.10958194732666016,0.37118878960609436,-0.077667236328125,0.03807637095451355,-0.04184168577194214,0.08143258094787598
42,9755,16633,Entity,Entity,False,28.0,low_degree,True,True,both_correct,0,0,16633,16633,0.30454519391059875,0.2153462916612625,0.16192707419395447,0.3181813955307007,0.30454519391059875,0.2153462916612625,0.16192707419395447,0.3181813955307007,0.0,0.0,0.0,0.0
43,5044,20718,Person,Person,False,37.0,mid_degree,True,True,both_correct,0,0,20718,20718,0.2813534736633301,0.2744923233985901,0.16512379050254822,0.2790304124355316,0.2051919549703598,0.3145504295825958,0.12041763216257095,0.35983991622924805,-0.07616151869297028,0.04005810618400574,-0.044706158339977264,0.08080950379371643
44,4300,18941,Person,Person,False,270.0,high_degree,True,True,both_correct,0,0,18941,18941,0.246403306722641,0.25535446405410767,0.25002843141555786,0.24821384251117706,0.1840467005968094,0.29969123005867004,0.18677034974098206,0.32949167490005493,-0.062356606125831604,0.04433676600456238,-0.0632580816745758,0.08127783238887787
45,5882,23366,Person,Person,False,57.0,mid_degree,True,True,both_correct,0,0,23366,23366,0.2720717787742615,0.30198314785957336,0.15138296782970428,0.27456212043762207,0.1966550499200821,0.342970073223114,0.10942000895738602,0.3509548604488373,-0.07541672885417938,0.04098692536354065,-0.04196295887231827,0.07639274001121521
46,7132,20130,Creative Work,Creative Work,False,117.0,high_degree,True,True,both_correct,0,0,20130,20130,0.32355621457099915,0.19288131594657898,0.152530238032341,0.3310322165489197,0.1925700157880783,0.19131918251514435,0.1059483140707016,0.5101624727249146,-0.13098619878292084,-0.0015621334314346313,-0.046581923961639404,0.17913025617599487
47,772,24398,Creative Work,Creative Work,False,76.0,high_degree,True,True,both_correct,0,0,24398,24398,0.3200926184654236,0.1926780492067337,0.15210576355457306,0.33512359857559204,0.18985703587532043,0.19046375155448914,0.10527968406677246,0.5143995881080627,-0.13023558259010315,-0.002214297652244568,-0.0468260794878006,0.1792759895324707
48,9599,25264,Person,Person,False,45.0,mid_degree,True,True,both_correct,0,0,25264,25264,0.2758224308490753,0.2906065583229065,0.15609654784202576,0.2774744927883148,0.19999723136425018,0.33109450340270996,0.11318720877170563,0.35572105646133423,-0.07582519948482513,0.04048794507980347,-0.04290933907032013,0.07824656367301941
49,5530,21566,Person,Person,False,85.0,high_degree,True,True,both_correct,0,0,21566,21566,0.2750195562839508,0.2820606827735901,0.16597320139408112,0.2769465744495392,0.20009076595306396,0.32244518399238586,0.12076763808727264,0.3566964268684387,-0.07492879033088684,0.040384501218795776,-0.04520556330680847,0.07974985241889954
50,10499,16234,Entity,Entity,False,174.0,high_degree,False,False,both_wrong,2,3,23070,23070,0.32357779145240784,0.19710783660411835,0.14274148643016815,0.33657294511795044,0.32357779145240784,0.19710782170295715,0.14274147152900696,0.33657291531562805,0.0,-1.4901161193847656e-08,-1.4901161193847656e-08,-2.9802322387695312e-08
51,13953,23573,Organization,Organization,False,25.0,low_degree,True,True,both_correct,0,0,23573,23573,0.3064652979373932,0.20582082867622375,0.1639905422925949,0.32372331619262695,0.22699196636676788,0.1742067188024521,0.13881610333919525,0.45998522639274597,-0.0794733315706253,-0.03161410987377167,-0.025174438953399658,0.13626191020011902
52,262,19828,Entity,Entity,False,220.0,high_degree,True,True,both_correct,0,0,19828,19828,0.33126717805862427,0.195068821310997,0.14254280924797058,0.33112117648124695,0.33126717805862427,0.195068821310997,0.1425427943468094,0.33112117648124695,0.0,0.0,-1.4901161193847656e-08,0.0
53,6242,20352,Person,Person,False,193.0,high_degree,True,True,both_correct,0,0,20352,20352,0.27705082297325134,0.28682997822761536,0.15393640100955963,0.28218281269073486,0.20056656002998352,0.3262673318386078,0.11144662648439407,0.3617194592952728,-0.07648426294326782,0.03943735361099243,-0.04248977452516556,0.07953664660453796
54,5170,26349,Creative Work,Creative Work,False,89.0,high_degree,True,True,both_correct,0,0,26349,26349,0.33531454205513,0.19081993401050568,0.14825965464115143,0.32560595870018005,0.20096077024936676,0.1905955672264099,0.10368753969669342,0.5047560930252075,-0.13435377180576324,-0.00022436678409576416,-0.04457211494445801,0.17915013432502747
55,2802,17739,Person,Person,False,76.0,high_degree,True,True,both_correct,0,0,17739,17739,0.25699344277381897,0.2588390111923218,0.22465410828590393,0.2595134675502777,0.19080471992492676,0.30196166038513184,0.16679106652736664,0.34044259786605835,-0.06618872284889221,0.04312264919281006,-0.05786304175853729,0.08092913031578064
56,13789,24073,Entity,Organization,True,6.0,low_degree,False,False,both_wrong,118,417,25976,25976,0.2915518283843994,0.2216366082429886,0.16918158531188965,0.31762999296188354,0.2915518283843994,0.2216365933418274,0.16918158531188965,0.31762999296188354,0.0,-1.4901161193847656e-08,0.0,0.0
57,889,20937,Creative Work,Creative Work,False,150.0,high_degree,True,True,both_correct,0,0,20937,20937,0.331787109375,0.18690051138401031,0.15062183141708374,0.33069050312042236,0.19811850786209106,0.18599702417850494,0.10495650768280029,0.5109279751777649,-0.13366860151290894,-0.0009034872055053711,-0.04566532373428345,0.18023747205734253
58,7474,16003,Entity,Entity,False,12.0,low_degree,True,True,both_correct,0,0,16003,16003,0.30874133110046387,0.2061946541070938,0.15395525097846985,0.3311087489128113,0.30874133110046387,0.20619463920593262,0.15395525097846985,0.3311087489128113,0.0,-1.4901161193847656e-08,0.0,0.0
59,8120,21084,Person,Person,False,46.0,mid_degree,True,True,both_correct,0,0,21084,21084,0.28256845474243164,0.2827555537223816,0.15658074617385864,0.27809521555900574,0.20549723505973816,0.3231063485145569,0.11387170851230621,0.35752472281455994,-0.07707121968269348,0.04035079479217529,-0.04270903766155243,0.0794295072555542
60,8933,23214,Organization,Organization,False,80.0,high_degree,True,True,both_correct,0,0,23214,23214,0.3068629503250122,0.19563236832618713,0.15113581717014313,0.3463688790798187,0.22416935861110687,0.16331127285957336,0.12617982923984528,0.4863395392894745,-0.08269359171390533,-0.03232109546661377,-0.02495598793029785,0.13997066020965576
61,8254,19663,Person,Person,False,31.0,low_degree,True,True,both_correct,0,0,19663,19663,0.27991342544555664,0.2805890440940857,0.1535540223121643,0.28594347834587097,0.20287247002124786,0.3195379674434662,0.11128821223974228,0.36630135774612427,-0.07704095542430878,0.03894892334938049,-0.04226581007242203,0.0803578794002533
62,9379,20423,Person,Person,False,97.0,high_degree,True,True,both_correct,0,0,20423,20423,0.2772243320941925,0.28594887256622314,0.1601305603981018,0.27669620513916016,0.2013840526342392,0.3263866603374481,0.11632971465587616,0.3558995723724365,-0.07584027945995331,0.040437787771224976,-0.04380084574222565,0.07920336723327637
63,3638,27145,Organization,Organization,False,47.0,mid_degree,True,True,both_correct,0,0,27145,27145,0.3186183571815491,0.20607462525367737,0.1665588915348053,0.3087480962276459,0.23836462199687958,0.17617447674274445,0.14240671694278717,0.4430541396141052,-0.0802537351846695,-0.029900148510932922,-0.024152174592018127,0.13430604338645935
64,6333,26741,Person,Person,False,9.0,low_degree,True,True,both_correct,0,0,26741,26741,0.18837867677211761,0.18757623434066772,0.4351775646209717,0.1888674646615982,0.15045754611492157,0.2354038804769516,0.3475537896156311,0.26658472418785095,-0.037921130657196045,0.047827646136283875,-0.08762377500534058,0.07771725952625275
65,12014,24819,Person,Person,False,58.0,mid_degree,True,True,both_correct,0,0,24819,24819,0.2739170491695404,0.2948068380355835,0.160122811794281,0.2711532711982727,0.19898323714733124,0.33650150895118713,0.11631470173597336,0.3482005298137665,-0.07493381202220917,0.04169467091560364,-0.04380811005830765,0.07704725861549377
66,3467,17860,Person,Person,False,111.0,high_degree,True,True,both_correct,0,0,17860,17860,0.2798587679862976,0.297734797000885,0.14655780792236328,0.2758486568927765,0.20243306457996368,0.3383949398994446,0.10602229088544846,0.35314977169036865,-0.07742570340633392,0.04066014289855957,-0.040535517036914825,0.07730111479759216
67,1045,22913,Organization,Organization,False,64.0,mid_degree,True,True,both_correct,0,0,22913,22913,0.30598941445350647,0.1962563693523407,0.15648873150348663,0.3412654995918274,0.22415755689144135,0.16429147124290466,0.13101494312286377,0.48053592443466187,-0.08183185756206512,-0.031964898109436035,-0.025473788380622864,0.13927042484283447
68,6083,25687,Creative Work,Creative Work,False,56.0,mid_degree,True,True,both_correct,0,0,25687,25687,0.3205409646034241,0.18416042625904083,0.16096799075603485,0.33433061838150024,0.19083255529403687,0.18272362649440765,0.11182684451341629,0.5146169662475586,-0.1297084093093872,-0.0014367997646331787,-0.04914114624261856,0.18028634786605835
69,4451,26051,Creative Work,Creative Work,False,19.0,low_degree,False,False,both_wrong,7,86,25915,22953,0.2700313329696655,0.2505500912666321,0.18188512325286865,0.29753345251083374,0.16200804710388184,0.25052374601364136,0.12731830775737762,0.460149884223938,-0.10802328586578369,-2.6345252990722656e-05,-0.05456681549549103,0.16261643171310425
70,6358,25797,Creative Work,Creative Work,False,84.0,high_degree,True,True,both_correct,0,0,25797,25797,0.3323517143726349,0.1877010464668274,0.15258270502090454,0.32736456394195557,0.19896386563777924,0.18727177381515503,0.10659386962652206,0.5071704983711243,-0.13338784873485565,-0.0004292726516723633,-0.04598883539438248,0.1798059344291687
71,13992,17895,Entity,Entity,False,18.0,low_degree,False,True,rescued,2,0,22602,17895,0.300699383020401,0.20639725029468536,0.1772407442331314,0.3156626522541046,0.300699383020401,0.20639723539352417,0.1772407442331314,0.3156626522541046,0.0,-1.4901161193847656e-08,0.0,0.0
72,10384,15314,Organization,Organization,False,10.0,low_degree,True,True,both_correct,0,0,15314,15314,0.2785707116127014,0.2536170184612274,0.18170450627803802,0.28610774874687195,0.21026261150836945,0.21875232458114624,0.15674178302288055,0.41424334049224854,-0.06830810010433197,-0.03486469388008118,-0.02496272325515747,0.1281355917453766
73,10694,20766,Place,Place,False,26.0,low_degree,False,False,both_wrong,1,1,20765,20765,0.29194486141204834,0.2514413893222809,0.16759444773197174,0.289019376039505,0.19129757583141327,0.21966883540153503,0.1647108942270279,0.4243227243423462,-0.10064728558063507,-0.03177255392074585,-0.0028835535049438477,0.1353033483028412
74,13216,19228,Person,Person,False,24.0,low_degree,True,True,both_correct,0,0,19228,19228,0.26945218443870544,0.2827683687210083,0.16291543841362,0.28486400842666626,0.19518892467021942,0.32185208797454834,0.11800842732191086,0.364950567483902,-0.07426325976848602,0.03908371925354004,-0.04490701109170914,0.08008655905723572
75,928,24444,Creative Work,Creative Work,False,129.0,high_degree,True,True,both_correct,0,0,24444,24444,0.33052295446395874,0.1868792623281479,0.15307652950286865,0.3295212984085083,0.19751964509487152,0.18612247705459595,0.10675535351037979,0.5096025466918945,-0.13300330936908722,-0.0007567852735519409,-0.04632117599248886,0.18008124828338623
76,1838,20784,Person,Person,False,132.0,high_degree,True,True,both_correct,0,0,20784,20784,0.2760634422302246,0.29291120171546936,0.14838163554668427,0.28264373540878296,0.1993304044008255,0.3323163092136383,0.10713914036750793,0.36121416091918945,-0.07673303782939911,0.039405107498168945,-0.04124249517917633,0.0785704255104065
77,2642,22618,Entity,Person,True,98.0,high_degree,False,False,both_wrong,7,13,25367,25367,0.31958824396133423,0.20744815468788147,0.1486188769340515,0.324344664812088,0.3195882737636566,0.20744815468788147,0.1486188769340515,0.324344664812088,2.9802322387695312e-08,0.0,0.0,0.0
78,10555,15517,Person,Person,False,65.0,mid_degree,True,True,both_correct,0,0,15517,15517,0.27490517497062683,0.2884962856769562,0.1596078872680664,0.2769906222820282,0.19949999451637268,0.32896512746810913,0.11582095921039581,0.35571393370628357,-0.07540518045425415,0.040468841791152954,-0.04378692805767059,0.07872331142425537
79,122,24960,Person,Person,False,76.0,high_degree,True,True,both_correct,0,0,24960,24960,0.2792690694332123,0.29042598605155945,0.15108805894851685,0.2792168855667114,0.202241450548172,0.3304714858531952,0.10941223055124283,0.3578748106956482,-0.07702761888504028,0.04004549980163574,-0.04167582839727402,0.07865792512893677
80,7899,26098,Person,Person,False,61.0,mid_degree,True,True,both_correct,0,0,26098,26098,0.26428458094596863,0.2762298882007599,0.19138075411319733,0.26810476183891296,0.19382095336914062,0.3183121383190155,0.14035071432590485,0.3475162386894226,-0.070463627576828,0.042082250118255615,-0.05103003978729248,0.07941147685050964
81,7668,27538,Creative Work,Creative Work,False,66.0,mid_degree,True,True,both_correct,0,0,27538,27538,0.326768696308136,0.18889720737934113,0.15574760735034943,0.32858654856681824,0.1953951120376587,0.18824690580368042,0.10866779088973999,0.5076901316642761,-0.1313735842704773,-0.0006503015756607056,-0.047079816460609436,0.17910358309745789
82,12564,16522,Place,Place,False,9.0,low_degree,True,False,harmed,0,2,16522,17084,0.2922029495239258,0.24601903557777405,0.1692197471857071,0.2925582826137543,0.19104252755641937,0.21445593237876892,0.16594001650810242,0.4285615086555481,-0.10116042196750641,-0.03156310319900513,-0.0032797306776046753,0.13600322604179382
83,11495,19973,Organization,Organization,False,32.0,low_degree,True,True,both_correct,0,0,19973,19973,0.30171334743499756,0.22549542784690857,0.16031986474990845,0.31247130036354065,0.22478243708610535,0.19197861850261688,0.13650470972061157,0.446734219789505,-0.07693091034889221,-0.03351680934429169,-0.023815155029296875,0.13426291942596436
84,5608,21950,Person,Person,False,99.0,high_degree,True,True,both_correct,0,0,21950,21950,0.2710014879703522,0.3027358055114746,0.15079821646213531,0.2754644751548767,0.19572889804840088,0.3435575067996979,0.10891368985176086,0.3517999053001404,-0.0752725899219513,0.04082170128822327,-0.04188452661037445,0.07633543014526367
85,3943,18578,Person,Person,False,104.0,high_degree,True,True,both_correct,0,0,18578,18578,0.2831359803676605,0.29038944840431213,0.1484220176935196,0.27805250883102417,0.20522147417068481,0.330719918012619,0.1076013520359993,0.35645729303359985,-0.07791450619697571,0.040330469608306885,-0.040820665657520294,0.07840478420257568
86,12706,17922,Entity,Entity,False,30.0,low_degree,True,True,both_correct,0,0,17922,17922,0.27201035618782043,0.2068643867969513,0.2494012415409088,0.27172407507896423,0.27201032638549805,0.2068643718957901,0.24940121173858643,0.27172404527664185,-2.9802322387695312e-08,-1.4901161193847656e-08,-2.9802322387695312e-08,-2.9802322387695312e-08
87,466,20859,Place,Place,False,29.0,low_degree,True,True,both_correct,0,0,20859,20859,0.273066908121109,0.23961399495601654,0.2095441222190857,0.27777495980262756,0.1785452514886856,0.20888900756835938,0.20549838244915009,0.40706735849380493,-0.0945216566324234,-0.030724987387657166,-0.004045739769935608,0.12929239869117737
88,11101,22430,Organization,Organization,False,47.0,mid_degree,False,False,both_wrong,34,182,24415,24415,0.31737253069877625,0.21336324512958527,0.15955905616283417,0.3097051978111267,0.23722556233406067,0.18224629759788513,0.13630299270153046,0.4442251920700073,-0.08014696836471558,-0.031116947531700134,-0.02325606346130371,0.13451999425888062
89,12871,20323,Place,Place,False,16.0,low_degree,True,True,both_correct,0,0,20323,20323,0.29291167855262756,0.24338947236537933,0.1693727970123291,0.2943260669708252,0.19133669137954712,0.21197615563869476,0.16594302654266357,0.43074411153793335,-0.10157498717308044,-0.03141331672668457,-0.0034297704696655273,0.13641804456710815
90,6028,16967,Place,Place,False,25.0,low_degree,True,True,both_correct,0,0,16967,16967,0.284891277551651,0.24286170303821564,0.18235501646995544,0.2898920178413391,0.18590901792049408,0.21130159497261047,0.1784808486700058,0.42430853843688965,-0.09898225963115692,-0.031560108065605164,-0.003874167799949646,0.13441652059555054
91,12466,21754,Person,Person,False,40.0,mid_degree,True,False,harmed,0,1,21754,24447,0.27963268756866455,0.2869624197483063,0.155859112739563,0.2775458097457886,0.203072652220726,0.32744690775871277,0.11318797618150711,0.3562924563884735,-0.07656003534793854,0.040484488010406494,-0.04267113655805588,0.07874664664268494
92,279,15102,Entity,Entity,False,95.0,high_degree,True,True,both_correct,0,0,15102,15102,0.2681983411312103,0.20687244832515717,0.2513427138328552,0.2735864818096161,0.2681983411312103,0.20687244832515717,0.25134268403053284,0.2735864818096161,0.0,0.0,-2.9802322387695312e-08,0.0
93,9273,21783,Person,Person,False,91.0,high_degree,True,True,both_correct,0,0,21783,21783,0.2802625298500061,0.2878934442996979,0.1481584757566452,0.2836856245994568,0.20271079242229462,0.32718685269355774,0.1071603000164032,0.36294206976890564,-0.07755173742771149,0.03929340839385986,-0.040998175740242004,0.07925644516944885
94,5413,17008,Person,Person,False,69.0,mid_degree,True,True,both_correct,0,0,17008,17008,0.27843672037124634,0.2944529950618744,0.14836002886295319,0.2787502706050873,0.20139054954051971,0.3346415162086487,0.10730861872434616,0.3566593527793884,-0.07704617083072662,0.04018852114677429,-0.041051410138607025,0.07790908217430115
95,11037,16039,Place,Place,False,14.0,low_degree,True,True,both_correct,0,0,16039,16039,0.2764032483100891,0.2431456297636032,0.18075348436832428,0.2996976375579834,0.17909298837184906,0.2100512832403183,0.17566144466400146,0.43519431352615356,-0.09731025993824005,-0.03309434652328491,-0.005092039704322815,0.13549667596817017
96,8975,21580,Person,Person,False,62.0,mid_degree,True,True,both_correct,0,0,21580,21580,0.27793848514556885,0.29625827074050903,0.14933456480503082,0.2764686644077301,0.20115549862384796,0.33690309524536133,0.10808548331260681,0.3538559079170227,-0.07678298652172089,0.040644824504852295,-0.04124908149242401,0.0773872435092926
97,13805,25220,Organization,Organization,False,33.0,low_degree,True,True,both_correct,0,0,25220,25220,0.30373191833496094,0.23394952714443207,0.16216513514518738,0.3001534342765808,0.22789812088012695,0.20059426128864288,0.1390591412782669,0.4324483871459961,-0.07583379745483398,-0.033355265855789185,-0.02310599386692047,0.13229495286941528
98,9876,16066,Place,Place,False,17.0,low_degree,True,True,both_correct,0,0,16066,16066,0.29373663663864136,0.23442067205905914,0.18087773025035858,0.29096493124961853,0.19193826615810394,0.20423130691051483,0.17727252840995789,0.4265579283237457,-0.10179837048053741,-0.03018936514854431,-0.003605201840400696,0.1355929970741272
99,1212,17335,Entity,Entity,False,194.0,high_degree,True,True,both_correct,0,0,17335,17335,0.2920476198196411,0.19624531269073486,0.1427549570798874,0.3689521253108978,0.2920476198196411,0.19624531269073486,0.1427549570798874,0.36895209550857544,0.0,0.0,0.0,-2.9802322387695312e-08
100,1668,19015,Person,Person,False,30.0,low_degree,True,True,both_correct,0,0,19015,19015,0.2744475305080414,0.2836219370365143,0.1688249558210373,0.27310559153556824,0.20007342100143433,0.32487952709198,0.12307406216859818,0.3519729673862457,-0.07437410950660706,0.0412575900554657,-0.04575089365243912,0.07886737585067749
101,2079,20934,Creative Work,Creative Work,False,122.0,high_degree,True,True,both_correct,0,0,20934,20934,0.33110830187797546,0.19175179302692413,0.1490493267774582,0.3280906081199646,0.1977919638156891,0.19090044498443604,0.10390514135360718,0.5074024200439453,-0.13331633806228638,-0.0008513480424880981,-0.04514418542385101,0.1793118119239807
102,5079,21737,Person,Person,False,30.0,low_degree,True,True,both_correct,0,0,21737,21737,0.2745453715324402,0.2914659380912781,0.16382935643196106,0.2701593041419983,0.19979894161224365,0.3332875967025757,0.11922570317983627,0.3476877808570862,-0.07474642992019653,0.04182165861129761,-0.044603653252124786,0.07752847671508789
103,2510,25198,Person,Person,False,69.0,mid_degree,True,True,both_correct,0,0,25198,25198,0.2735222280025482,0.2944088578224182,0.15414679050445557,0.277922123670578,0.19793996214866638,0.33476772904396057,0.11155231297016144,0.3557399809360504,-0.07558226585388184,0.04035887122154236,-0.04259447753429413,0.07781785726547241
104,4207,20385,Organization,Organization,False,76.0,high_degree,False,True,rescued,1,0,18334,20385,0.3118962049484253,0.23007941246032715,0.1475202590227127,0.3105041980743408,0.23277397453784943,0.19622181355953217,0.12582549452781677,0.4451786279678345,-0.07912223041057587,-0.03385759890079498,-0.021694764494895935,0.13467442989349365
105,733,17056,Organization,Organization,False,118.0,high_degree,True,True,both_correct,0,0,17056,17056,0.2604376971721649,0.20966896414756775,0.2760888934135437,0.253804475069046,0.19986310601234436,0.18387097120285034,0.24219664931297302,0.3740691840648651,-0.06057459115982056,-0.025797992944717407,-0.03389224410057068,0.12026470899581909
106,6739,15476,Place,Place,False,33.0,low_degree,True,False,harmed,0,2,15476,24411,0.29797282814979553,0.25625425577163696,0.15297801792621613,0.29279494285583496,0.19529107213020325,0.22392389178276062,0.1503801792860031,0.4304048717021942,-0.10268175601959229,-0.03233036398887634,-0.0025978386402130127,0.13760992884635925
107,7452,15132,Place,Place,False,41.0,mid_degree,False,False,both_wrong,2,2,15423,15423,0.2743149995803833,0.23718421161174774,0.21393941342830658,0.27456140518188477,0.1797236055135727,0.2071886658668518,0.2102329581975937,0.4028547704219818,-0.09459139406681061,-0.029995545744895935,-0.0037064552307128906,0.12829336524009705
108,9234,23313,Creative Work,Creative Work,False,100.0,high_degree,False,True,rescued,1,0,21781,23313,0.32107505202293396,0.19299176335334778,0.15309369564056396,0.3328394591808319,0.1908097267150879,0.19114409387111664,0.10617949068546295,0.5118667483329773,-0.13026532530784607,-0.0018476694822311401,-0.04691420495510101,0.17902728915214539
109,12817,23148,Entity,Entity,False,33.0,low_degree,False,False,both_wrong,16,11,22765,22765,0.270084023475647,0.20736238360404968,0.2510225176811218,0.2715310752391815,0.270084023475647,0.20736239850521088,0.2510225474834442,0.2715310752391815,0.0,1.4901161193847656e-08,2.9802322387695312e-08,0.0
110,4355,22243,Person,Person,False,111.0,high_degree,True,True,both_correct,0,0,22243,22243,0.2753872871398926,0.2941529154777527,0.14705736935138702,0.2834024131298065,0.19866769015789032,0.3334321677684784,0.10609226673841476,0.36180779337882996,-0.07671959698200226,0.03927925229072571,-0.04096510261297226,0.07840538024902344
111,13020,19281,Place,Place,False,10.0,low_degree,True,True,both_correct,0,0,19281,19281,0.29911932349205017,0.24234098196029663,0.16620783507823944,0.2923318147659302,0.19592823088169098,0.2116423100233078,0.1632896363735199,0.4291398525238037,-0.10319109261035919,-0.03069867193698883,-0.0029181987047195435,0.13680803775787354
112,12112,23904,Organization,Organization,False,33.0,low_degree,True,True,both_correct,0,0,23904,23904,0.3071849048137665,0.2284170389175415,0.16116879880428314,0.30322927236557007,0.2302127629518509,0.19561615586280823,0.1380392163991928,0.4361318051815033,-0.07697214186191559,-0.032800883054733276,-0.023129582405090332,0.13290253281593323
113,2047,19932,Creative Work,Creative Work,False,80.0,high_degree,True,True,both_correct,0,0,19932,19932,0.3217696249485016,0.19223400950431824,0.16020004451274872,0.3257962763309479,0.1925259679555893,0.19169196486473083,0.11183694750070572,0.5039451718330383,-0.1292436569929123,-0.0005420446395874023,-0.048363097012043,0.17814889550209045
114,4584,15574,Person,Person,False,95.0,high_degree,True,True,both_correct,0,0,15574,15574,0.25784069299697876,0.2313976287841797,0.24938158690929413,0.26138007640838623,0.1934199333190918,0.2727472484111786,0.18706275522708893,0.3467700481414795,-0.06442075967788696,0.0413496196269989,-0.0623188316822052,0.08538997173309326
115,11727,23543,Organization,Organization,False,35.0,mid_degree,True,True,both_correct,0,0,23543,23543,0.3052174150943756,0.22152253985404968,0.16430407762527466,0.3089559078216553,0.22791236639022827,0.18902677297592163,0.14021643996238708,0.442844420671463,-0.07730504870414734,-0.03249576687812805,-0.024087637662887573,0.13388851284980774
116,3529,26017,Creative Work,Creative Work,False,58.0,mid_degree,True,True,both_correct,0,0,26017,26017,0.3246772885322571,0.187327042222023,0.1575085073709488,0.3304871916770935,0.19386516511440277,0.18641380965709686,0.10974594950675964,0.5099750757217407,-0.1308121234178543,-0.0009132325649261475,-0.04776255786418915,0.17948788404464722
117,869,25828,Event,Event,False,196.0,high_degree,False,False,both_wrong,216,144,17762,22581,0.31911101937294006,0.20436492562294006,0.14638428390026093,0.33013978600502014,0.3158684968948364,0.20227673649787903,0.14494962990283966,0.3369050920009613,-0.0032425224781036377,-0.002088189125061035,-0.0014346539974212646,0.006765305995941162
118,6343,26433,Creative Work,Creative Work,False,115.0,high_degree,True,True,both_correct,0,0,26433,26433,0.32778260111808777,0.18825986981391907,0.15028241276741028,0.33367520570755005,0.19506004452705383,0.18671101331710815,0.10435136407613754,0.5138775706291199,-0.13272255659103394,-0.001548856496810913,-0.045931048691272736,0.18020236492156982
119,4379,26387,Person,Person,False,38.0,mid_degree,True,True,both_correct,0,0,26387,26387,0.27848637104034424,0.29217737913131714,0.15147185325622559,0.2778644561767578,0.20173519849777222,0.33256492018699646,0.10972729325294495,0.3559725880622864,-0.07675117254257202,0.04038754105567932,-0.04174456000328064,0.07810813188552856
120,8865,26700,Person,Person,False,33.0,low_degree,True,True,both_correct,0,0,26700,26700,0.27659106254577637,0.2914577126502991,0.15489183366298676,0.2770593762397766,0.20056185126304626,0.3320768475532532,0.1123141497373581,0.35504716634750366,-0.0760292112827301,0.0406191349029541,-0.04257768392562866,0.07798779010772705
121,9680,20418,Person,Person,False,82.0,high_degree,True,True,both_correct,0,0,20418,20418,0.27141788601875305,0.2928062975406647,0.14979329705238342,0.28598248958587646,0.1956745684146881,0.331686794757843,0.10799136012792587,0.3646472692489624,-0.07574331760406494,0.038880497217178345,-0.04180193692445755,0.07866477966308594
122,5633,24919,Organization,Organization,False,28.0,low_degree,True,True,both_correct,0,0,24919,24919,0.3049967885017395,0.22979624569416046,0.1638096570968628,0.30139729380607605,0.2287605106830597,0.1969587504863739,0.1404162496328354,0.4338644742965698,-0.07623627781867981,-0.03283749520778656,-0.023393407464027405,0.13246718049049377
123,9114,20389,Place,Place,False,24.0,low_degree,False,False,both_wrong,9,2,20701,20701,0.29157358407974243,0.24330200254917145,0.16590140759944916,0.29922300577163696,0.18992626667022705,0.2113029807806015,0.16208437085151672,0.43668636679649353,-0.10164731740951538,-0.031999021768569946,-0.003817036747932434,0.13746336102485657
124,2243,21989,Creative Work,Creative Work,False,127.0,high_degree,True,True,both_correct,0,0,21989,21989,0.31877127289772034,0.18730896711349487,0.15720845758914948,0.3367113173007965,0.18911150097846985,0.1851939707994461,0.10883382707834244,0.5168606638908386,-0.1296597719192505,-0.002114996314048767,-0.04837463051080704,0.18014934659004211
125,2516,23187,Organization,Organization,False,22.0,low_degree,False,False,both_wrong,613,790,19268,25689,0.2585631012916565,0.21795818209648132,0.2577080726623535,0.2657706141471863,0.19697658717632294,0.18974322080612183,0.22439396381378174,0.3888861835002899,-0.06158651411533356,-0.028214961290359497,-0.03331410884857178,0.12311556935310364
126,13748,17819,Place,Place,False,6.0,low_degree,False,False,both_wrong,26,62,17320,17320,0.28359630703926086,0.22299271821975708,0.18177367746829987,0.3116373121738434,0.18275250494480133,0.19159168004989624,0.17569072544574738,0.44996508955955505,-0.10084380209445953,-0.03140103816986084,-0.00608295202255249,0.13832777738571167
127,4016,25376,Creative Work,Creative Work,False,87.0,high_degree,True,True,both_correct,0,0,25376,25376,0.32421043515205383,0.18839095532894135,0.15161094069480896,0.33578768372535706,0.1925506889820099,0.18646880984306335,0.10507476329803467,0.5159057378768921,-0.13165974617004395,-0.0019221454858779907,-0.04653617739677429,0.18011805415153503
128,12108,16449,Place,Place,False,7.0,low_degree,True,True,both_correct,0,0,16449,16449,0.2773783802986145,0.2437938153743744,0.1869955062866211,0.2918323278427124,0.18052221834659576,0.21154585480690002,0.18253429234027863,0.4253976345062256,-0.09685616195201874,-0.032247960567474365,-0.004461213946342468,0.13356530666351318
129,1222,16677,Place,Place,False,30.0,low_degree,True,True,both_correct,0,0,16677,16677,0.272752046585083,0.23106516897678375,0.21873939037322998,0.2774433493614197,0.17823061347007751,0.2013135850429535,0.2143859565258026,0.406069815158844,-0.0945214331150055,-0.02975158393383026,-0.004353433847427368,0.12862646579742432
130,13323,18902,Place,Place,False,30.0,low_degree,False,False,both_wrong,2,2,19342,19342,0.2846197187900543,0.2587258517742157,0.16816744208335876,0.28848695755004883,0.18620626628398895,0.22567982971668243,0.16501548886299133,0.4230984151363373,-0.09841345250606537,-0.033046022057533264,-0.0031519532203674316,0.13461145758628845
131,808,17170,Place,Place,False,28.0,low_degree,True,True,both_correct,0,0,17170,17170,0.28706616163253784,0.25384098291397095,0.16841432452201843,0.2906785011291504,0.1876157820224762,0.2211930900812149,0.16508959233760834,0.42610153555870056,-0.09945037961006165,-0.03264789283275604,-0.003324732184410095,0.13542303442955017
132,10748,21495,Organization,Organization,False,38.0,mid_degree,True,True,both_correct,0,0,21495,21495,0.29738911986351013,0.23678132891654968,0.1540319323539734,0.311797559261322,0.22153827548027039,0.20156630873680115,0.1311376988887787,0.44575774669647217,-0.07585084438323975,-0.035215020179748535,-0.022894233465194702,0.13396018743515015
133,4212,20889,Creative Work,Creative Work,False,84.0,high_degree,True,True,both_correct,0,0,20889,20889,0.31468629837036133,0.19276174902915955,0.1562999039888382,0.3362520635128021,0.18643635511398315,0.19032829999923706,0.10804421454668045,0.5151911377906799,-0.12824994325637817,-0.0024334490299224854,-0.048255689442157745,0.1789390742778778
134,2018,15878,Place,Place,False,474.0,high_degree,True,True,both_correct,0,0,15878,15878,0.26012957096099854,0.22883662581443787,0.24964989721775055,0.26138392090797424,0.17044350504875183,0.19991177320480347,0.24587354063987732,0.383771151304245,-0.0896860659122467,-0.0289248526096344,-0.00377635657787323,0.12238723039627075
135,12321,22829,Person,Person,False,28.0,low_degree,True,True,both_correct,0,0,22829,22829,0.2712640166282654,0.2966878414154053,0.1566580832004547,0.27539005875587463,0.19646818935871124,0.33763939142227173,0.11345977336168289,0.35243263840675354,-0.07479582726955414,0.040951550006866455,-0.04319830983877182,0.0770425796508789
136,356,22666,Organization,Organization,False,19.0,low_degree,True,True,both_correct,0,0,22666,22666,0.2717980444431305,0.25916117429733276,0.18865124881267548,0.28038954734802246,0.20564042031764984,0.22406749427318573,0.16312304139137268,0.40716907382011414,-0.06615762412548065,-0.035093680024147034,-0.025528207421302795,0.12677952647209167
137,11845,19641,Organization,Organization,False,69.0,mid_degree,True,True,both_correct,0,0,19641,19641,0.3049490451812744,0.22486689686775208,0.16696251928806305,0.30322152376174927,0.22841212153434753,0.19247010350227356,0.14292339980602264,0.43619439005851746,-0.07653692364692688,-0.032396793365478516,-0.024039119482040405,0.1329728662967682
138,3733,26750,Person,Person,False,61.0,mid_degree,True,True,both_correct,0,0,26750,26750,0.2788408398628235,0.2818654775619507,0.15651163458824158,0.28278204798698425,0.20233705639839172,0.32137611508369446,0.11357160657644272,0.36271530389785767,-0.07650378346443176,0.039510637521743774,-0.04294002801179886,0.07993325591087341
139,4549,25999,Place,Place,False,32.0,low_degree,True,True,both_correct,0,0,25999,25999,0.3048073649406433,0.22177065908908844,0.16707593202590942,0.30634605884552,0.19819197058677673,0.19225946068763733,0.16294053196907043,0.4466080069541931,-0.10661539435386658,-0.02951119840145111,-0.004135400056838989,0.1402619481086731
140,628,23970,Entity,Event,True,266.0,high_degree,False,False,both_wrong,630,378,24135,24135,0.32211247086524963,0.19735482335090637,0.14785493910312653,0.33267778158187866,0.32211244106292725,0.19735480844974518,0.14785495400428772,0.3326777517795563,-2.9802322387695312e-08,-1.4901161193847656e-08,1.4901161193847656e-08,-2.9802322387695312e-08
141,391,24821,Entity,Entity,False,1076.0,high_degree,False,False,both_wrong,2,2,20485,20485,0.26967811584472656,0.20734751224517822,0.24850986897945404,0.27446451783180237,0.2696780860424042,0.20734749734401703,0.24850989878177643,0.27446451783180237,-2.9802322387695312e-08,-1.4901161193847656e-08,2.9802322387695312e-08,0.0
142,3662,23556,Place,Place,False,99.0,high_degree,True,True,both_correct,0,0,23556,23556,0.30463916063308716,0.2372865378856659,0.15575583279132843,0.30231842398643494,0.19886165857315063,0.2065201997756958,0.15250034630298615,0.4421178102493286,-0.10577750205993652,-0.030766338109970093,-0.003255486488342285,0.13979938626289368
143,6394,25270,Creative Work,Creative Work,False,117.0,high_degree,True,True,both_correct,0,0,25270,25270,0.32963648438453674,0.19100487232208252,0.15237869322299957,0.32697993516921997,0.1972215622663498,0.19045543670654297,0.1063864603638649,0.5059366226196289,-0.13241492211818695,-0.0005494356155395508,-0.045992232859134674,0.17895668745040894
144,6258,21218,Creative Work,Creative Work,False,117.0,high_degree,True,True,both_correct,0,0,21218,21218,0.3239176571369171,0.1900581270456314,0.15103740990161896,0.3349868357181549,0.1924888640642166,0.18822914361953735,0.10472730547189713,0.5145547389984131,-0.1314287930727005,-0.0018289834260940552,-0.04631010442972183,0.17956790328025818
145,1124,16828,Entity,Entity,False,44.0,mid_degree,True,True,both_correct,0,0,16828,16828,0.3436901271343231,0.19577914476394653,0.14311794936656952,0.31741276383399963,0.3436901271343231,0.19577914476394653,0.14311794936656952,0.31741276383399963,0.0,0.0,0.0,0.0
146,6861,25517,Creative Work,Creative Work,False,231.0,high_degree,True,True,both_correct,0,0,25517,25517,0.3154044449329376,0.1895054578781128,0.15089352428913116,0.34419652819633484,0.1857195794582367,0.18596906960010529,0.1036846712231636,0.5246266722679138,-0.12968486547470093,-0.0035363882780075073,-0.04720885306596756,0.18043014407157898
147,383,26271,Creative Work,Creative Work,False,80.0,high_degree,True,True,both_correct,0,0,26271,26271,0.33284488320350647,0.18747185170650482,0.15337499976158142,0.3263082802295685,0.19953151047229767,0.1872992217540741,0.10728561133146286,0.5058836936950684,-0.1333133727312088,-0.0001726299524307251,-0.04608938843011856,0.17957541346549988
148,11134,20817,Place,Place,False,45.0,mid_degree,True,True,both_correct,0,0,20817,20817,0.2745741903781891,0.25473088026046753,0.1982479691505432,0.27244701981544495,0.18026714026927948,0.22297750413417816,0.19521655142307281,0.40153878927230835,-0.0943070501089096,-0.03175337612628937,-0.003031417727470398,0.1290917694568634
149,7823,21592,Entity,Entity,False,64.0,mid_degree,True,True,both_correct,0,0,21592,21592,0.275340735912323,0.20639890432357788,0.24843831360340118,0.2698220908641815,0.275340735912323,0.20639890432357788,0.24843831360340118,0.2698220908641815,0.0,0.0,0.0,0.0
150,129,23070,Entity,Entity,False,1136.0,high_degree,False,False,both_wrong,1,1,24135,27045,0.2786688506603241,0.1948316991329193,0.1414371281862259,0.3850623667240143,0.2786688506603241,0.1948316991329193,0.14143714308738708,0.3850623667240143,0.0,0.0,1.4901161193847656e-08,0.0
151,1644,24244,Creative Work,Creative Work,False,123.0,high_degree,True,True,both_correct,0,0,24244,24244,0.3293572664260864,0.18544858694076538,0.15302540361881256,0.33216872811317444,0.19648228585720062,0.184377983212471,0.1065041571855545,0.5126355290412903,-0.1328749805688858,-0.0010706037282943726,-0.04652124643325806,0.18046680092811584
152,1430,17417,Person,Person,False,24.0,low_degree,False,False,both_wrong,1,2,18882,16514,0.2870725095272064,0.2564083933830261,0.15452280640602112,0.30199629068374634,0.2082761973142624,0.2923033535480499,0.11210209876298904,0.38731834292411804,-0.07879631221294403,0.035894960165023804,-0.042420707643032074,0.0853220522403717
153,9704,15436,Place,Place,False,57.0,mid_degree,False,False,both_wrong,8,3,19466,15132,0.27728042006492615,0.24903979897499084,0.1909816414117813,0.2826981842517853,0.18140171468257904,0.21722780168056488,0.18740016222000122,0.41397029161453247,-0.0958787053823471,-0.031811997294425964,-0.0035814791917800903,0.1312721073627472
154,9675,23015,Person,Person,False,34.0,mid_degree,True,True,both_correct,0,0,23015,23015,0.2809777855873108,0.2835138440132141,0.1590692400932312,0.2764390707015991,0.20446650683879852,0.3241729736328125,0.11574679613113403,0.35561373829841614,-0.07651127874851227,0.04065912961959839,-0.04332244396209717,0.07917466759681702
155,4701,20722,Person,Person,False,47.0,mid_degree,True,True,both_correct,0,0,20722,20722,0.25580477714538574,0.2744028866291046,0.213022843003273,0.25676944851875305,0.1889839768409729,0.31853580474853516,0.15738363564014435,0.3350966274738312,-0.06682080030441284,0.04413291811943054,-0.05563920736312866,0.07832717895507812
156,6995,22061,Person,Person,False,213.0,high_degree,True,True,both_correct,0,0,22061,22061,0.272049218416214,0.2995080351829529,0.14741547405719757,0.2810271978378296,0.1961187720298767,0.33925923705101013,0.10626742988824844,0.3583545982837677,-0.07593044638633728,0.03975120186805725,-0.04114804416894913,0.07732740044593811
157,3254,23752,Organization,Organization,False,98.0,high_degree,True,True,both_correct,0,0,23752,23752,0.298917680978775,0.2176326960325241,0.15528713166713715,0.3281624913215637,0.22045572102069855,0.183417409658432,0.13088804483413696,0.4652387797832489,-0.07846195995807648,-0.0342152863740921,-0.024399086833000183,0.13707628846168518
158,732,18692,Person,Creative Work,True,89.0,high_degree,True,True,both_correct,0,0,18692,18692,0.27999764680862427,0.2818763256072998,0.14989934861660004,0.2882267236709595,0.20240359008312225,0.32016390562057495,0.10836801677942276,0.3690645396709442,-0.07759405672550201,0.038287580013275146,-0.04153133183717728,0.08083781599998474
159,13196,27581,Organization,Organization,False,19.0,low_degree,True,True,both_correct,0,0,27581,27581,0.31529366970062256,0.2198200523853302,0.1675385683774948,0.2973477244377136,0.23731629550457,0.18907177448272705,0.1441183090209961,0.42949366569519043,-0.07797737419605255,-0.03074827790260315,-0.023420259356498718,0.1321459412574768
160,11621,19848,Organization,Organization,False,41.0,mid_degree,False,False,both_wrong,52,53,23079,23079,0.30403852462768555,0.2210671752691269,0.16776837408542633,0.30712592601776123,0.22722271084785461,0.18879614770412445,0.1432931274175644,0.44068795442581177,-0.07681581377983093,-0.03227102756500244,-0.02447524666786194,0.13356202840805054
161,13608,23886,Place,Place,False,12.0,low_degree,True,True,both_correct,0,0,23886,23886,0.28503960371017456,0.25615084171295166,0.16921904683113098,0.2895905673503876,0.1863565891981125,0.22328437864780426,0.16593700647354126,0.42442193627357483,-0.09868301451206207,-0.0328664630651474,-0.0032820403575897217,0.13483136892318726
162,12893,18874,Person,Person,False,21.0,low_degree,True,True,both_correct,0,0,18874,18874,0.264007031917572,0.2763572335243225,0.19232285022735596,0.2673128843307495,0.1936449259519577,0.3185035288333893,0.1410655975341797,0.34678590297698975,-0.07036210596561432,0.04214629530906677,-0.05125725269317627,0.07947301864624023
163,6432,16171,Person,Person,False,62.0,mid_degree,True,True,both_correct,0,0,16171,16171,0.24879446625709534,0.2558033764362335,0.2504132091999054,0.24498896300792694,0.1864703893661499,0.30125105381011963,0.18777550756931305,0.32450300455093384,-0.062324076890945435,0.04544767737388611,-0.06263770163059235,0.0795140415430069
164,6202,16499,Organization,Organization,False,189.0,high_degree,True,True,both_correct,0,0,16499,16499,0.26186200976371765,0.2189909666776657,0.24910615384578705,0.2700408399105072,0.1990913599729538,0.19026249647140503,0.2164502590894699,0.39419594407081604,-0.06277064979076385,-0.02872847020626068,-0.03265589475631714,0.12415510416030884
165,4336,15736,Place,Place,False,128.0,high_degree,True,True,both_correct,0,0,15736,15736,0.25628095865249634,0.23517610132694244,0.2505600154399872,0.25798290967941284,0.16799017786979675,0.20553289353847504,0.24635104835033417,0.38012585043907166,-0.08829078078269958,-0.029643207788467407,-0.004208967089653015,0.12214294075965881
166,517,17785,Person,Person,False,117.0,high_degree,True,True,both_correct,0,0,17785,17785,0.2475631684064865,0.25513938069343567,0.24814893305301666,0.24914853274822235,0.18512147665023804,0.29977744817733765,0.18556725978851318,0.32953378558158875,-0.062441691756248474,0.04463806748390198,-0.06258167326450348,0.0803852528333664
167,4028,18334,Place,Place,False,90.0,high_degree,False,True,rescued,3,0,22882,18334,0.30423077940940857,0.2364484667778015,0.14892826974391937,0.31039249897003174,0.19775786995887756,0.2049226462841034,0.14519967138767242,0.45211973786354065,-0.106472909450531,-0.03152582049369812,-0.0037285983562469482,0.1417272388935089
168,7705,22713,Person,Person,False,130.0,high_degree,True,True,both_correct,0,0,22713,22713,0.26434290409088135,0.2702438235282898,0.20001284778118134,0.2654004395008087,0.19462871551513672,0.3126421272754669,0.14726552367210388,0.34546366333961487,-0.06971418857574463,0.042398303747177124,-0.052747324109077454,0.08006322383880615
169,12133,16684,Entity,Entity,False,20.0,low_degree,True,True,both_correct,0,0,16684,16684,0.31154483556747437,0.20702148973941803,0.16497360169887543,0.3164600133895874,0.31154483556747437,0.20702150464057922,0.16497363150119781,0.3164600431919098,0.0,1.4901161193847656e-08,2.9802322387695312e-08,2.9802322387695312e-08
170,2700,16800,Organization,Organization,False,152.0,high_degree,False,False,both_wrong,1,1,19999,19999,0.32059717178344727,0.20455403625965118,0.14484046399593353,0.330008327960968,0.23683732748031616,0.17268089950084686,0.1222849041223526,0.468196839094162,-0.0837598443031311,-0.03187313675880432,-0.022555559873580933,0.13818851113319397
171,14320,22834,Entity,Entity,False,2.0,low_degree,True,False,harmed,0,1,22834,22725,0.31372371315956116,0.21190659701824188,0.17744116485118866,0.2969284653663635,0.31372371315956116,0.21190661191940308,0.17744116485118866,0.2969284653663635,0.0,1.4901161193847656e-08,0.0,0.0
172,3315,21229,Person,Person,False,164.0,high_degree,True,True,both_correct,0,0,21229,21229,0.27631044387817383,0.2926656901836395,0.14855504035949707,0.28246885538101196,0.1995861679315567,0.3321670889854431,0.10730671137571335,0.36094003915786743,-0.07672427594661713,0.03950139880180359,-0.04124832898378372,0.07847118377685547
173,10177,26481,Organization,Organization,False,26.0,low_degree,True,True,both_correct,0,0,26481,26481,0.30303239822387695,0.20891262590885162,0.15877138078212738,0.32928359508514404,0.2235645204782486,0.17612630128860474,0.13386842608451843,0.46644076704978943,-0.07946787774562836,-0.03278632462024689,-0.024902954697608948,0.13715717196464539
174,8696,21186,Place,Place,False,23.0,low_degree,True,True,both_correct,0,0,21186,21186,0.2853020131587982,0.25758665800094604,0.17799174785614014,0.2791195809841156,0.18751868605613708,0.22572845220565796,0.17546583712100983,0.41128700971603394,-0.09778332710266113,-0.031858205795288086,-0.00252591073513031,0.13216742873191833
175,8654,19067,Place,Place,False,14.0,low_degree,True,True,both_correct,0,0,19067,19067,0.2944977283477783,0.24119538068771362,0.17821326851844788,0.2860935926437378,0.19307941198349,0.21083572506904602,0.17524519562721252,0.4208396375179291,-0.10141831636428833,-0.030359655618667603,-0.0029680728912353516,0.13474604487419128
176,9032,22443,Person,Person,False,96.0,high_degree,True,True,both_correct,0,0,22443,22443,0.2852262258529663,0.2880909740924835,0.14890146255493164,0.2777813673019409,0.20694294571876526,0.32842907309532166,0.10803888738155365,0.35658910870552063,-0.07828328013420105,0.040338099002838135,-0.04086257517337799,0.07880774140357971
177,5774,22505,Creative Work,Creative Work,False,68.0,mid_degree,True,True,both_correct,0,0,22505,22505,0.32272806763648987,0.18793275952339172,0.1561746597290039,0.3331645727157593,0.1921396702528,0.18647129833698273,0.10848803073167801,0.5129010081291199,-0.13058839738368988,-0.0014614611864089966,-0.0476866289973259,0.1797364354133606
178,5414,26114,Creative Work,Creative Work,False,76.0,high_degree,True,True,both_correct,0,0,26114,26114,0.32144734263420105,0.18786925077438354,0.1610787957906723,0.3296045958995819,0.19200827181339264,0.1870238184928894,0.11226553469896317,0.5087023973464966,-0.1294390708208084,-0.0008454322814941406,-0.04881326109170914,0.17909780144691467
179,278,15025,Place,Place,False,1513.0,high_degree,True,True,both_correct,0,0,15025,15025,0.25853267312049866,0.23169228434562683,0.24973921477794647,0.26003581285476685,0.16919822990894318,0.20216818153858185,0.24571530520915985,0.38291826844215393,-0.08933444321155548,-0.029524102807044983,-0.004023909568786621,0.12288245558738708
180,9900,17627,Organization,Organization,False,88.0,high_degree,True,True,both_correct,0,0,17627,17627,0.30385684967041016,0.23825229704380035,0.15417279303073883,0.30371806025505066,0.22747449576854706,0.20381960272789001,0.13190589845180511,0.43679991364479065,-0.0763823539018631,-0.03443269431591034,-0.022266894578933716,0.13308185338974
181,6273,17369,Person,Person,False,95.0,high_degree,True,True,both_correct,0,0,17369,17369,0.24836020171642303,0.2507210671901703,0.2505958080291748,0.25032296776771545,0.18579483032226562,0.2947082817554474,0.18746793270111084,0.33202898502349854,-0.06256537139415741,0.0439872145652771,-0.06312787532806396,0.08170601725578308
182,4369,18709,Person,Person,False,31.0,low_degree,True,True,both_correct,0,0,18709,18709,0.2779717743396759,0.28548872470855713,0.1586579978466034,0.27788153290748596,0.20193500816822052,0.32587599754333496,0.11526332050561905,0.3569256365299225,-0.07603676617145538,0.04038727283477783,-0.043394677340984344,0.07904410362243652
183,12195,18980,Place,Place,False,31.0,low_degree,True,True,both_correct,0,0,18980,18980,0.2870439291000366,0.23259370028972626,0.18577034771442413,0.2945919930934906,0.18691004812717438,0.2019326090812683,0.18143242597579956,0.42972490191459656,-0.10013388097286224,-0.030661091208457947,-0.004337921738624573,0.13513290882110596
184,823,24303,Organization,Organization,False,57.0,mid_degree,False,False,both_wrong,4,1,17082,17082,0.3046848475933075,0.2345356047153473,0.15794479846954346,0.30283474922180176,0.22829368710517883,0.20081572234630585,0.13525106012821198,0.4356395900249481,-0.07639116048812866,-0.03371988236904144,-0.022693738341331482,0.13280484080314636
185,7642,18655,Person,Person,False,59.0,mid_degree,False,True,rescued,1,0,16050,18655,0.2648681402206421,0.2632134258747101,0.20842596888542175,0.26349249482154846,0.1957782804965973,0.3057005703449249,0.15404926240444183,0.34447187185287476,-0.0690898597240448,0.042487144470214844,-0.05437670648097992,0.0809793770313263
186,3135,21781,Creative Work,Creative Work,False,130.0,high_degree,True,True,both_correct,0,0,21781,21781,0.3351607024669647,0.18510177731513977,0.15353401005268097,0.32620346546173096,0.20111221075057983,0.18510831892490387,0.10750103741884232,0.5062784552574158,-0.1340484917163849,6.541609764099121e-06,-0.046032972633838654,0.18007498979568481
187,9120,22432,Person,Person,False,98.0,high_degree,True,False,harmed,0,5,22432,22430,0.2778785824775696,0.28703340888023376,0.1580420881509781,0.277045875787735,0.20184344053268433,0.3276005685329437,0.11479829251766205,0.3557577431201935,-0.07603514194488525,0.04056715965270996,-0.04324379563331604,0.0787118673324585
188,4580,22339,Entity,Entity,False,78.0,high_degree,False,False,both_wrong,14,12,19433,19433,0.33321648836135864,0.1955849528312683,0.1472592055797577,0.3239392936229706,0.33321648836135864,0.1955849528312683,0.1472592055797577,0.3239392936229706,0.0,0.0,0.0,0.0
189,2515,23811,Creative Work,Creative Work,False,106.0,high_degree,True,True,both_correct,0,0,23811,23811,0.32005834579467773,0.1894761621952057,0.15560275316238403,0.3348627984523773,0.19006168842315674,0.18752087652683258,0.10782915353775024,0.5145882964134216,-0.129996657371521,-0.001955285668373108,-0.04777359962463379,0.1797254979610443
190,2951,18667,Person,Person,False,189.0,high_degree,True,True,both_correct,0,0,18667,18667,0.28420183062553406,0.28419914841651917,0.14731453359127045,0.28428447246551514,0.20574894547462463,0.32328420877456665,0.1066543385386467,0.3643125295639038,-0.07845288515090942,0.039085060358047485,-0.04066019505262375,0.08002805709838867
191,10160,17840,Person,Person,False,91.0,high_degree,True,True,both_correct,0,0,17840,17840,0.276949942111969,0.2801670730113983,0.1679217666387558,0.2749612033367157,0.2019387036561966,0.3209865987300873,0.12243709713220596,0.3546375632286072,-0.0750112384557724,0.040819525718688965,-0.045484669506549835,0.07967635989189148
192,13598,24990,Organization,Organization,False,18.0,low_degree,False,False,both_wrong,18,84,25430,25430,0.3169374465942383,0.2034047693014145,0.16492541134357452,0.31473231315612793,0.23616941273212433,0.17320388555526733,0.14045262336730957,0.45017409324645996,-0.08076803386211395,-0.030200883746147156,-0.024472787976264954,0.13544178009033203
193,10138,23923,Organization,Organization,False,24.0,low_degree,False,True,rescued,1,0,25038,23923,0.3123984932899475,0.23195786774158478,0.15594784915447235,0.299695760011673,0.23468787968158722,0.19912996888160706,0.13389167189598083,0.4322904944419861,-0.07771061360836029,-0.03282789885997772,-0.022056177258491516,0.1325947344303131
194,12641,22538,Organization,Organization,False,7.0,low_degree,False,False,both_wrong,9,139,19268,19268,0.2810772657394409,0.23306384682655334,0.18406639993190765,0.3017924427986145,0.2102034091949463,0.19917505979537964,0.157319113612175,0.4333023726940155,-0.07087385654449463,-0.033888787031173706,-0.026747286319732666,0.131509929895401
195,5900,17563,Place,Organization,True,78.0,high_degree,True,True,both_correct,0,0,17563,17563,0.30040210485458374,0.23505152761936188,0.1635030210018158,0.30104339122772217,0.19593392312526703,0.20440557599067688,0.15995174646377563,0.43970879912376404,-0.10446818172931671,-0.030645951628684998,-0.003551274538040161,0.13866540789604187
196,10255,20893,Place,Place,False,21.0,low_degree,True,True,both_correct,0,0,20893,20893,0.2826441824436188,0.25773102045059204,0.15969394147396088,0.2999308407306671,0.18377915024757385,0.2234320342540741,0.15573951601982117,0.4370492398738861,-0.09886503219604492,-0.034298986196517944,-0.0039544254541397095,0.137118399143219
197,1051,15218,Creative Work,Creative Work,False,140.0,high_degree,True,True,both_correct,0,0,15218,15218,0.2578945457935333,0.23716698586940765,0.2409055233001709,0.26403290033340454,0.1596258133649826,0.2446509599685669,0.1739710420370102,0.4217521548271179,-0.09826873242855072,0.007483974099159241,-0.0669344812631607,0.15771925449371338
198,4424,16148,Place,Place,False,47.0,mid_degree,True,True,both_correct,0,0,16148,16148,0.25487688183784485,0.23580364882946014,0.2462650090456009,0.2630544602870941,0.16670086979866028,0.2056274116039276,0.24158179759979248,0.38608983159065247,-0.08817601203918457,-0.030176237225532532,-0.004683211445808411,0.12303537130355835
199,2945,25258,Person,Person,False,46.0,mid_degree,True,True,both_correct,0,0,25258,25258,0.26998454332351685,0.3022893965244293,0.15109467506408691,0.2766313850879669,0.19490715861320496,0.3428969979286194,0.10907817631959915,0.3531176745891571,-0.07507738471031189,0.040607601404190063,-0.04201649874448776,0.07648628950119019
200,2308,15864,Place,Place,False,26.0,low_degree,True,True,both_correct,0,0,15864,15864,0.2851864993572235,0.25324875116348267,0.1711488962173462,0.29041579365730286,0.18647342920303345,0.22078002989292145,0.16784943640232086,0.42489707469940186,-0.09871307015419006,-0.03246872127056122,-0.0032994598150253296,0.134481281042099
201,4817,24248,Organization,Organization,False,53.0,mid_degree,False,False,both_wrong,49,96,25299,19191,0.31477031111717224,0.21514062583446503,0.15808863937854767,0.31200042366981506,0.2348601073026657,0.1834360510110855,0.1348065286874771,0.4468972980976105,-0.07991020381450653,-0.03170457482337952,-0.023282110691070557,0.1348968744277954
202,7970,19607,Person,Person,False,14.0,low_degree,True,True,both_correct,0,0,19607,19607,0.2754013240337372,0.28592050075531006,0.1587904542684555,0.27988770604133606,0.1998160034418106,0.32595813274383545,0.1152072325348854,0.35901859402656555,-0.07558532059192657,0.04003763198852539,-0.0435832217335701,0.07913088798522949
203,14193,18689,Place,Place,False,20.0,low_degree,True,True,both_correct,0,0,18689,18689,0.2954167425632477,0.21686097979545593,0.15371035039424896,0.3340119421482086,0.18889044225215912,0.18487566709518433,0.14741092920303345,0.4788230359554291,-0.10652630031108856,-0.031985312700271606,-0.006299421191215515,0.14481109380722046
204,11862,23433,Organization,Organization,False,9.0,low_degree,True,True,both_correct,0,0,23433,23433,0.2865850329399109,0.21551568806171417,0.17246443033218384,0.3254348039627075,0.2115325778722763,0.18178115785121918,0.14548401534557343,0.4612022638320923,-0.07505245506763458,-0.033734530210494995,-0.026980414986610413,0.13576745986938477
205,5969,23190,Person,Person,False,102.0,high_degree,True,True,both_correct,0,0,23190,23190,0.27533864974975586,0.29531630873680115,0.14863359928131104,0.28071144223213196,0.19888781011104584,0.3351815342903137,0.10736662149429321,0.3585640788078308,-0.07645083963871002,0.03986522555351257,-0.04126697778701782,0.07785263657569885
206,11230,24434,Person,Person,False,49.0,mid_degree,True,True,both_correct,0,0,24434,24434,0.27681106328964233,0.2960001528263092,0.15325966477394104,0.27392905950546265,0.20064984261989594,0.33713120222091675,0.11109491437673569,0.3511240482330322,-0.0761612206697464,0.041131049394607544,-0.04216475039720535,0.07719498872756958
207,713,22983,Creative Work,Creative Work,False,54.0,mid_degree,False,True,rescued,1,0,24884,22983,0.31356650590896606,0.1915423423051834,0.15572887659072876,0.33916226029396057,0.18537580966949463,0.18871945142745972,0.10743178427219391,0.5184729099273682,-0.12819069623947144,-0.002822890877723694,-0.04829709231853485,0.1793106496334076
208,4406,18700,Person,Person,False,82.0,high_degree,True,True,both_correct,0,0,18700,18700,0.2734149992465973,0.2916868329048157,0.15006832778453827,0.28482985496520996,0.19729457795619965,0.3307206332683563,0.10829691588878632,0.3636878430843353,-0.07612042129039764,0.03903380036354065,-0.04177141189575195,0.07885798811912537
209,4463,17649,Place,Place,False,37.0,mid_degree,True,True,both_correct,0,0,17649,17649,0.2750551402568817,0.2490323781967163,0.18756258487701416,0.2883498966693878,0.17916865646839142,0.21628208458423615,0.18324875831604004,0.42130047082901,-0.0958864837884903,-0.032750293612480164,-0.004313826560974121,0.1329505741596222
210,3966,19730,Creative Work,Creative Work,False,79.0,high_degree,True,True,both_correct,0,0,19730,19730,0.3158165514469147,0.192403644323349,0.15662620961666107,0.33515357971191406,0.18737663328647614,0.19024933874607086,0.10843358933925629,0.5139404535293579,-0.12843991816043854,-0.002154305577278137,-0.048192620277404785,0.17878687381744385
211,12778,17844,Place,Place,False,30.0,low_degree,True,True,both_correct,0,0,17844,17844,0.2746562659740448,0.25089332461357117,0.18900670111179352,0.2854436933994293,0.17922687530517578,0.21828603744506836,0.18498848378658295,0.4174986481666565,-0.09542939066886902,-0.03260728716850281,-0.004018217325210571,0.13205495476722717
212,10561,17262,Organization,Organization,False,53.0,mid_degree,True,True,both_correct,0,0,17262,17262,0.25705042481422424,0.20816124975681305,0.28067997097969055,0.25410833954811096,0.1972053050994873,0.1824936419725418,0.2460978776216507,0.3742032051086426,-0.05984511971473694,-0.02566760778427124,-0.034582093358039856,0.12009486556053162
213,13679,19149,Place,Place,False,8.0,low_degree,True,False,harmed,0,1,19149,17250,0.2988303601741791,0.23222026228904724,0.18069452047348022,0.28825491666793823,0.19587956368923187,0.20294925570487976,0.1776493638753891,0.42352187633514404,-0.1029507964849472,-0.02927100658416748,-0.0030451565980911255,0.1352669596672058
214,2705,15839,Creative Work,Event,True,84.0,high_degree,True,True,both_correct,0,0,15839,15839,0.27433663606643677,0.2113255262374878,0.23419874906539917,0.28013908863067627,0.1690342277288437,0.21700581908226013,0.16836926341056824,0.44559070467948914,-0.10530240833759308,0.005680292844772339,-0.06582948565483093,0.16545161604881287
215,14117,23558,Organization,Organization,False,11.0,low_degree,True,True,both_correct,0,0,23558,23558,0.2963615655899048,0.23195642232894897,0.16466346383094788,0.30701854825019836,0.22130942344665527,0.19793856143951416,0.14052949845790863,0.44022250175476074,-0.07505214214324951,-0.034017860889434814,-0.024133965373039246,0.13320395350456238
216,738,21775,Person,Person,False,97.0,high_degree,True,True,both_correct,0,0,21775,21775,0.2700231969356537,0.30297204852104187,0.1479392945766449,0.27906543016433716,0.19459772109985352,0.3430764675140381,0.10661736875772476,0.35570839047431946,-0.07542547583580017,0.040104418992996216,-0.041321925818920135,0.0766429603099823
217,12044,16150,Person,Person,False,70.0,mid_degree,True,True,both_correct,0,0,16150,16150,0.24403882026672363,0.26457780599594116,0.24855227768421173,0.2428310662508011,0.1824250966310501,0.3107636272907257,0.1858249008655548,0.32098639011383057,-0.06161372363567352,0.046185821294784546,-0.06272737681865692,0.07815532386302948
218,2352,19813,Person,Person,False,111.0,high_degree,True,True,both_correct,0,0,19813,19813,0.2429099828004837,0.2603570818901062,0.2511802911758423,0.24555261433124542,0.18149353563785553,0.3056580424308777,0.1876671314239502,0.3251812756061554,-0.061416447162628174,0.045300960540771484,-0.06351315975189209,0.07962866127490997
219,13504,21811,Entity,Creative Work,True,6.0,low_degree,True,True,both_correct,0,0,21811,21811,0.3043048679828644,0.2101980447769165,0.1932583898305893,0.29223865270614624,0.30430489778518677,0.2101980447769165,0.1932584047317505,0.29223865270614624,2.9802322387695312e-08,0.0,1.4901161193847656e-08,0.0
220,12362,19480,Place,Place,False,17.0,low_degree,True,False,harmed,0,1,19480,19478,0.2854677140712738,0.23455235362052917,0.1671295315027237,0.3128504157066345,0.18419542908668518,0.20178326964378357,0.16174444556236267,0.4522768259048462,-0.10127228498458862,-0.032769083976745605,-0.005385085940361023,0.13942641019821167
221,5839,18152,Person,Person,False,72.0,mid_degree,True,True,both_correct,0,0,18152,18152,0.27661576867103577,0.28700149059295654,0.1562204360961914,0.2801623046398163,0.2005862146615982,0.3270101249217987,0.11328538507223129,0.3591182827949524,-0.07602955400943756,0.04000863432884216,-0.042935051023960114,0.07895597815513611
222,2731,22725,Entity,Entity,False,773.0,high_degree,False,False,both_wrong,183,123,27164,27164,0.3818923532962799,0.1928185671567917,0.14144696295261383,0.28384217619895935,0.3818923234939575,0.1928185522556305,0.14144696295261383,0.28384217619895935,-2.9802322387695312e-08,-1.4901161193847656e-08,0.0,0.0
223,9267,17396,Entity,Organization,True,35.0,mid_degree,True,True,both_correct,0,0,17396,17396,0.2997322082519531,0.1961165815591812,0.14717714488506317,0.3569740653038025,0.2997322082519531,0.19611656665802002,0.14717714488506317,0.3569740653038025,0.0,-1.4901161193847656e-08,0.0,0.0
224,11255,24654,Creative Work,Creative Work,False,36.0,mid_degree,False,False,both_wrong,25,5,23542,23542,0.29066187143325806,0.23882386088371277,0.16299034655094147,0.3075239360332489,0.17384198307991028,0.23805354535579681,0.11373398452997208,0.47437047958374023,-0.11681988835334778,-0.0007703155279159546,-0.04925636202096939,0.16684654355049133
225,11007,23261,Place,Place,False,7.0,low_degree,True,True,both_correct,0,0,23261,23261,0.2916290760040283,0.24775885045528412,0.17495787143707275,0.2856541872024536,0.19131825864315033,0.21670971810817719,0.1721525341272354,0.41981956362724304,-0.10031081736087799,-0.031049132347106934,-0.0028053373098373413,0.13416537642478943
226,1138,21885,Place,Place,False,12.0,low_degree,True,True,both_correct,0,0,21885,21885,0.28723016381263733,0.2438354641199112,0.16874441504478455,0.30018994212150574,0.1867099553346634,0.21132826805114746,0.16452094912528992,0.43744081258773804,-0.10052020847797394,-0.03250719606876373,-0.004223465919494629,0.1372508704662323
227,4472,25742,Person,Person,False,85.0,high_degree,True,True,both_correct,0,0,25742,25742,0.28048571944236755,0.2890121638774872,0.1547713279724121,0.27573075890541077,0.20371490716934204,0.32982295751571655,0.11240892112255096,0.354053258895874,-0.07677081227302551,0.04081079363822937,-0.042362406849861145,0.07832249999046326
228,13255,21405,Place,Place,False,15.0,low_degree,True,True,both_correct,0,0,21405,21405,0.30199116468429565,0.23235513269901276,0.17164959013462067,0.29400405287742615,0.1976258009672165,0.20273329317569733,0.16847890615463257,0.4311619699001312,-0.10436536371707916,-0.02962183952331543,-0.003170683979988098,0.13715791702270508
229,4485,26357,Person,Person,False,94.0,high_degree,True,True,both_correct,0,0,26357,26357,0.2709936499595642,0.3041214644908905,0.1471102088689804,0.2777746617794037,0.19535185396671295,0.34447354078292847,0.10604110360145569,0.3541334271430969,-0.07564179599285126,0.040352076292037964,-0.04106910526752472,0.07635876536369324
230,8119,24337,Person,Person,False,97.0,high_degree,False,False,both_wrong,852,470,27261,18110,0.2714884281158447,0.2949765622615814,0.15513435006141663,0.27840062975883484,0.19641219079494476,0.335317999124527,0.1122334897518158,0.35603630542755127,-0.07507623732089996,0.04034143686294556,-0.04290086030960083,0.07763567566871643
231,9853,21848,Creative Work,Creative Work,False,49.0,mid_degree,True,True,both_correct,0,0,21848,21848,0.31788527965545654,0.19861528277397156,0.1526481807231903,0.3308511972427368,0.1888664960861206,0.19666409492492676,0.10582491010427475,0.5086445212364197,-0.12901878356933594,-0.0019511878490447998,-0.04682327061891556,0.17779332399368286
232,8746,24989,Creative Work,Creative Work,False,62.0,mid_degree,False,False,both_wrong,48,156,22983,26051,0.3215581476688385,0.1855381280183792,0.15669524669647217,0.33620840311050415,0.191163569688797,0.18382665514945984,0.10867749154567719,0.5163322687149048,-0.1303945779800415,-0.0017114728689193726,-0.04801775515079498,0.18012386560440063
233,11021,19430,Person,Person,False,27.0,low_degree,True,True,both_correct,0,0,19430,19430,0.27841755747795105,0.2913459539413452,0.15395936369895935,0.2762771248817444,0.20196326076984406,0.3320760130882263,0.1116812452673912,0.35427945852279663,-0.076454296708107,0.040730059146881104,-0.042278118431568146,0.07800233364105225
234,14176,27015,Place,Place,False,15.0,low_degree,True,True,both_correct,0,0,27015,27015,0.29662826657295227,0.23984798789024353,0.17209051549434662,0.29143330454826355,0.19415733218193054,0.20931503176689148,0.16894753277301788,0.4275800883769989,-0.10247093439102173,-0.03053295612335205,-0.0031429827213287354,0.13614678382873535
235,10280,17858,Person,Person,False,107.0,high_degree,True,True,both_correct,0,0,17858,17858,0.2838788628578186,0.28139737248420715,0.1472245454788208,0.28749918937683105,0.20537585020065308,0.3198802173137665,0.10650620609521866,0.3682377338409424,-0.07850301265716553,0.038482844829559326,-0.04071833938360214,0.08073854446411133
236,3578,23968,Entity,Creative Work,True,100.0,high_degree,False,False,both_wrong,100,98,25286,25286,0.31609615683555603,0.2025221586227417,0.1643940955400467,0.3169875741004944,0.31609615683555603,0.2025221735239029,0.1643940955400467,0.3169875741004944,0.0,1.4901161193847656e-08,0.0,0.0
237,3999,23884,Person,Person,False,45.0,mid_degree,True,True,both_correct,0,0,23884,23884,0.2723762094974518,0.28966259956359863,0.16331753134727478,0.2746437191963196,0.1978781670331955,0.33065366744995117,0.1186489686369896,0.35281920433044434,-0.07449804246425629,0.04099106788635254,-0.04466856271028519,0.07817548513412476
238,11265,22578,Person,Person,False,58.0,mid_degree,True,True,both_correct,0,0,22578,22578,0.2739604413509369,0.297629177570343,0.149539515376091,0.2788708806037903,0.19788943231105804,0.337801456451416,0.10801830887794495,0.3562908172607422,-0.07607100903987885,0.040172278881073,-0.04152120649814606,0.0774199366569519
239,8929,23143,Person,Person,False,99.0,high_degree,False,True,rescued,1,0,24125,23143,0.27574121952056885,0.2889229655265808,0.15238142013549805,0.2829544246196747,0.19947069883346558,0.3284066617488861,0.11023899167776108,0.36188367009162903,-0.07627052068710327,0.0394836962223053,-0.04214242845773697,0.07892924547195435
240,12479,22319,Place,Place,False,12.0,low_degree,True,True,both_correct,0,0,22319,22319,0.28800061345100403,0.24684296548366547,0.1782836765050888,0.2868726849555969,0.18854105472564697,0.21545524895191193,0.17505642771720886,0.42094728350639343,-0.09945955872535706,-0.03138771653175354,-0.003227248787879944,0.1340745985507965
241,12161,21261,Organization,Organization,False,51.0,mid_degree,True,True,both_correct,0,0,21261,21261,0.2950150668621063,0.2282847911119461,0.1758328676223755,0.3008672297000885,0.22115039825439453,0.19555488228797913,0.15063819289207458,0.43265652656555176,-0.07386466860771179,-0.03272990882396698,-0.025194674730300903,0.13178929686546326
242,2852,21357,Person,Person,False,66.0,mid_degree,True,True,both_correct,0,0,21357,21357,0.2762942612171173,0.2866767942905426,0.1548340916633606,0.2821948528289795,0.20015200972557068,0.32631221413612366,0.11216679215431213,0.3613690137863159,-0.07614225149154663,0.039635419845581055,-0.04266729950904846,0.07917416095733643
243,3717,22668,Person,Person,False,149.0,high_degree,True,True,both_correct,0,0,22668,22668,0.2768287658691406,0.2920961380004883,0.1484220325946808,0.2826530933380127,0.19999317824840546,0.33157458901405334,0.10722741484642029,0.36120477318763733,-0.07683558762073517,0.039478451013565063,-0.0411946177482605,0.07855167984962463
244,4762,21030,Creative Work,Creative Work,False,127.0,high_degree,True,True,both_correct,0,0,21030,21030,0.3376522958278656,0.187696173787117,0.15362505614757538,0.3210265040397644,0.20336487889289856,0.18840470910072327,0.10796307772397995,0.5002673268318176,-0.13428741693496704,0.0007085353136062622,-0.04566197842359543,0.17924082279205322
245,10010,20739,Place,Place,False,29.0,low_degree,True,True,both_correct,0,0,20739,20739,0.28351956605911255,0.2522622346878052,0.1793649047613144,0.2848532795906067,0.18561509251594543,0.2201939821243286,0.1761249303817749,0.41806599497795105,-0.09790447354316711,-0.03206825256347656,-0.0032399743795394897,0.13321271538734436
246,8148,18495,Person,Creative Work,True,70.0,mid_degree,True,True,both_correct,0,0,18495,18495,0.2861464321613312,0.28516674041748047,0.14719432592391968,0.2814924418926239,0.2073487937450409,0.32468482851982117,0.10666981339454651,0.36129656434059143,-0.07879763841629028,0.0395180881023407,-0.04052451252937317,0.07980412244796753
247,9136,20963,Person,Person,False,32.0,low_degree,True,True,both_correct,0,0,20963,20963,0.27183255553245544,0.29535621404647827,0.15467479825019836,0.2781364619731903,0.19666045904159546,0.3357487618923187,0.11189959198236465,0.35569116473197937,-0.07517209649085999,0.040392547845840454,-0.04277520626783371,0.07755470275878906
248,416,18278,Entity,Organization,True,192.0,high_degree,False,False,both_wrong,154,183,23899,18276,0.3360184133052826,0.19569618999958038,0.14262732863426208,0.3256581127643585,0.3360184133052826,0.19569618999958038,0.14262732863426208,0.32565808296203613,0.0,0.0,0.0,-2.9802322387695312e-08
249,8336,20095,Person,Person,False,36.0,mid_degree,True,True,both_correct,0,0,20095,20095,0.26959139108657837,0.30619367957115173,0.15341240167617798,0.2708025276660919,0.1949334591627121,0.3478791117668152,0.11092567443847656,0.3462617099285126,-0.07465793192386627,0.04168543219566345,-0.042486727237701416,0.07545918226242065
250,10646,18856,Person,Person,False,46.0,mid_degree,True,True,both_correct,0,0,18856,18856,0.27353325486183167,0.28182822465896606,0.17370878159999847,0.2709297835826874,0.1997525542974472,0.3233829140663147,0.12685811519622803,0.35000643134117126,-0.07378070056438446,0.04155468940734863,-0.04685066640377045,0.07907664775848389
251,4234,24741,Creative Work,Creative Work,False,69.0,mid_degree,True,True,both_correct,0,0,24741,24741,0.3290383815765381,0.18761642277240753,0.1509132981300354,0.3324319124221802,0.19620859622955322,0.18645380437374115,0.10500474274158478,0.5123328566551208,-0.13282978534698486,-0.0011626183986663818,-0.04590855538845062,0.17990094423294067
252,8364,23744,Organization,Organization,False,51.0,mid_degree,False,False,both_wrong,1,1,18220,18220,0.303023099899292,0.23133932054042816,0.15964049100875854,0.3059971034526825,0.22656837105751038,0.19765983521938324,0.13641399145126343,0.43935781717300415,-0.07645472884178162,-0.03367948532104492,-0.023226499557495117,0.13336071372032166
253,11373,27698,Organization,Organization,False,18.0,low_degree,False,False,both_wrong,1,1,23499,23499,0.3036956489086151,0.21952880918979645,0.16015774011611938,0.31661778688430786,0.2257184088230133,0.18645153939723969,0.13604044914245605,0.45178964734077454,-0.0779772400856018,-0.03307726979255676,-0.02411729097366333,0.13517186045646667
254,11726,24429,Organization,Organization,False,31.0,low_degree,True,True,both_correct,0,0,24429,24429,0.30044957995414734,0.21964266896247864,0.16445091366767883,0.31545689702033997,0.22343389689922333,0.18665599822998047,0.13976718485355377,0.45014292001724243,-0.07701568305492401,-0.03298667073249817,-0.02468372881412506,0.13468602299690247
255,3535,16721,Entity,Entity,False,36.0,mid_degree,True,True,both_correct,0,0,16721,16721,0.317281037569046,0.19898824393749237,0.1442040055990219,0.3395267128944397,0.3172810673713684,0.19898824393749237,0.1442040205001831,0.3395267128944397,2.9802322387695312e-08,0.0,1.4901161193847656e-08,0.0
256,5031,16765,Entity,Entity,False,95.0,high_degree,False,False,both_wrong,2,3,14951,14951,0.3234928548336029,0.20925483107566833,0.15068383514881134,0.3165684938430786,0.3234928548336029,0.20925480127334595,0.15068383514881134,0.3165684938430786,0.0,-2.9802322387695312e-08,0.0,0.0
257,7406,21738,Person,Person,False,83.0,high_degree,True,True,both_correct,0,0,21738,21738,0.2719103693962097,0.2945367991924286,0.1516810655593872,0.2818717360496521,0.19633160531520844,0.3341608941555023,0.10951443761587143,0.3599930703639984,-0.07557876408100128,0.03962409496307373,-0.04216662794351578,0.07812133431434631
258,5038,22619,Person,Person,False,75.0,high_degree,True,True,both_correct,0,0,22619,22619,0.2806144654750824,0.2931847870349884,0.14940118789672852,0.2767995595932007,0.20331162214279175,0.33376842737197876,0.10824824869632721,0.3546716868877411,-0.07730284333229065,0.040583640336990356,-0.041152939200401306,0.0778721272945404
259,12710,25394,Person,Person,False,20.0,low_degree,True,True,both_correct,0,0,25394,25394,0.27417340874671936,0.2829013466835022,0.15883389115333557,0.2840912938117981,0.19871185719966888,0.32217052578926086,0.11512830853462219,0.36398929357528687,-0.07546155154705048,0.03926917910575867,-0.04370558261871338,0.07989799976348877
260,861,27207,Creative Work,Creative Work,False,173.0,high_degree,True,True,both_correct,0,0,27207,27207,0.3295952081680298,0.18970978260040283,0.1484711766242981,0.3322238326072693,0.1962503045797348,0.18825595080852509,0.10317704826593399,0.5123167037963867,-0.13334490358829498,-0.0014538317918777466,-0.045294128358364105,0.18009287118911743
261,2795,14994,Entity,Entity,False,132.0,high_degree,True,True,both_correct,0,0,14994,14994,0.21997837722301483,0.1835818588733673,0.37221020460128784,0.22422952950000763,0.21997839212417603,0.1835818588733673,0.37221020460128784,0.22422952950000763,1.4901161193847656e-08,0.0,0.0,0.0
262,11153,16751,Place,Place,False,27.0,low_degree,True,True,both_correct,0,0,16751,16751,0.28889110684394836,0.2448744922876358,0.17312516272068024,0.2931092381477356,0.18843694031238556,0.21295972168445587,0.16937340795993805,0.4292299449443817,-0.1004541665315628,-0.03191477060317993,-0.0037517547607421875,0.13612070679664612
263,10952,24746,Person,Person,False,32.0,low_degree,True,True,both_correct,0,0,24746,24746,0.26693812012672424,0.3012479543685913,0.15542753040790558,0.27638643980026245,0.19283196330070496,0.34193602204322815,0.11227835714817047,0.35295364260673523,-0.07410615682601929,0.04068806767463684,-0.04314917325973511,0.07656720280647278
264,470,27753,Entity,Entity,False,7.0,low_degree,False,False,both_wrong,30,31,22165,22165,0.2994375228881836,0.21416519582271576,0.18282312154769897,0.30357417464256287,0.2994375228881836,0.21416521072387695,0.18282312154769897,0.30357420444488525,0.0,1.4901161193847656e-08,0.0,2.9802322387695312e-08
265,2722,23282,Person,Person,False,61.0,mid_degree,True,True,both_correct,0,0,23282,23282,0.27397337555885315,0.2903610169887543,0.15438656508922577,0.281279057264328,0.19824346899986267,0.330127090215683,0.11171185970306396,0.35991767048835754,-0.07572990655899048,0.03976607322692871,-0.042674705386161804,0.07863861322402954
266,6048,23230,Person,Person,False,99.0,high_degree,True,True,both_correct,0,0,23230,23230,0.27506500482559204,0.29826298356056213,0.1481870412826538,0.27848494052886963,0.1986892968416214,0.3385254442691803,0.1070401594042778,0.3557450771331787,-0.07637570798397064,0.040262460708618164,-0.04114688187837601,0.07726013660430908
267,5022,23438,Place,Place,False,10.0,low_degree,False,False,both_wrong,1,1,18666,18666,0.29843541979789734,0.2400798797607422,0.1651277095079422,0.29635703563690186,0.19501522183418274,0.20916882157325745,0.16184242069721222,0.4339735507965088,-0.1034201979637146,-0.03091105818748474,-0.0032852888107299805,0.13761651515960693
268,6632,18620,Person,Person,False,41.0,mid_degree,True,True,both_correct,0,0,18620,18620,0.2818167209625244,0.2810418903827667,0.15803061425685883,0.27911075949668884,0.2049727588891983,0.3211826980113983,0.11493486166000366,0.3589097261428833,-0.07684396207332611,0.04014080762863159,-0.043095752596855164,0.07979896664619446
269,4159,18057,Place,Place,False,29.0,low_degree,True,True,both_correct,0,0,18057,18057,0.2690896689891815,0.23726224899291992,0.21808747947216034,0.2755606472492218,0.17586694657802582,0.20674686133861542,0.21378198266029358,0.40360426902770996,-0.0932227224111557,-0.030515387654304504,-0.00430549681186676,0.12804362177848816
270,14794,24111,Person,Person,False,14.0,low_degree,True,True,both_correct,0,0,24111,24111,0.2657072842121124,0.2800990045070648,0.18442459404468536,0.2697691321372986,0.1943310648202896,0.321886271238327,0.13488800823688507,0.3488946557044983,-0.07137621939182281,0.04178726673126221,-0.04953658580780029,0.07912552356719971
271,14352,16327,Place,Place,False,4.0,low_degree,True,True,both_correct,0,0,16327,16327,0.2812645435333252,0.24147899448871613,0.18846718966960907,0.288789302110672,0.18348638713359833,0.2100350558757782,0.18440783023834229,0.4220707416534424,-0.09777815639972687,-0.03144393861293793,-0.004059359431266785,0.13328143954277039
272,749,15474,Person,Person,False,59.0,mid_degree,True,True,both_correct,0,0,15474,15474,0.2728111147880554,0.29898032546043396,0.15526822209358215,0.2729403078556061,0.1976223737001419,0.34030500054359436,0.112481988966465,0.3495907187461853,-0.07518874108791351,0.0413246750831604,-0.04278623312711716,0.07665041089057922
273,7287,18734,Creative Work,Creative Work,False,82.0,high_degree,True,True,both_correct,0,0,18734,18734,0.32045120000839233,0.19428496062755585,0.155565544962883,0.3296982944011688,0.1909257024526596,0.19291752576828003,0.10815048217773438,0.5080062747001648,-0.12952549755573273,-0.0013674348592758179,-0.04741506278514862,0.17830798029899597
274,10768,15648,Entity,Entity,False,72.0,mid_degree,True,True,both_correct,0,0,15648,15648,0.3453284800052643,0.19416089355945587,0.14251448214054108,0.31799617409706116,0.3453284800052643,0.19416089355945587,0.14251448214054108,0.31799617409706116,0.0,0.0,0.0,0.0
275,4601,17599,Entity,Entity,False,48.0,mid_degree,True,True,both_correct,0,0,17599,17599,0.30129751563072205,0.19716446101665497,0.14308857917785645,0.35844945907592773,0.30129751563072205,0.19716446101665497,0.14308859407901764,0.35844945907592773,0.0,0.0,1.4901161193847656e-08,0.0
276,14198,18015,Entity,Entity,False,15.0,low_degree,False,True,rescued,1,0,26886,18015,0.2698403298854828,0.21118393540382385,0.244670107960701,0.27430567145347595,0.2698403000831604,0.21118392050266266,0.24467012286186218,0.27430564165115356,-2.9802322387695312e-08,-1.4901161193847656e-08,1.4901161193847656e-08,-2.9802322387695312e-08
277,14175,15258,Entity,Entity,False,4.0,low_degree,True,True,both_correct,0,0,15258,15258,0.2880874574184418,0.20862488448619843,0.21318048238754272,0.29010719060897827,0.2880874276161194,0.20862488448619843,0.21318048238754272,0.29010719060897827,-2.9802322387695312e-08,0.0,0.0,0.0
278,7649,26653,Creative Work,Creative Work,False,84.0,high_degree,True,True,both_correct,0,0,26653,26653,0.337970107793808,0.18790066242218018,0.15559282898902893,0.3185363709926605,0.2040112167596817,0.18903158605098724,0.10959429293870926,0.49736300110816956,-0.13395889103412628,0.0011309236288070679,-0.04599853605031967,0.17882663011550903
279,11147,20819,Place,Place,False,22.0,low_degree,False,False,both_wrong,2,2,20817,21277,0.2862161695957184,0.2537185549736023,0.16271984577178955,0.297345370054245,0.1864785999059677,0.2203991562128067,0.1590118408203125,0.43411046266555786,-0.09973756968975067,-0.03331939876079559,-0.0037080049514770508,0.13676509261131287
280,6438,15960,Person,Person,False,71.0,mid_degree,True,True,both_correct,0,0,15960,15960,0.27330511808395386,0.29620274901390076,0.15184566378593445,0.27864646911621094,0.1975611448287964,0.33642950654029846,0.10976028442382812,0.356249064207077,-0.07574397325515747,0.040226757526397705,-0.04208537936210632,0.07760259509086609
281,13143,16138,Entity,Event,True,12.0,low_degree,False,False,both_wrong,3,3,23678,15839,0.2861188054084778,0.2101001739501953,0.21588850021362305,0.28789252042770386,0.2861188054084778,0.21010015904903412,0.21588850021362305,0.28789252042770386,0.0,-1.4901161193847656e-08,0.0,0.0
282,12541,23090,Organization,Organization,False,33.0,low_degree,True,True,both_correct,0,0,23090,23090,0.3079718351364136,0.22157172858715057,0.1681685894727707,0.30228790640830994,0.23092110455036163,0.18985097110271454,0.14410847425460815,0.4351194500923157,-0.07705073058605194,-0.031720757484436035,-0.024060115218162537,0.13283154368400574
283,4579,22257,Entity,Entity,False,54.0,mid_degree,True,True,both_correct,0,0,22257,22257,0.3141964077949524,0.20415905117988586,0.14518743753433228,0.33645716309547424,0.3141964077949524,0.20415905117988586,0.14518743753433228,0.33645716309547424,0.0,0.0,0.0,0.0
284,10354,21700,Person,Person,False,100.0,high_degree,True,True,both_correct,0,0,21700,21700,0.2773875296115875,0.29266583919525146,0.1477639377117157,0.2821827232837677,0.20034556090831757,0.3321351408958435,0.10673140734434128,0.36078789830207825,-0.07704196870326996,0.03946930170059204,-0.04103253036737442,0.07860517501831055
285,12403,24693,Organization,Organization,False,19.0,low_degree,True,True,both_correct,0,0,24693,24693,0.30665820837020874,0.22830474376678467,0.16012422740459442,0.30491286516189575,0.2296048402786255,0.19533877074718475,0.13701751828193665,0.4380389153957367,-0.07705336809158325,-0.032965973019599915,-0.023106709122657776,0.13312605023384094
286,11460,25020,Person,Person,False,28.0,low_degree,True,True,both_correct,0,0,25020,25020,0.2715534269809723,0.2799380421638489,0.1783261001110077,0.27018246054649353,0.19861799478530884,0.32171985507011414,0.13042165338993073,0.3492404520511627,-0.07293543219566345,0.04178181290626526,-0.047904446721076965,0.07905799150466919
287,12350,16989,Organization,Organization,False,42.0,mid_degree,True,True,both_correct,0,0,16989,16989,0.2481238842010498,0.21073570847511292,0.28601565957069397,0.2551247477531433,0.19003652036190033,0.18443922698497772,0.250352144241333,0.37517207860946655,-0.058087363839149475,-0.026296481490135193,-0.03566351532936096,0.12004733085632324
288,9213,25169,Organization,Organization,False,56.0,mid_degree,True,True,both_correct,0,0,25169,25169,0.3152567744255066,0.1968630850315094,0.1519542634487152,0.3359259068965912,0.2319682538509369,0.165528804063797,0.12778179347515106,0.47472116351127625,-0.0832885205745697,-0.0313342809677124,-0.024172469973564148,0.13879525661468506
289,3045,15698,Entity,Entity,False,284.0,high_degree,True,True,both_correct,0,0,15698,15698,0.35910704731941223,0.19411730766296387,0.14217153191566467,0.30460411310195923,0.35910704731941223,0.19411730766296387,0.14217153191566467,0.30460411310195923,0.0,0.0,0.0,0.0
290,7734,22936,Entity,Entity,False,92.0,high_degree,False,False,both_wrong,1,1,20464,20464,0.2987138330936432,0.19668273627758026,0.14495132863521576,0.3596521019935608,0.2987138330936432,0.19668273627758026,0.14495132863521576,0.3596521317958832,0.0,0.0,0.0,2.9802322387695312e-08
291,947,22278,Person,Person,False,138.0,high_degree,True,True,both_correct,0,0,22278,22278,0.2788779139518738,0.28883424401283264,0.15038388967514038,0.2819039225578308,0.2018638253211975,0.32850727438926697,0.1088535487651825,0.36077532172203064,-0.07701408863067627,0.039673030376434326,-0.041530340909957886,0.07887139916419983
292,315,19858,Person,Person,False,31.0,low_degree,True,True,both_correct,0,0,19858,19858,0.26858776807785034,0.2991679310798645,0.15546120703220367,0.2767830789089203,0.19413143396377563,0.3397638499736786,0.11236366629600525,0.35374101996421814,-0.07445633411407471,0.04059591889381409,-0.043097540736198425,0.07695794105529785
293,10036,16350,Place,Place,False,47.0,mid_degree,False,True,rescued,1,0,19946,16350,0.2885378301143646,0.23368936777114868,0.18240545690059662,0.29536736011505127,0.18784628808498383,0.20284366607666016,0.17811079323291779,0.43119925260543823,-0.1006915420293808,-0.030845701694488525,-0.004294663667678833,0.13583189249038696
294,77,19571,Entity,Entity,False,350.0,high_degree,False,False,both_wrong,10,11,15098,25251,0.307100385427475,0.19596564769744873,0.14239993691444397,0.35453400015830994,0.30710041522979736,0.19596564769744873,0.14239995181560516,0.35453400015830994,2.9802322387695312e-08,0.0,1.4901161193847656e-08,0.0
295,9590,19507,Place,Place,False,73.0,mid_degree,True,True,both_correct,0,0,19507,19507,0.2927938401699066,0.2401532083749771,0.1606743335723877,0.30637863278388977,0.19012916088104248,0.20792141556739807,0.15649005770683289,0.44545939564704895,-0.10266467928886414,-0.03223179280757904,-0.00418427586555481,0.13908076286315918
296,10847,18572,Place,Place,False,14.0,low_degree,True,True,both_correct,0,0,18572,18572,0.29250577092170715,0.23297683894634247,0.16862690448760986,0.3058904707431793,0.18974068760871887,0.20149394869804382,0.1640617549419403,0.444703608751297,-0.10276508331298828,-0.031482890248298645,-0.004565149545669556,0.13881313800811768
297,9988,23347,Entity,Organization,True,13.0,low_degree,False,False,both_wrong,183,147,18625,24654,0.28674110770225525,0.22141960263252258,0.1980680674314499,0.29377123713493347,0.28674110770225525,0.22141961753368378,0.1980680674314499,0.29377123713493347,0.0,1.4901161193847656e-08,0.0,0.0
298,2981,21575,Person,Person,False,22.0,low_degree,True,True,both_correct,0,0,21575,21575,0.2774633467197418,0.28548750281333923,0.15471607446670532,0.2823330760002136,0.20108631253242493,0.3250997066497803,0.11212607473134995,0.36168792843818665,-0.0763770341873169,0.03961220383644104,-0.04258999973535538,0.07935485243797302
299,10043,25498,Creative Work,Creative Work,False,58.0,mid_degree,True,True,both_correct,0,0,25498,25498,0.2529236078262329,0.23959645628929138,0.2515099048614502,0.2559700608253479,0.15743368864059448,0.24855287373065948,0.18267114460468292,0.4113422632217407,-0.09548991918563843,0.008956417441368103,-0.06883876025676727,0.15537220239639282
300,10756,16403,Person,Person,False,32.0,low_degree,True,True,both_correct,0,0,16403,16403,0.2622824013233185,0.27751073241233826,0.19596415758132935,0.2642427086830139,0.19264434278011322,0.32027214765548706,0.1439272165298462,0.3431563377380371,-0.06963805854320526,0.042761415243148804,-0.052036941051483154,0.0789136290550232
301,8138,24363,Creative Work,Creative Work,False,76.0,high_degree,True,True,both_correct,0,0,24363,24363,0.3199237585067749,0.18603932857513428,0.15607613325119019,0.33796077966690063,0.1896577626466751,0.1838047206401825,0.10795918107032776,0.5185783505439758,-0.1302659958600998,-0.0022346079349517822,-0.04811695218086243,0.1806175708770752
302,7765,17725,Person,Person,False,89.0,high_degree,True,True,both_correct,0,0,17725,17725,0.24797967076301575,0.25733256340026855,0.2505458891391754,0.24414189159870148,0.18581117689609528,0.3029714822769165,0.1877598911523819,0.32345741987228394,-0.06216849386692047,0.04563891887664795,-0.06278599798679352,0.07931552827358246
303,11426,16081,Person,Person,False,62.0,mid_degree,True,True,both_correct,0,0,16081,16081,0.2706548571586609,0.281240850687027,0.17741858959197998,0.27068570256233215,0.19773975014686584,0.32285550236701965,0.1296183168888092,0.3497864007949829,-0.07291510701179504,0.041614651679992676,-0.047800272703170776,0.07910069823265076
304,1854,25892,Person,Person,False,59.0,mid_degree,True,True,both_correct,0,0,25892,25892,0.27696236968040466,0.28950098156929016,0.15334662795066833,0.28018999099731445,0.20061324536800385,0.3294895589351654,0.1110774576663971,0.35881978273391724,-0.07634912431240082,0.039988577365875244,-0.04226917028427124,0.07862979173660278
305,14058,18109,Organization,Organization,False,10.0,low_degree,True,True,both_correct,0,0,18109,18109,0.31175464391708374,0.20888572931289673,0.1659260094165802,0.31343361735343933,0.23227283358573914,0.1778443306684494,0.14128397405147552,0.4485989212989807,-0.0794818103313446,-0.031041398644447327,-0.024642035365104675,0.13516530394554138
306,3596,27382,Entity,Organization,True,28.0,low_degree,True,True,both_correct,0,0,27382,27382,0.31362685561180115,0.20373475551605225,0.15873773396015167,0.32390064001083374,0.31362685561180115,0.20373477041721344,0.15873773396015167,0.32390064001083374,0.0,1.4901161193847656e-08,0.0,0.0
307,7047,15475,Person,Person,False,52.0,mid_degree,True,True,both_correct,0,0,15475,15475,0.2699495255947113,0.2848699390888214,0.16519881784915924,0.27998173236846924,0.1959029734134674,0.3248300850391388,0.11989415436983109,0.3593727946281433,-0.0740465521812439,0.03996014595031738,-0.045304663479328156,0.07939106225967407
308,10968,17388,Place,Place,False,19.0,low_degree,False,False,both_wrong,46,14,20430,16754,0.2801489233970642,0.25735557079315186,0.16917124390602112,0.29332423210144043,0.182592511177063,0.22364085912704468,0.1653769463300705,0.42838966846466064,-0.09755641222000122,-0.03371471166610718,-0.0037942975759506226,0.13506543636322021
309,3066,26909,Creative Work,Creative Work,False,196.0,high_degree,True,True,both_correct,0,0,26909,26909,0.26429662108421326,0.24761678278446198,0.2160646617412567,0.2720218896865845,0.16216391324996948,0.25320732593536377,0.15466390550136566,0.4299648404121399,-0.10213270783424377,0.005590543150901794,-0.06140075623989105,0.15794295072555542
310,11238,21211,Creative Work,Creative Work,False,42.0,mid_degree,True,True,both_correct,0,0,21211,21211,0.2773630917072296,0.25458279252052307,0.18747076392173767,0.2805834114551544,0.16866599023342133,0.2580112814903259,0.1330108791589737,0.44031184911727905,-0.10869710147380829,0.0034284889698028564,-0.05445988476276398,0.15972843766212463
311,13188,24432,Person,Person,False,27.0,low_degree,True,True,both_correct,0,0,24432,24432,0.2719327509403229,0.29407623410224915,0.16124743223190308,0.2727436125278473,0.19742842018604279,0.3354753851890564,0.11706126481294632,0.3500349223613739,-0.07450433075428009,0.04139915108680725,-0.04418616741895676,0.07729130983352661
312,4029,25519,Organization,Organization,False,28.0,low_degree,False,True,rescued,3,0,26459,25519,0.3207406997680664,0.2093709260225296,0.15773439407348633,0.3121539354324341,0.23947012424468994,0.17863240838050842,0.1345907598733902,0.44730669260025024,-0.08127057552337646,-0.03073851764202118,-0.02314363420009613,0.13515275716781616
313,11369,15905,Place,Place,False,18.0,low_degree,False,True,rescued,1,0,19981,15905,0.2821981608867645,0.2454724907875061,0.167604461312294,0.30472490191459656,0.18276794254779816,0.21196861565113068,0.16281147301197052,0.44245198369026184,-0.09943021833896637,-0.03350387513637543,-0.004792988300323486,0.13772708177566528
314,301,22953,Entity,Entity,False,280.0,high_degree,True,True,both_correct,0,0,22953,22953,0.12925772368907928,0.12268240004777908,0.6175971031188965,0.13046279549598694,0.12925772368907928,0.12268239259719849,0.6175971031188965,0.13046281039714813,0.0,-7.450580596923828e-09,0.0,1.4901161193847656e-08
315,7387,18503,Person,Person,False,56.0,mid_degree,True,True,both_correct,0,0,18503,18503,0.25619474053382874,0.26556941866874695,0.21996530890464783,0.2582705318927765,0.18968138098716736,0.30894652009010315,0.16286000609397888,0.3385120630264282,-0.06651335954666138,0.0433771014213562,-0.057105302810668945,0.08024153113365173
316,11846,15571,Person,Creative Work,True,33.0,low_degree,True,True,both_correct,0,0,15571,15571,0.28405869007110596,0.2618004083633423,0.16585655510425568,0.2882843613624573,0.20712700486183167,0.29995062947273254,0.12094062566757202,0.37198173999786377,-0.07693168520927429,0.03815022110939026,-0.044915929436683655,0.0836973786354065
317,8790,23922,Organization,Organization,False,15.0,low_degree,False,True,rescued,1,0,21988,23922,0.2931932806968689,0.21718646585941315,0.1872163861989975,0.3024038076400757,0.21949626505374908,0.1858028918504715,0.16018033027648926,0.43452051281929016,-0.07369701564311981,-0.03138357400894165,-0.02703605592250824,0.13211670517921448
318,1434,17790,Person,Person,False,30.0,low_degree,True,True,both_correct,0,0,17790,17790,0.2683523893356323,0.2808724343776703,0.17967526614665985,0.27109992504119873,0.196072056889534,0.3224565088748932,0.131271630525589,0.35019978880882263,-0.07228033244609833,0.0415840744972229,-0.04840363562107086,0.0790998637676239
319,5331,20314,Place,Place,False,94.0,high_degree,True,True,both_correct,0,0,20314,20314,0.29816532135009766,0.23086534440517426,0.17352831363677979,0.2974410355091095,0.19459620118141174,0.20089097321033478,0.16986560821533203,0.43464717268943787,-0.10356912016868591,-0.029974371194839478,-0.003662705421447754,0.13720613718032837
320,1521,20249,Person,Person,False,55.0,mid_degree,True,True,both_correct,0,0,20249,20249,0.2629600763320923,0.2721465528011322,0.20969685912132263,0.2551965117454529,0.19447775185108185,0.31625232100486755,0.15507721900939941,0.3341927230358124,-0.06848232448101044,0.04410576820373535,-0.05461964011192322,0.0789962112903595
321,9507,19406,Place,Place,False,31.0,low_degree,True,True,both_correct,0,0,19406,19406,0.2806072533130646,0.25340431928634644,0.18044766783714294,0.28554075956344604,0.1834886521100998,0.22092604637145996,0.17697615921497345,0.4186091423034668,-0.09711860120296478,-0.032478272914886475,-0.0034715086221694946,0.13306838274002075
322,9632,16452,Entity,Entity,False,146.0,high_degree,True,True,both_correct,0,0,16452,16452,0.29724210500717163,0.2215110808610916,0.18182753026485443,0.2994192838668823,0.29724207520484924,0.2215110957622528,0.18182753026485443,0.29941925406455994,-2.9802322387695312e-08,1.4901161193847656e-08,0.0,-2.9802322387695312e-08
323,4737,23051,Person,Person,False,62.0,mid_degree,True,True,both_correct,0,0,23051,23051,0.26820114254951477,0.29497286677360535,0.1580723077058792,0.27875369787216187,0.19395117461681366,0.3351702392101288,0.11431746929883957,0.3565610945224762,-0.07424996793270111,0.04019737243652344,-0.04375483840703964,0.07780739665031433
324,34,27495,Creative Work,Creative Work,False,90.0,high_degree,True,True,both_correct,0,0,27495,27495,0.3243192434310913,0.19120201468467712,0.15386614203453064,0.33061254024505615,0.19327469170093536,0.1898997724056244,0.10699865967035294,0.5098268389701843,-0.13104455173015594,-0.0013022422790527344,-0.046867482364177704,0.17921429872512817
325,7918,23476,Creative Work,Creative Work,False,46.0,mid_degree,True,True,both_correct,0,0,23476,23476,0.31709372997283936,0.191877543926239,0.16061517596244812,0.3304135203361511,0.1889278143644333,0.1905297338962555,0.11166033148765564,0.5088821053504944,-0.12816591560840607,-0.0013478100299835205,-0.04895484447479248,0.17846858501434326
326,12088,15900,Organization,Organization,False,32.0,low_degree,True,True,both_correct,0,0,15900,15900,0.3074522018432617,0.22342947125434875,0.1695912778377533,0.29952701926231384,0.23091888427734375,0.19176484644412994,0.14557188749313354,0.43174436688423157,-0.07653331756591797,-0.03166462481021881,-0.02401939034461975,0.13221734762191772
327,14386,23702,Place,Place,False,7.0,low_degree,False,False,both_wrong,6,2,19427,26660,0.28905975818634033,0.23895753920078278,0.18000337481498718,0.2919793426990509,0.18870200216770172,0.2079855501651764,0.17624780535697937,0.42706459760665894,-0.10035775601863861,-0.030971989035606384,-0.0037555694580078125,0.13508525490760803
328,14430,25819,Organization,Organization,False,10.0,low_degree,True,True,both_correct,0,0,25819,25819,0.29316073656082153,0.21846343576908112,0.16999441385269165,0.3183814287185669,0.21744441986083984,0.18516875803470612,0.14410173892974854,0.4532851278781891,-0.07571631669998169,-0.033294677734375,-0.025892674922943115,0.1349036991596222
329,5737,18592,Entity,Entity,False,14.0,low_degree,True,True,both_correct,0,0,18592,18592,0.2952326238155365,0.2053874433040619,0.1564011573791504,0.342978835105896,0.2952326238155365,0.2053874284029007,0.1564011573791504,0.342978835105896,0.0,-1.4901161193847656e-08,0.0,0.0
330,6180,20347,Person,Person,False,69.0,mid_degree,True,True,both_correct,0,0,20347,20347,0.26556530594825745,0.28163647651672363,0.18155528604984283,0.2712429463863373,0.19392350316047668,0.32314619421958923,0.13258640468120575,0.35034385323524475,-0.07164180278778076,0.0415097177028656,-0.048968881368637085,0.07910090684890747
331,14596,25863,Organization,Organization,False,19.0,low_degree,False,False,both_wrong,50,49,18689,18998,0.3125617504119873,0.23177827894687653,0.15474888682365417,0.3009110987186432,0.23474982380867004,0.19892486929893494,0.13282783329486847,0.43349748849868774,-0.07781192660331726,-0.03285340964794159,-0.021921053528785706,0.13258638978004456
332,9404,18352,Entity,Entity,False,44.0,mid_degree,False,False,both_wrong,13,36,15451,19731,0.3164518475532532,0.21210800111293793,0.1498643308877945,0.3215758502483368,0.3164518177509308,0.21210800111293793,0.1498643308877945,0.3215758502483368,-2.9802322387695312e-08,0.0,0.0,0.0
333,13725,16474,Place,Place,False,25.0,low_degree,True,True,both_correct,0,0,16474,16474,0.29345664381980896,0.2532894015312195,0.16001088917255402,0.29324305057525635,0.1919916570186615,0.22094227373600006,0.15701502561569214,0.43005111813545227,-0.10146498680114746,-0.03234712779521942,-0.0029958635568618774,0.13680806756019592
334,8384,19354,Person,Person,False,95.0,high_degree,True,True,both_correct,0,0,19354,19354,0.2751356065273285,0.29605552554130554,0.14794206619262695,0.2808667719364166,0.19865423440933228,0.33587446808815,0.10681759566068649,0.3586536645889282,-0.07648137211799622,0.03981894254684448,-0.04112447053194046,0.0777868926525116
335,3397,23815,Organization,Organization,False,60.0,mid_degree,False,False,both_wrong,13,10,24696,24696,0.3014085292816162,0.19847939908504486,0.15101447701454163,0.3490976095199585,0.21972662210464478,0.1653432697057724,0.1258164495229721,0.4891136884689331,-0.08168190717697144,-0.03313612937927246,-0.02519802749156952,0.1400160789489746
336,13849,19100,Place,Place,False,25.0,low_degree,True,True,both_correct,0,0,19100,19100,0.29255133867263794,0.2446770817041397,0.17495255172252655,0.287818968296051,0.19163662195205688,0.2136942446231842,0.1718897819519043,0.4227793216705322,-0.10091471672058105,-0.030982837080955505,-0.0030627697706222534,0.1349603533744812
337,14332,15307,Entity,Creative Work,True,8.0,low_degree,True,True,both_correct,0,0,15307,15307,0.28916308283805847,0.21516673266887665,0.19740700721740723,0.29826319217681885,0.28916308283805847,0.21516674757003784,0.19740700721740723,0.29826319217681885,0.0,1.4901161193847656e-08,0.0,0.0
338,6003,24182,Creative Work,Creative Work,False,75.0,high_degree,True,True,both_correct,0,0,24182,24182,0.3259551525115967,0.19181862473487854,0.15226568281650543,0.32996052503585815,0.19444678723812103,0.19070495665073395,0.10598871111869812,0.5088595747947693,-0.13150836527347565,-0.0011136680841445923,-0.04627697169780731,0.17889904975891113
339,10474,24255,Person,Person,False,63.0,mid_degree,True,True,both_correct,0,0,24255,24255,0.27708157896995544,0.28712621331214905,0.15721696615219116,0.27857521176338196,0.2010914534330368,0.3274248242378235,0.11410477012395859,0.35737890005111694,-0.07599012553691864,0.04029861092567444,-0.043112196028232574,0.07880368828773499
340,708,15106,Person,Person,False,126.0,high_degree,True,True,both_correct,0,0,15106,15106,0.2517300844192505,0.24717067182064056,0.25045228004455566,0.25064700841903687,0.18869851529598236,0.29112526774406433,0.18778197467327118,0.33239424228668213,-0.06303156912326813,0.04395459592342377,-0.06267030537128448,0.08174723386764526
341,11494,20523,Person,Person,False,74.0,mid_degree,True,False,harmed,0,1,20523,18530,0.2719045579433441,0.3042072355747223,0.14938989281654358,0.2744983434677124,0.19635671377182007,0.34518373012542725,0.10787691175937653,0.35058262944221497,-0.07554784417152405,0.040976494550704956,-0.04151298105716705,0.07608428597450256
342,6495,26243,Creative Work,Creative Work,False,85.0,high_degree,True,True,both_correct,0,0,26243,26243,0.31971970200538635,0.19227784872055054,0.15168209373950958,0.3363203704357147,0.1895245909690857,0.1899571567773819,0.10492600500583649,0.5155922174453735,-0.13019511103630066,-0.00232069194316864,-0.046756088733673096,0.1792718470096588
343,12519,25278,Organization,Organization,False,24.0,low_degree,False,False,both_wrong,60,51,23527,25430,0.3206029236316681,0.20198577642440796,0.15791288018226624,0.3194984197616577,0.23832719027996063,0.17158256471157074,0.13415776193141937,0.45593249797821045,-0.08227573335170746,-0.03040321171283722,-0.023755118250846863,0.13643407821655273
344,12664,24655,Person,Person,False,18.0,low_degree,True,True,both_correct,0,0,24655,24655,0.2650207281112671,0.2996198832988739,0.1589929759502411,0.2763664126396179,0.19156070053577423,0.3402898907661438,0.11492054164409637,0.3532288372516632,-0.07346002757549286,0.0406700074672699,-0.044072434306144714,0.07686242461204529
345,10692,16794,Person,Person,False,33.0,low_degree,True,True,both_correct,0,0,16794,16794,0.2744760513305664,0.27937838435173035,0.16587074100971222,0.2802748382091522,0.19964198768138885,0.31929507851600647,0.12064481526613235,0.3604181110858917,-0.07483406364917755,0.03991669416427612,-0.045225925743579865,0.0801432728767395
346,11113,24730,Organization,Organization,False,10.0,low_degree,True,True,both_correct,0,0,24730,24730,0.30042290687561035,0.2203238606452942,0.1721336394548416,0.3071196377277374,0.22446240484714508,0.18811289966106415,0.14698351919651031,0.4404411017894745,-0.07596050202846527,-0.03221096098423004,-0.0251501202583313,0.13332146406173706
347,5467,26569,Creative Work,Creative Work,False,75.0,high_degree,True,True,both_correct,0,0,26569,26569,0.3270393908023834,0.18759825825691223,0.15390126407146454,0.331461101770401,0.19491411745548248,0.18633779883384705,0.10704713314771652,0.5117009878158569,-0.13212527334690094,-0.0012604594230651855,-0.046854130923748016,0.18023988604545593
348,1776,16561,Place,Place,False,42.0,mid_degree,True,True,both_correct,0,0,16561,16561,0.2626110017299652,0.22667285799980164,0.24880586564540863,0.26191022992134094,0.172140434384346,0.19810408353805542,0.2446163445711136,0.3851391077041626,-0.0904705673456192,-0.028568774461746216,-0.004189521074295044,0.12322887778282166
349,12399,26463,Person,Person,False,12.0,low_degree,False,True,rescued,1,0,24324,26463,0.263878732919693,0.3078884184360504,0.15635935962200165,0.27187347412109375,0.19057781994342804,0.34939271211624146,0.11292161792516708,0.347107857465744,-0.07330091297626495,0.04150429368019104,-0.043437741696834564,0.07523438334465027
350,5426,24386,Person,Person,False,58.0,mid_degree,True,True,both_correct,0,0,24386,24386,0.27186283469200134,0.29092246294021606,0.15012948215007782,0.28708526492118835,0.19603578746318817,0.3296205699443817,0.10825183987617493,0.366091787815094,-0.07582704722881317,0.03869810700416565,-0.04187764227390289,0.07900652289390564
351,12231,20503,Place,Place,False,39.0,mid_degree,True,True,both_correct,0,0,20503,20503,0.27747657895088196,0.25161224603652954,0.18162353336811066,0.28928765654563904,0.18083804845809937,0.21863390505313873,0.17753653228282928,0.4229915738105774,-0.09663853049278259,-0.03297834098339081,-0.004087001085281372,0.13370391726493835
352,7478,15100,Entity,Entity,False,46.0,mid_degree,True,True,both_correct,0,0,15100,15100,0.26516857743263245,0.20745474100112915,0.2566649615764618,0.2707116901874542,0.26516860723495483,0.20745474100112915,0.2566649615764618,0.2707116901874542,2.9802322387695312e-08,0.0,0.0,0.0
353,13970,24928,Organization,Organization,False,27.0,low_degree,False,False,both_wrong,61,157,26046,26046,0.31183159351348877,0.20395773649215698,0.16092395782470703,0.3232867121696472,0.23104077577590942,0.17268475890159607,0.1362639218568802,0.4600106179714203,-0.08079081773757935,-0.03127297759056091,-0.024660035967826843,0.13672390580177307
354,10166,24084,Person,Person,False,30.0,low_degree,True,True,both_correct,0,0,24084,24084,0.2716768980026245,0.28894615173339844,0.16359101235866547,0.2757859528064728,0.19729749858379364,0.3297141194343567,0.11879563331604004,0.3541927635669708,-0.07437939941883087,0.04076796770095825,-0.04479537904262543,0.07840681076049805
355,596,18794,Person,Person,False,166.0,high_degree,True,True,both_correct,0,0,18794,18794,0.27416959404945374,0.2972155809402466,0.14737267792224884,0.28124213218688965,0.19779418408870697,0.3369140923023224,0.10632975399494171,0.35896196961402893,-0.07637540996074677,0.039698511362075806,-0.04104292392730713,0.07771983742713928
356,2454,17856,Person,Person,False,226.0,high_degree,True,True,both_correct,0,0,17856,17856,0.27512869238853455,0.2975340187549591,0.14654311537742615,0.2807941734790802,0.1984599530696869,0.33722764253616333,0.10570687800645828,0.35860559344291687,-0.07666873931884766,0.039693623781204224,-0.040836237370967865,0.07781141996383667
357,2595,27600,Creative Work,Creative Work,False,108.0,high_degree,True,True,both_correct,0,0,27600,27600,0.327115923166275,0.19007472693920135,0.15224961936473846,0.33055973052978516,0.19500702619552612,0.18884359300136566,0.1059211790561676,0.5102282166481018,-0.1321088969707489,-0.0012311339378356934,-0.04632844030857086,0.17966848611831665
358,8459,19453,Person,Person,False,69.0,mid_degree,True,True,both_correct,0,0,19453,19453,0.2661571800708771,0.281149297952652,0.18515226244926453,0.26754122972488403,0.1948101818561554,0.32334190607070923,0.13552331924438477,0.34632453322410583,-0.07134699821472168,0.04219260811805725,-0.04962894320487976,0.0787833034992218
359,5439,22734,Person,Person,False,179.0,high_degree,True,True,both_correct,0,0,22734,22734,0.24275988340377808,0.2676665186882019,0.23797406256198883,0.25159952044487,0.18033164739608765,0.3124212920665741,0.1768416315317154,0.33040544390678406,-0.06242823600769043,0.04475477337837219,-0.06113243103027344,0.07880592346191406
360,13125,21541,Person,Person,False,17.0,low_degree,True,True,both_correct,0,0,21541,21541,0.26979437470436096,0.2920849323272705,0.16112247109413147,0.27699825167655945,0.19555853307247162,0.33266356587409973,0.11678225547075272,0.3549956679344177,-0.07423584163188934,0.040578633546829224,-0.044340215623378754,0.07799741625785828
361,8248,27670,Entity,Person,True,56.0,mid_degree,True,True,both_correct,0,0,27670,27670,0.3129579722881317,0.21372593939304352,0.15383337438106537,0.3194827139377594,0.3129579722881317,0.21372593939304352,0.15383337438106537,0.3194827139377594,0.0,0.0,0.0,0.0
362,38,21802,Creative Work,Creative Work,False,88.0,high_degree,True,True,both_correct,0,0,21802,21802,0.31961119174957275,0.18710492551326752,0.15796028077602386,0.3353235423564911,0.18993304669857025,0.1853075623512268,0.109531931579113,0.5152274370193481,-0.1296781450510025,-0.0017973631620407104,-0.04842834919691086,0.17990389466285706
363,9306,26230,Person,Person,False,68.0,mid_degree,True,True,both_correct,0,0,26230,26230,0.2787396013736725,0.2905631959438324,0.15649938583374023,0.2741977870464325,0.2025076448917389,0.33169296383857727,0.11369682848453522,0.3521025478839874,-0.0762319564819336,0.04112976789474487,-0.04280255734920502,0.07790476083755493
364,5390,18017,Place,Place,False,68.0,mid_degree,True,True,both_correct,0,0,18017,18017,0.25519081950187683,0.2231593281030655,0.2691011428833008,0.2525486648082733,0.1675596386194229,0.19536346197128296,0.2650177478790283,0.3720592260360718,-0.08763118088245392,-0.027795866131782532,-0.004083395004272461,0.11951056122779846
365,7012,27424,Creative Work,Creative Work,False,66.0,mid_degree,False,False,both_wrong,39,3,27422,27539,0.3232744634151459,0.19118432700634003,0.15530024468898773,0.3302409052848816,0.1927742063999176,0.1900022178888321,0.10805582255125046,0.5091676712036133,-0.13050025701522827,-0.0011821091175079346,-0.047244422137737274,0.1789267659187317
366,11188,17245,Place,Place,False,72.0,mid_degree,True,True,both_correct,0,0,17245,17245,0.2937881350517273,0.2480030208826065,0.1635928452014923,0.2946159839630127,0.19210004806518555,0.21620912849903107,0.16043950617313385,0.43125125765800476,-0.10168808698654175,-0.03179389238357544,-0.0031533390283584595,0.13663527369499207
367,11527,27069,Creative Work,Creative Work,False,66.0,mid_degree,True,True,both_correct,0,0,27069,27069,0.3206152319908142,0.19428662955760956,0.1513064205646515,0.33379167318344116,0.19041812419891357,0.1923077553510666,0.10485432296991348,0.5124197602272034,-0.13019710779190063,-0.0019788742065429688,-0.04645209759473801,0.1786280870437622
368,6617,22434,Person,Person,False,37.0,mid_degree,True,True,both_correct,0,0,22434,22434,0.24462248384952545,0.25022581219673157,0.2592771351337433,0.2458745241165161,0.18368129432201385,0.2952251136302948,0.19467291235923767,0.32642072439193726,-0.0609411895275116,0.04499930143356323,-0.06460422277450562,0.08054620027542114
369,9635,18403,Person,Person,False,29.0,low_degree,True,True,both_correct,0,0,18403,18403,0.27298933267593384,0.28745967149734497,0.16200147569179535,0.27754950523376465,0.19819174706935883,0.3279206454753876,0.11760798841714859,0.35627955198287964,-0.07479758560657501,0.0404609739780426,-0.04439348727464676,0.07873004674911499
370,1254,24884,Creative Work,Creative Work,False,67.0,mid_degree,True,True,both_correct,0,0,24884,24884,0.3280170261859894,0.1873375028371811,0.15195107460021973,0.3326943516731262,0.1954868584871292,0.18606902658939362,0.10567052662372589,0.5127735733985901,-0.13253016769886017,-0.0012684762477874756,-0.046280547976493835,0.18007922172546387
371,2245,22991,Person,Person,False,64.0,mid_degree,True,False,harmed,0,1,22991,27114,0.27339279651641846,0.2989911139011383,0.15078753232955933,0.2768285572528839,0.1976097822189331,0.339572012424469,0.10899324715137482,0.3538249135017395,-0.07578301429748535,0.04058089852333069,-0.04179428517818451,0.07699635624885559
372,12611,22582,Person,Person,False,53.0,mid_degree,True,True,both_correct,0,0,22582,22582,0.26950564980506897,0.2929115891456604,0.1540880799293518,0.28349465131759644,0.19458773732185364,0.33230480551719666,0.11124913394451141,0.3618582487106323,-0.07491791248321533,0.039393216371536255,-0.04283894598484039,0.07836359739303589
373,4557,26304,Organization,Organization,False,40.0,mid_degree,True,True,both_correct,0,0,26304,26304,0.3310836851596832,0.19788122177124023,0.15321223437786102,0.31782281398773193,0.24653533101081848,0.1683800220489502,0.1303846687078476,0.45469996333122253,-0.08454835414886475,-0.02950119972229004,-0.022827565670013428,0.1368771493434906
374,10913,20521,Place,Place,False,30.0,low_degree,True,True,both_correct,0,0,20521,20521,0.27677232027053833,0.25176113843917847,0.19387954473495483,0.277586966753006,0.18140320479869843,0.22000561654567719,0.1905929446220398,0.4079982042312622,-0.0953691154718399,-0.03175552189350128,-0.003286600112915039,0.13041123747825623
375,9373,23091,Creative Work,Creative Work,False,40.0,mid_degree,True,True,both_correct,0,0,23091,23091,0.25216832756996155,0.23753121495246887,0.2461422085762024,0.2641582489013672,0.15594395995140076,0.24480926990509033,0.1776229441165924,0.4216238260269165,-0.09622436761856079,0.00727805495262146,-0.06851926445960999,0.15746557712554932
376,3016,18457,Person,Person,False,44.0,mid_degree,True,True,both_correct,0,0,18457,18457,0.2752828001976013,0.29384204745292664,0.15118469297885895,0.2796904742717743,0.1990746408700943,0.3338898718357086,0.10933458805084229,0.357700914144516,-0.07620815932750702,0.04004782438278198,-0.04185010492801666,0.0780104398727417
377,13445,27502,Entity,Creative Work,True,2.0,low_degree,False,False,both_wrong,29,144,27753,27753,0.30822890996932983,0.2087147980928421,0.19191336631774902,0.29114294052124023,0.30822890996932983,0.2087148129940033,0.19191336631774902,0.29114294052124023,0.0,1.4901161193847656e-08,0.0,0.0
378,8166,16145,Person,Person,False,61.0,mid_degree,True,True,both_correct,0,0,16145,16145,0.269721657037735,0.2849973440170288,0.16622772812843323,0.279053270816803,0.1958436369895935,0.32515156269073486,0.12070765346288681,0.3582971692085266,-0.07387802004814148,0.040154218673706055,-0.04552007466554642,0.07924389839172363
379,10541,21937,Organization,Organization,False,43.0,mid_degree,True,True,both_correct,0,0,21937,21937,0.3045129179954529,0.23116955161094666,0.16428008675575256,0.3000374436378479,0.2285260409116745,0.19824667274951935,0.14089874923229218,0.4323285222053528,-0.07598687708377838,-0.03292287886142731,-0.023381337523460388,0.13229107856750488
380,9021,20011,Creative Work,Creative Work,False,94.0,high_degree,True,True,both_correct,0,0,20011,20011,0.3262297511100769,0.187400683760643,0.15524651110172272,0.3311230540275574,0.19455739855766296,0.18626216053962708,0.10804224014282227,0.5111382007598877,-0.13167235255241394,-0.0011385232210159302,-0.04720427095890045,0.18001514673233032
381,14797,21239,Entity,Organization,True,4.0,low_degree,True,True,both_correct,0,0,21239,21239,0.2917254865169525,0.20884591341018677,0.18913860619068146,0.3102899491786957,0.2917254865169525,0.20884592831134796,0.18913860619068146,0.3102899491786957,0.0,1.4901161193847656e-08,0.0,0.0
382,9866,25344,Creative Work,Creative Work,False,81.0,high_degree,False,True,rescued,5,0,23352,25344,0.32001224160194397,0.19320014119148254,0.15553700923919678,0.3312506377696991,0.19043755531311035,0.19161227345466614,0.10800904035568237,0.5099411606788635,-0.12957468628883362,-0.0015878677368164062,-0.047527968883514404,0.17869052290916443
383,5792,21725,Organization,Organization,False,32.0,low_degree,True,True,both_correct,0,0,21725,21725,0.2917565107345581,0.23196449875831604,0.16552436351776123,0.310754656791687,0.21730764210224152,0.19743424654006958,0.14089921116828918,0.4443589448928833,-0.07444886863231659,-0.03453025221824646,-0.024625152349472046,0.1336042881011963
384,11395,17004,Person,Person,False,60.0,mid_degree,True,True,both_correct,0,0,17004,17004,0.2757585942745209,0.2894185781478882,0.15183775126934052,0.2829850912094116,0.1994345784187317,0.32888931035995483,0.10980994999408722,0.3618661165237427,-0.07632401585578918,0.03947073221206665,-0.042027801275253296,0.07888102531433105
385,8775,21283,Place,Place,False,35.0,mid_degree,True,True,both_correct,0,0,21283,21283,0.26065587997436523,0.22555401921272278,0.2577526569366455,0.2560374438762665,0.17127090692520142,0.19760170578956604,0.25402408838272095,0.3771032989025116,-0.08938497304916382,-0.02795231342315674,-0.0037285685539245605,0.12106585502624512
386,13477,19182,Place,Place,False,21.0,low_degree,True,True,both_correct,0,0,19182,19182,0.29390275478363037,0.2311723530292511,0.17314347624778748,0.3017813563346863,0.1909731924533844,0.20027513802051544,0.16874374449253082,0.44000789523124695,-0.10292956233024597,-0.030897215008735657,-0.004399731755256653,0.13822653889656067
387,12537,17554,Place,Place,False,20.0,low_degree,False,True,rescued,2,0,19908,17554,0.28511112928390503,0.24573515355587006,0.17627446353435516,0.29287925362586975,0.18593573570251465,0.2136680781841278,0.17242176830768585,0.42797449231147766,-0.09917539358139038,-0.03206707537174225,-0.0038526952266693115,0.1350952386856079
388,7428,24953,Organization,Organization,False,36.0,mid_degree,True,True,both_correct,0,0,24953,24953,0.3076972961425781,0.20436835289001465,0.1544232964515686,0.333511084318161,0.22654855251312256,0.17194785177707672,0.12993982434272766,0.47156375646591187,-0.08114874362945557,-0.03242050111293793,-0.024483472108840942,0.13805267214775085
389,13247,23681,Place,Place,False,7.0,low_degree,True,True,both_correct,0,0,23681,23681,0.28704074025154114,0.23661422729492188,0.1863635629415512,0.2899814248085022,0.18741868436336517,0.2059842199087143,0.18250925838947296,0.42408791184425354,-0.09962205588817596,-0.03063000738620758,-0.003854304552078247,0.13410648703575134
390,11997,20178,Place,Place,False,28.0,low_degree,True,True,both_correct,0,0,20178,20178,0.27577272057533264,0.2506723403930664,0.18415623903274536,0.2893986999988556,0.17960907518863678,0.2176739126443863,0.17989316582679749,0.4228239059448242,-0.09616364538669586,-0.032998427748680115,-0.004263073205947876,0.13342520594596863
391,13037,22964,Place,Place,False,14.0,low_degree,True,True,both_correct,0,0,22964,22964,0.27679917216300964,0.24296261370182037,0.15703924000263214,0.32319897413253784,0.17733246088027954,0.20753228664398193,0.15089860558509827,0.46423667669296265,-0.0994667112827301,-0.03543032705783844,-0.0061406344175338745,0.1410377025604248
392,4846,23652,Creative Work,Creative Work,False,74.0,mid_degree,True,True,both_correct,0,0,23652,23652,0.3247607350349426,0.1871008723974228,0.15148048102855682,0.33665797114372253,0.19292482733726501,0.1852377951145172,0.1049991175532341,0.5168383121490479,-0.1318359076976776,-0.0018630772829055786,-0.04648136347532272,0.18018034100532532
393,2230,18625,Entity,Organization,True,28.0,low_degree,True,True,both_correct,0,0,18625,18625,0.2594209909439087,0.20796743035316467,0.2742912173271179,0.2583203613758087,0.2594209909439087,0.20796743035316467,0.2742912173271179,0.2583203911781311,0.0,0.0,0.0,2.9802322387695312e-08
394,14225,24370,Organization,Organization,False,4.0,low_degree,True,True,both_correct,0,0,24370,24370,0.2886153757572174,0.22309382259845734,0.19412124156951904,0.2941695749759674,0.2169933319091797,0.19167305529117584,0.166798397898674,0.42453527450561523,-0.07162204384803772,-0.031420767307281494,-0.027322843670845032,0.13036569952964783
395,14244,19167,Person,Person,False,19.0,low_degree,True,True,both_correct,0,0,19167,19167,0.2719529867172241,0.28990480303764343,0.1566273719072342,0.2815147936344147,0.19685354828834534,0.3297293484210968,0.11337929964065552,0.36003780364990234,-0.07509943842887878,0.03982454538345337,-0.043248072266578674,0.07852301001548767
396,5720,17333,Person,Person,False,171.0,high_degree,False,True,rescued,1,0,18167,17333,0.2694861888885498,0.3145918548107147,0.1460728943347931,0.26984903216362,0.19426077604293823,0.35632461309432983,0.10530660301446915,0.34410810470581055,-0.07522541284561157,0.04173275828361511,-0.040766291320323944,0.07425907254219055
397,770,26587,Event,Event,False,58.0,mid_degree,False,False,both_wrong,2,2,27194,27194,0.2859508693218231,0.23041914403438568,0.18669337034225464,0.29693666100502014,0.28298133611679077,0.22801117599010468,0.18484608829021454,0.3041614592075348,-0.0029695332050323486,-0.002407968044281006,-0.0018472820520401,0.0072247982025146484
398,9293,15771,Person,Person,False,37.0,mid_degree,True,True,both_correct,0,0,15771,15771,0.27254393696784973,0.2953763008117676,0.15413059294223785,0.2779492139816284,0.19711154699325562,0.3356608748435974,0.11146459728479385,0.35576292872428894,-0.07543238997459412,0.040284574031829834,-0.042665995657444,0.07781371474266052
399,14105,15062,Place,Place,False,4.0,low_degree,True,True,both_correct,0,0,15062,15062,0.2785834074020386,0.22968043386936188,0.1906781792640686,0.30105799436569214,0.18031816184520721,0.19821296632289886,0.1851145625114441,0.43635430932044983,-0.09826524555683136,-0.03146746754646301,-0.005563616752624512,0.1352963149547577
400,4712,24271,Creative Work,Creative Work,False,65.0,mid_degree,True,False,harmed,0,1,24271,25458,0.318458616733551,0.18918761610984802,0.15821783244609833,0.3341359496116638,0.18933093547821045,0.18745221197605133,0.10975068062543869,0.5134661793708801,-0.12912768125534058,-0.001735404133796692,-0.04846715182065964,0.1793302297592163
401,4725,27173,Event,Event,False,93.0,high_degree,False,False,both_wrong,16,14,19686,14966,0.30548185110092163,0.20606864988803864,0.14435574412345886,0.3440937399864197,0.3017454147338867,0.203532874584198,0.14269064366817474,0.35203105211257935,-0.003736436367034912,-0.002535775303840637,-0.0016651004552841187,0.007937312126159668
402,10597,16130,Place,Place,False,20.0,low_degree,True,True,both_correct,0,0,16130,16130,0.2858240604400635,0.24627912044525146,0.1729157716035843,0.2949810028076172,0.18623721599578857,0.21395322680473328,0.16898812353610992,0.4308214783668518,-0.0995868444442749,-0.03232589364051819,-0.003927648067474365,0.13584047555923462
403,3491,17653,Entity,Entity,False,8.0,low_degree,False,False,both_wrong,27,23,25507,17324,0.31199926137924194,0.21318987011909485,0.16228221356868744,0.31252869963645935,0.31199923157691956,0.21318988502025604,0.16228219866752625,0.31252866983413696,-2.9802322387695312e-08,1.4901161193847656e-08,-1.4901161193847656e-08,-2.9802322387695312e-08
404,8189,25504,Person,Person,False,56.0,mid_degree,True,True,both_correct,0,0,25504,25504,0.2726135849952698,0.29157182574272156,0.15844915807247162,0.27736544609069824,0.19762228429317474,0.33211347460746765,0.11485615372657776,0.35540807247161865,-0.07499130070209503,0.040541648864746094,-0.04359300434589386,0.07804262638092041
405,9640,27071,Person,Person,False,37.0,mid_degree,True,True,both_correct,0,0,27071,27071,0.2800900340080261,0.29002806544303894,0.14972136914730072,0.28016048669815063,0.20283176004886627,0.3300122022628784,0.10841633379459381,0.3587396740913391,-0.07725827395915985,0.03998413681983948,-0.04130503535270691,0.07857918739318848
406,1443,27290,Creative Work,Creative Work,False,15.0,low_degree,True,True,both_correct,0,0,27290,27290,0.30868685245513916,0.19044245779514313,0.17034819722175598,0.33052244782447815,0.18403050303459167,0.18922002613544464,0.11848582327365875,0.5082637071609497,-0.12465634942054749,-0.0012224316596984863,-0.05186237394809723,0.17774125933647156
407,12216,26438,Person,Person,False,21.0,low_degree,True,True,both_correct,0,0,26438,26438,0.2793378233909607,0.284364253282547,0.15904809534549713,0.27724984288215637,0.20310623943805695,0.32487842440605164,0.11564348638057709,0.35637184977531433,-0.07623158395290375,0.04051417112350464,-0.043404608964920044,0.07912200689315796
408,2247,25769,Creative Work,Creative Work,False,66.0,mid_degree,False,False,both_wrong,95,91,27424,27623,0.3215617537498474,0.19002024829387665,0.15758302807807922,0.3308350145816803,0.19173331558704376,0.18882644176483154,0.10963335633277893,0.5098068118095398,-0.12982843816280365,-0.001193806529045105,-0.04794967174530029,0.1789717972278595
409,1863,25282,Creative Work,Creative Work,False,78.0,high_degree,True,True,both_correct,0,0,25282,25282,0.318970650434494,0.19208000600337982,0.15529602766036987,0.3336532711982727,0.18951484560966492,0.1901969015598297,0.10767205059528351,0.5126162171363831,-0.1294558048248291,-0.0018831044435501099,-0.047623977065086365,0.17896294593811035
410,3137,16514,Person,Person,False,49.0,mid_degree,True,True,both_correct,0,0,16514,16514,0.2686786651611328,0.26509377360343933,0.19602151215076447,0.2702060639858246,0.19769413769245148,0.3064866065979004,0.144236221909523,0.3515830338001251,-0.07098452746868134,0.04139283299446106,-0.051785290241241455,0.08137696981430054
411,4301,27498,Creative Work,Creative Work,False,99.0,high_degree,True,True,both_correct,0,0,27498,27498,0.3134755790233612,0.19101448357105255,0.15065810084342957,0.3448518216609955,0.1844194084405899,0.1872825026512146,0.10341518372297287,0.5248829126358032,-0.1290561705827713,-0.0037319809198379517,-0.047242917120456696,0.18003109097480774
412,9077,19175,Entity,Creative Work,True,16.0,low_degree,True,True,both_correct,0,0,19175,19175,0.27827346324920654,0.22208698093891144,0.21451587975025177,0.28512367606163025,0.27827346324920654,0.22208699584007263,0.21451587975025177,0.28512367606163025,0.0,1.4901161193847656e-08,0.0,0.0
413,12787,20861,Place,Place,False,20.0,low_degree,False,False,both_wrong,3,3,20807,20807,0.29189735651016235,0.24279725551605225,0.16371610760688782,0.3015892803668976,0.1899234652519226,0.2106274962425232,0.159769669175148,0.4396792948246002,-0.10197389125823975,-0.03216975927352905,-0.003946438431739807,0.13809001445770264
414,3779,16747,Person,Person,False,41.0,mid_degree,True,True,both_correct,0,0,16747,16747,0.2720193564891815,0.28750187158584595,0.16601569950580597,0.27446308732032776,0.19781099259853363,0.3285054862499237,0.12072094529867172,0.35296258330345154,-0.07420836389064789,0.04100361466407776,-0.04529475420713425,0.07849949598312378
415,2701,16594,Place,Place,False,40.0,mid_degree,True,True,both_correct,0,0,16594,16594,0.31484857201576233,0.2169702649116516,0.16261330246925354,0.3055678904056549,0.20531383156776428,0.18864218890666962,0.15904758870601654,0.4469963014125824,-0.10953474044799805,-0.028328076004981995,-0.0035657137632369995,0.1414284110069275
416,9744,22768,Creative Work,Creative Work,False,84.0,high_degree,True,True,both_correct,0,0,22768,22768,0.3216627836227417,0.18897803127765656,0.15443262457847595,0.3349265158176422,0.19106557965278625,0.18707777559757233,0.10703927278518677,0.5148174166679382,-0.13059720396995544,-0.0019002556800842285,-0.047393351793289185,0.17989090085029602
417,9751,17057,Person,Person,False,134.0,high_degree,True,True,both_correct,0,0,17057,17057,0.27904438972473145,0.286454975605011,0.15322688221931458,0.281273752450943,0.2021908164024353,0.3261345326900482,0.11103706806898117,0.3606376051902771,-0.07685357332229614,0.03967955708503723,-0.042189814150333405,0.0793638527393341
418,11634,21339,Person,Person,False,20.0,low_degree,True,True,both_correct,0,0,21339,21339,0.27212536334991455,0.29350847005844116,0.15587666630744934,0.27848950028419495,0.19697465002536774,0.3338216543197632,0.11282815784215927,0.356375515460968,-0.07515071332454681,0.04031318426132202,-0.04304850846529007,0.07788601517677307
419,14492,18616,Entity,Event,True,6.0,low_degree,False,False,both_wrong,4,4,16048,16048,0.3012259006500244,0.21471577882766724,0.18137574195861816,0.30268263816833496,0.301225870847702,0.21471576392650604,0.18137571215629578,0.30268263816833496,-2.9802322387695312e-08,-1.4901161193847656e-08,-2.9802322387695312e-08,0.0
420,3510,27113,Entity,Organization,True,37.0,mid_degree,False,False,both_wrong,39,48,16048,16048,0.3139587342739105,0.21565872430801392,0.16177287697792053,0.3086096942424774,0.3139587342739105,0.21565872430801392,0.16177287697792053,0.3086096942424774,0.0,0.0,0.0,0.0
421,9823,23320,Place,Place,False,7.0,low_degree,False,False,both_wrong,1,1,23318,23318,0.28766247630119324,0.2333928495645523,0.1827661246061325,0.2961784899234772,0.18720941245555878,0.2025141417980194,0.17839989066123962,0.4318765103816986,-0.10045306384563446,-0.030878707766532898,-0.004366233944892883,0.13569802045822144
422,374,19826,Person,Person,False,67.0,mid_degree,True,True,both_correct,0,0,19826,19826,0.25619181990623474,0.27340590953826904,0.21771012246608734,0.25269219279289246,0.18969181180000305,0.31808415055274963,0.16123254597187042,0.3309915065765381,-0.06650000810623169,0.04467824101448059,-0.05647757649421692,0.07829931378364563
423,5552,16415,Place,Place,False,88.0,high_degree,True,True,both_correct,0,0,16415,16415,0.2626079320907593,0.22697988152503967,0.25003743171691895,0.2603747546672821,0.17248167097568512,0.19876700639724731,0.246316596865654,0.3824347257614136,-0.09012626111507416,-0.02821287512779236,-0.0037208348512649536,0.12205997109413147
424,8911,19352,Person,Person,False,94.0,high_degree,True,True,both_correct,0,0,19352,19352,0.24909813702106476,0.2655998468399048,0.23187798261642456,0.2534240484237671,0.18490062654018402,0.30977413058280945,0.1721215844154358,0.33320364356040955,-0.06419751048088074,0.04417428374290466,-0.05975639820098877,0.07977959513664246
425,11407,17286,Person,Creative Work,True,52.0,mid_degree,True,True,both_correct,0,0,17286,17286,0.2810017466545105,0.27541032433509827,0.1492983102798462,0.2942896783351898,0.20304179191589355,0.3126850724220276,0.10787515342235565,0.3763979375362396,-0.07795995473861694,0.03727474808692932,-0.04142315685749054,0.0821082592010498
426,4837,18618,Entity,Entity,False,67.0,mid_degree,False,False,both_wrong,5,5,27728,27728,0.3297644853591919,0.19602113962173462,0.14874939620494843,0.32546499371528625,0.3297644853591919,0.19602113962173462,0.14874939620494843,0.32546496391296387,0.0,0.0,0.0,-2.9802322387695312e-08
427,3622,25670,Creative Work,Creative Work,False,77.0,high_degree,True,True,both_correct,0,0,25670,25670,0.3240123689174652,0.1896999180316925,0.15467792749404907,0.3316097855567932,0.19303222000598907,0.18834972381591797,0.10753776133060455,0.511080265045166,-0.13098014891147614,-0.0013501942157745361,-0.04714016616344452,0.1794704794883728
428,99,15674,Entity,Entity,False,740.0,high_degree,True,True,both_correct,0,0,15674,15674,0.27039140462875366,0.20771144330501556,0.24857097864151,0.27332618832588196,0.27039140462875366,0.20771144330501556,0.24857096374034882,0.27332618832588196,0.0,0.0,-1.4901161193847656e-08,0.0
429,7329,22636,Creative Work,Creative Work,False,76.0,high_degree,True,True,both_correct,0,0,22636,22636,0.32544493675231934,0.1917039453983307,0.1519409567117691,0.33091020584106445,0.19397297501564026,0.1904248148202896,0.10567223280668259,0.5099299550056458,-0.13147196173667908,-0.0012791305780410767,-0.04626872390508652,0.1790197491645813
430,1524,17630,Entity,Event,True,179.0,high_degree,False,False,both_wrong,45,30,25265,25265,0.312801718711853,0.19568271934986115,0.1467718929052353,0.34474366903305054,0.3128017485141754,0.19568271934986115,0.1467718929052353,0.34474366903305054,2.9802322387695312e-08,0.0,0.0,0.0
431,13524,25952,Organization,Organization,False,9.0,low_degree,True,True,both_correct,0,0,25952,25952,0.2954610288143158,0.2162991464138031,0.18772827088832855,0.30051153898239136,0.22149908542633057,0.1852991133928299,0.16083985567092896,0.43236199021339417,-0.07396194338798523,-0.031000033020973206,-0.026888415217399597,0.1318504512310028
432,6069,17937,Person,Person,False,48.0,mid_degree,True,True,both_correct,0,0,17937,17937,0.24389415979385376,0.25509893894195557,0.25510939955711365,0.24589747190475464,0.18274395167827606,0.30033305287361145,0.19113770127296448,0.3257853388786316,-0.0611502081155777,0.045234113931655884,-0.06397169828414917,0.07988786697387695
433,1448,15284,Person,Person,False,30.0,low_degree,True,True,both_correct,0,0,15284,15284,0.2645488381385803,0.2868720293045044,0.17762763798236847,0.2709514796733856,0.1928124725818634,0.3285260796546936,0.12945298850536346,0.3492084741592407,-0.07173636555671692,0.04165405035018921,-0.048174649477005005,0.0782569944858551
434,11705,23711,Person,Person,False,78.0,high_degree,True,True,both_correct,0,0,23711,23711,0.27971574664115906,0.29118722677230835,0.15121006965637207,0.2778869569301605,0.20274470746517181,0.3316328823566437,0.10959877818822861,0.3560235798358917,-0.07697103917598724,0.04044565558433533,-0.04161129146814346,0.0781366229057312
435,12990,17606,Entity,Entity,False,6.0,low_degree,True,True,both_correct,0,0,17606,17606,0.2995535731315613,0.20963841676712036,0.17085012793540955,0.3199579119682312,0.2995535731315613,0.20963843166828156,0.17085012793540955,0.3199579119682312,0.0,1.4901161193847656e-08,0.0,0.0
436,13014,23502,Place,Place,False,14.0,low_degree,False,False,both_wrong,42,112,15813,23320,0.2962847650051117,0.22775207459926605,0.16906259953975677,0.3069005012512207,0.19223769009113312,0.19702212512493134,0.1645246297121048,0.44621556997299194,-0.10404707491397858,-0.030729949474334717,-0.0045379698276519775,0.13931506872177124
437,12118,27219,Creative Work,Creative Work,False,31.0,low_degree,True,True,both_correct,0,0,27219,27219,0.30919885635375977,0.19243872165679932,0.16194869577884674,0.336413711309433,0.18321888148784637,0.19004452228546143,0.11196789145469666,0.5147687196731567,-0.1259799748659134,-0.0023941993713378906,-0.049980804324150085,0.17835500836372375
438,874,15737,Place,Place,False,124.0,high_degree,True,True,both_correct,0,0,15737,15737,0.2600747048854828,0.22780317068099976,0.25015923380851746,0.2619629204273224,0.17023487389087677,0.1988075077533722,0.24564160406589508,0.38531601428985596,-0.08983983099460602,-0.028995662927627563,-0.0045176297426223755,0.12335309386253357
439,489,20540,Organization,Organization,False,74.0,mid_degree,True,True,both_correct,0,0,20540,20540,0.2976997494697571,0.24059729278087616,0.15335415303707123,0.3083488345146179,0.22216828167438507,0.20518280565738678,0.1307988315820694,0.4418501555919647,-0.07553146779537201,-0.03541448712348938,-0.02255532145500183,0.1335013210773468
440,13027,21842,Person,Person,False,33.0,low_degree,True,True,both_correct,0,0,21842,21842,0.27628839015960693,0.2880035936832428,0.1560429334640503,0.27966514229774475,0.20029249787330627,0.3280585706233978,0.11311624944210052,0.35853269696235657,-0.07599589228630066,0.04005497694015503,-0.04292668402194977,0.07886755466461182
441,3787,24606,Person,Person,False,76.0,high_degree,True,True,both_correct,0,0,24606,24606,0.28361067175865173,0.28517165780067444,0.1529746949672699,0.27824297547340393,0.20604127645492554,0.32553014159202576,0.11113537102937698,0.35729318857192993,-0.0775693953037262,0.04035848379135132,-0.041839323937892914,0.079050213098526
442,3866,27628,Creative Work,Creative Work,False,97.0,high_degree,True,True,both_correct,0,0,27628,27628,0.31596314907073975,0.1899363100528717,0.15263378620147705,0.3414667844772339,0.18652625381946564,0.18687021732330322,0.1051400899887085,0.5214635133743286,-0.1294368952512741,-0.0030660927295684814,-0.047493696212768555,0.17999672889709473
443,8142,16908,Place,Place,False,32.0,low_degree,True,True,both_correct,0,0,16908,16908,0.29228341579437256,0.2299375683069229,0.1738562136888504,0.3039228320121765,0.1897781789302826,0.1990564912557602,0.16931237280368805,0.44185301661491394,-0.10250523686408997,-0.03088107705116272,-0.0045438408851623535,0.13793018460273743
444,5383,24561,Creative Work,Creative Work,False,116.0,high_degree,True,True,both_correct,0,0,24561,24561,0.321749746799469,0.18805979192256927,0.156947523355484,0.3332429528236389,0.1914755254983902,0.18651773035526276,0.10899035632610321,0.513016402721405,-0.1302742213010788,-0.0015420615673065186,-0.0479571670293808,0.1797734498977661
445,12232,17531,Event,Event,False,22.0,low_degree,False,False,both_wrong,44,73,25712,25755,0.30193161964416504,0.2115185409784317,0.15939292311668396,0.3271569013595581,0.29854798316955566,0.20913530886173248,0.15766699612140656,0.3346497714519501,-0.003383636474609375,-0.0023832321166992188,-0.0017259269952774048,0.007492870092391968
446,13975,18666,Place,Place,False,10.0,low_degree,True,True,both_correct,0,0,18666,18666,0.2960878014564514,0.24056357145309448,0.16522447764873505,0.29812416434288025,0.19319221377372742,0.2092772126197815,0.16169539093971252,0.43583524227142334,-0.102895587682724,-0.03128635883331299,-0.003529086709022522,0.1377110779285431
447,12259,19779,Person,Person,False,26.0,low_degree,True,True,both_correct,0,0,19779,19779,0.27223286032676697,0.2941564619541168,0.15581247210502625,0.2777981758117676,0.19704605638980865,0.3345469832420349,0.11277211457490921,0.35563477873802185,-0.07518680393695831,0.04039052128791809,-0.043040357530117035,0.07783660292625427
448,3531,23997,Creative Work,Creative Work,False,120.0,high_degree,True,True,both_correct,0,0,23997,23997,0.25175872445106506,0.24073545634746552,0.25028958916664124,0.257216215133667,0.15653233230113983,0.24945448338985443,0.18156719207763672,0.4124460518360138,-0.09522639214992523,0.008719027042388916,-0.06872239708900452,0.1552298367023468
449,6006,23391,Person,Person,False,73.0,mid_degree,True,True,both_correct,0,0,23391,23391,0.266533225774765,0.27172085642814636,0.19583012163639069,0.26591581106185913,0.1960490196943283,0.31404194235801697,0.14403419196605682,0.3458748459815979,-0.0704842060804367,0.042321085929870605,-0.05179592967033386,0.07995903491973877
450,8320,23527,Organization,Organization,False,18.0,low_degree,False,True,rescued,1,0,24696,23527,0.31023353338241577,0.20665095746517181,0.16406108438968658,0.3190544545650482,0.23042859137058258,0.1754007339477539,0.13926607370376587,0.45490458607673645,-0.07980494201183319,-0.03125022351741791,-0.024795010685920715,0.13585013151168823
451,948,23464,Person,Person,False,99.0,high_degree,True,True,both_correct,0,0,23464,23464,0.28609326481819153,0.2883884310722351,0.14930544793605804,0.27621281147003174,0.20776259899139404,0.32907065749168396,0.10842962563037872,0.3547370731830597,-0.07833066582679749,0.04068222641944885,-0.04087582230567932,0.07852426171302795
452,4597,20428,Organization,Organization,False,61.0,mid_degree,True,True,both_correct,0,0,20428,20428,0.3157295286655426,0.21148385107517242,0.1600085198879242,0.312778115272522,0.23547236621379852,0.18023881316184998,0.1363830268383026,0.44790583848953247,-0.08025716245174408,-0.03124503791332245,-0.023625493049621582,0.1351277232170105
453,8002,15871,Place,Place,False,55.0,mid_degree,True,True,both_correct,0,0,15871,15871,0.26376479864120483,0.234931081533432,0.24297522008419037,0.2583288848400116,0.1733754277229309,0.20588959753513336,0.2395440638065338,0.3811908960342407,-0.09038937091827393,-0.029041483998298645,-0.003431156277656555,0.12286201119422913
454,4842,21340,Creative Work,Creative Work,False,100.0,high_degree,True,True,both_correct,0,0,21340,21340,0.33019524812698364,0.19324301183223724,0.15442153811454773,0.3221402168273926,0.19824515283107758,0.19335955381393433,0.10819216817617416,0.5002030730247498,-0.13195009529590607,0.00011654198169708252,-0.046229369938373566,0.17806285619735718
455,11879,25021,Person,Person,False,57.0,mid_degree,True,True,both_correct,0,0,25021,25021,0.2752629816532135,0.29714247584342957,0.1510709971189499,0.27652353048324585,0.19917920231819153,0.3378421664237976,0.1093117743730545,0.35366687178611755,-0.07608377933502197,0.04069969058036804,-0.041759222745895386,0.0771433413028717
456,2181,19537,Person,Person,False,90.0,high_degree,True,True,both_correct,0,0,19537,19537,0.2734593152999878,0.2944621443748474,0.15077780187129974,0.28130075335502625,0.19753578305244446,0.3342216908931732,0.10891557484865189,0.3593269884586334,-0.07592353224754333,0.039759546518325806,-0.04186222702264786,0.07802623510360718
457,8013,22650,Event,Event,False,74.0,mid_degree,True,True,both_correct,0,0,22650,22650,0.2966156303882599,0.22635851800441742,0.16467665135860443,0.3123491704463959,0.2934165894985199,0.2239025980234146,0.1629663109779358,0.3197144865989685,-0.0031990408897399902,-0.0024559199810028076,-0.0017103403806686401,0.007365316152572632
458,8286,15487,Person,Person,False,57.0,mid_degree,True,True,both_correct,0,0,15487,15487,0.2800474464893341,0.29024216532707214,0.14926095306873322,0.2804494798183441,0.20272599160671234,0.33013370633125305,0.1080508679151535,0.3590894937515259,-0.07732145488262177,0.03989154100418091,-0.04121008515357971,0.07864001393318176
459,3608,20251,Creative Work,Creative Work,False,91.0,high_degree,True,True,both_correct,0,0,20251,20251,0.32338717579841614,0.19423410296440125,0.15559443831443787,0.32678431272506714,0.19320142269134521,0.19339370727539062,0.10847359150648117,0.5049312710762024,-0.13018575310707092,-0.0008403956890106201,-0.047120846807956696,0.17814695835113525
460,11685,23677,Event,Person,True,8.0,low_degree,True,True,both_correct,0,0,23677,23677,0.2824712097644806,0.23988240957260132,0.19087372720241547,0.2867726981639862,0.2797284424304962,0.23753850162029266,0.18907785415649414,0.2936552166938782,-0.002742767333984375,-0.002343907952308655,-0.0017958730459213257,0.006882518529891968
461,4687,24221,Organization,Organization,False,33.0,low_degree,True,True,both_correct,0,0,24221,24221,0.30442023277282715,0.23619244992733002,0.15605206787586212,0.3033352494239807,0.22804638743400574,0.20219121873378754,0.13360139727592468,0.4361609220504761,-0.07637384533882141,-0.03400123119354248,-0.02245067059993744,0.13282567262649536
462,4025,21655,Organization,Organization,False,32.0,low_degree,True,True,both_correct,0,0,21655,21655,0.29252663254737854,0.22960084676742554,0.18201285600662231,0.29585960507392883,0.21985672414302826,0.19719476997852325,0.15633951127529144,0.42660894989967346,-0.07266990840435028,-0.03240607678890228,-0.02567334473133087,0.13074934482574463
463,11408,23651,Person,Person,False,34.0,mid_degree,True,True,both_correct,0,0,23651,23651,0.27075186371803284,0.28336918354034424,0.172048419713974,0.2738305330276489,0.19731739163398743,0.3244887888431549,0.12538543343544006,0.3528083860874176,-0.07343447208404541,0.04111960530281067,-0.046662986278533936,0.07897785305976868
464,13545,21112,Place,Place,False,8.0,low_degree,True,True,both_correct,0,0,21112,21112,0.2858646512031555,0.23163951933383942,0.18566210567951202,0.29683369398117065,0.18584182858467102,0.20077918469905853,0.1810341626405716,0.43234479427337646,-0.1000228226184845,-0.030860334634780884,-0.00462794303894043,0.1355111002922058
465,30,17641,Entity,Entity,False,206.0,high_degree,False,False,both_wrong,1,1,19433,19433,0.3607665002346039,0.19412273168563843,0.14268779754638672,0.30242303013801575,0.3607665002346039,0.19412273168563843,0.14268779754638672,0.30242303013801575,0.0,0.0,0.0,0.0
466,10870,19937,Place,Place,False,25.0,low_degree,True,True,both_correct,0,0,19937,19937,0.28835517168045044,0.24977365136146545,0.16688257455825806,0.29498863220214844,0.1880510002374649,0.21717879176139832,0.1632346212863922,0.4315355718135834,-0.10030417144298553,-0.03259485960006714,-0.0036479532718658447,0.13654693961143494
467,9285,24570,Person,Person,False,62.0,mid_degree,True,True,both_correct,0,0,24570,24570,0.27828049659729004,0.2799106240272522,0.16201063990592957,0.2797982692718506,0.20239374041557312,0.31987911462783813,0.11783474683761597,0.3598923981189728,-0.07588675618171692,0.03996849060058594,-0.0441758930683136,0.08009412884712219
468,266,25805,Creative Work,Creative Work,False,41.0,mid_degree,False,True,rescued,1,0,22768,25805,0.32076117396354675,0.19338460266590118,0.1593051552772522,0.32654911279678345,0.19178931415081024,0.1927052140235901,0.1111326739192009,0.504372775554657,-0.1289718598127365,-0.0006793886423110962,-0.0481724813580513,0.17782366275787354
469,1718,20532,Person,Person,False,219.0,high_degree,True,True,both_correct,0,0,20532,20532,0.282991886138916,0.2872682213783264,0.14743781089782715,0.2823020815849304,0.20493023097515106,0.32686805725097656,0.10676652193069458,0.361435204744339,-0.07806165516376495,0.039599835872650146,-0.04067128896713257,0.07913312315940857
470,5685,21131,Person,Person,False,57.0,mid_degree,True,True,both_correct,0,0,21131,21131,0.27041882276535034,0.30249103903770447,0.15431922674179077,0.27277085185050964,0.1956237107515335,0.3438340723514557,0.11164593696594238,0.34889620542526245,-0.07479511201381683,0.04134303331375122,-0.04267328977584839,0.07612535357475281
471,10621,15164,Event,Event,False,37.0,mid_degree,True,True,both_correct,0,0,15164,15164,0.29788777232170105,0.2297995686531067,0.1854255348443985,0.2868870794773102,0.2949330508708954,0.2275065928697586,0.18365192413330078,0.29390841722488403,-0.002954721450805664,-0.0022929757833480835,-0.0017736107110977173,0.0070213377475738525
472,476,27091,Creative Work,Creative Work,False,186.0,high_degree,True,True,both_correct,0,0,27091,27091,0.2589617073535919,0.2330620437860489,0.2519989609718323,0.2559772729873657,0.1617063730955124,0.24254728853702545,0.1835833042860031,0.41216301918029785,-0.09725533425807953,0.009485244750976562,-0.06841565668582916,0.15618574619293213
473,8219,19341,Place,Place,False,32.0,low_degree,True,True,both_correct,0,0,19341,19341,0.28066933155059814,0.25745341181755066,0.17864759266376495,0.28322961926460266,0.1837860643863678,0.224770188331604,0.1754557192325592,0.415988028049469,-0.09688326716423035,-0.032683223485946655,-0.0031918734312057495,0.13275840878486633
474,84,23081,Person,Person,False,71.0,mid_degree,True,True,both_correct,0,0,23081,23081,0.26871708035469055,0.3073119819164276,0.14804576337337494,0.2759251594543457,0.19364872574806213,0.3479766547679901,0.10669025033712387,0.3516843318939209,-0.07506835460662842,0.0406646728515625,-0.04135551303625107,0.0757591724395752
475,5241,21294,Place,Place,False,53.0,mid_degree,True,True,both_correct,0,0,21294,21294,0.282779335975647,0.2548016309738159,0.1699981987476349,0.29242080450057983,0.18454180657863617,0.22170402109622955,0.16639693081378937,0.4273572862148285,-0.0982375293970108,-0.033097609877586365,-0.00360126793384552,0.13493648171424866
476,10309,19797,Place,Place,False,10.0,low_degree,True,True,both_correct,0,0,19797,19797,0.2798842191696167,0.24172687530517578,0.17294713854789734,0.30544179677963257,0.18106265366077423,0.20849667489528656,0.16780999302864075,0.4426306188106537,-0.09882156550884247,-0.03323020040988922,-0.005137145519256592,0.13718882203102112
477,14273,18128,Place,Place,False,24.0,low_degree,True,True,both_correct,0,0,18128,18128,0.2963111996650696,0.2358035147190094,0.17143383622169495,0.2964514493942261,0.1932632178068161,0.20505641400814056,0.16770674288272858,0.43397364020347595,-0.10304798185825348,-0.030747100710868835,-0.0037270933389663696,0.13752219080924988
478,11653,19427,Place,Place,False,16.0,low_degree,True,True,both_correct,0,0,19427,19427,0.2878655195236206,0.2375570833683014,0.178336501121521,0.2962408661842346,0.18737490475177765,0.20616422593593597,0.17410703003406525,0.43235379457473755,-0.10049061477184296,-0.03139285743236542,-0.0042294710874557495,0.13611292839050293
479,12847,22133,Entity,Entity,False,16.0,low_degree,False,False,both_wrong,2,2,16488,22339,0.3270101547241211,0.2004924863576889,0.1493769884109497,0.3231203854084015,0.3270101547241211,0.2004924863576889,0.1493769884109497,0.3231203854084015,0.0,0.0,0.0,0.0
480,573,23092,Person,Creative Work,True,76.0,high_degree,True,True,both_correct,0,0,23092,23092,0.2795353829860687,0.2766445577144623,0.15086033940315247,0.2929597496986389,0.20202913880348206,0.31415918469429016,0.10903225094079971,0.37477943301200867,-0.07750624418258667,0.03751462697982788,-0.04182808846235275,0.08181968331336975
481,13862,22705,Person,Person,False,31.0,low_degree,True,True,both_correct,0,0,22705,22705,0.2745027244091034,0.28780272603034973,0.1584935039281845,0.27920106053352356,0.19908593595027924,0.3279748857021332,0.1149463802576065,0.35799282789230347,-0.07541678845882416,0.04017215967178345,-0.043547123670578,0.07879176735877991
482,9511,24945,Person,Person,False,32.0,low_degree,True,True,both_correct,0,0,24945,24945,0.2768864929676056,0.26002147793769836,0.179338738322258,0.28375333547592163,0.20262828469276428,0.2989920377731323,0.1312660276889801,0.3671136796474457,-0.07425820827484131,0.03897055983543396,-0.04807271063327789,0.08336034417152405
483,4652,23727,Entity,Entity,False,199.0,high_degree,True,True,both_correct,0,0,23727,23727,0.26199451088905334,0.20596452057361603,0.25444257259368896,0.27759841084480286,0.26199451088905334,0.20596450567245483,0.25444257259368896,0.27759841084480286,0.0,-1.4901161193847656e-08,0.0,0.0
484,10509,23542,Entity,Place,True,18.0,low_degree,True,True,both_correct,0,0,23542,23542,0.2712448835372925,0.20578837394714355,0.24918663501739502,0.27378010749816895,0.2712448537349701,0.20578837394714355,0.2491866499185562,0.27378010749816895,-2.9802322387695312e-08,0.0,1.4901161193847656e-08,0.0
485,2495,17016,Person,Person,False,53.0,mid_degree,True,True,both_correct,0,0,17016,17016,0.27075961232185364,0.2976400852203369,0.15923726558685303,0.2723630368709564,0.1963023543357849,0.33906641602516174,0.11545538902282715,0.3491758108139038,-0.07445725798606873,0.04142633080482483,-0.04378187656402588,0.07681277394294739
486,10111,20975,Place,Place,False,31.0,low_degree,True,True,both_correct,0,0,20975,20975,0.2687859833240509,0.23429211974143982,0.23128947615623474,0.26563242077827454,0.17641133069992065,0.20502230525016785,0.22768251597881317,0.3908838629722595,-0.09237465262413025,-0.029269814491271973,-0.00360696017742157,0.12525144219398499
487,2204,15904,Person,Person,False,37.0,mid_degree,True,True,both_correct,0,0,15904,15904,0.2513630986213684,0.2563321888446808,0.24043990671634674,0.25186482071876526,0.1876051425933838,0.3006076216697693,0.17944146692752838,0.33234578371047974,-0.06375795602798462,0.0442754328250885,-0.06099843978881836,0.08048096299171448
488,13062,22294,Place,Place,False,10.0,low_degree,False,False,both_wrong,52,136,25416,15098,0.29817405343055725,0.22276419401168823,0.17213992774486542,0.3069218099117279,0.19351305067539215,0.1927565634250641,0.16756264865398407,0.4461677670478821,-0.1046610027551651,-0.030007630586624146,-0.004577279090881348,0.13924595713615417
489,7382,17822,Person,Person,False,60.0,mid_degree,True,True,both_correct,0,0,17822,17822,0.26675552129745483,0.31339961290359497,0.1502634435892105,0.2695813775062561,0.19242510199546814,0.3552202880382538,0.10839125514030457,0.3439633846282959,-0.0743304193019867,0.041820675134658813,-0.041872188448905945,0.0743820071220398
490,6233,25122,Person,Creative Work,True,67.0,mid_degree,True,True,both_correct,0,0,25122,25122,0.27709487080574036,0.27726519107818604,0.14932814240455627,0.2963118255138397,0.1998429298400879,0.3142000436782837,0.10769622027873993,0.3782607913017273,-0.07725194096565247,0.036934852600097656,-0.041631922125816345,0.08194896578788757
491,12793,25706,Person,Person,False,35.0,mid_degree,True,True,both_correct,0,0,25706,25706,0.2719208896160126,0.29415640234947205,0.1524006426334381,0.28152206540107727,0.19641058146953583,0.3338509500026703,0.11008083075284958,0.3596576452255249,-0.07551030814647675,0.03969454765319824,-0.04231981188058853,0.07813557982444763
492,181,23826,Organization,Organization,False,38.0,mid_degree,False,False,both_wrong,29,210,23833,23833,0.3044632375240326,0.2019210159778595,0.15701621770858765,0.3365994989871979,0.22372083365917206,0.16955029964447021,0.1318584829568863,0.47487038373947144,-0.08074240386486053,-0.03237071633338928,-0.025157734751701355,0.13827088475227356
493,1394,15555,Person,Person,False,157.0,high_degree,True,True,both_correct,0,0,15555,15555,0.24876606464385986,0.2510029077529907,0.25007790327072144,0.250153124332428,0.1859787404537201,0.29484838247299194,0.18697038292884827,0.3322025239467621,-0.06278732419013977,0.04384547472000122,-0.06310752034187317,0.0820493996143341
494,2325,18471,Person,Person,False,52.0,mid_degree,True,True,both_correct,0,0,18471,18471,0.2673589289188385,0.29821741580963135,0.15707826614379883,0.27734535932540894,0.1932639628648758,0.33872005343437195,0.11354006826877594,0.3544759452342987,-0.07409496605396271,0.0405026376247406,-0.04353819787502289,0.07713058590888977
495,5188,25847,Creative Work,Creative Work,False,92.0,high_degree,True,True,both_correct,0,0,25847,25847,0.3216787874698639,0.18671981990337372,0.1541856825351715,0.33741575479507446,0.19084858894348145,0.18462267518043518,0.10673075914382935,0.5177979469299316,-0.13083019852638245,-0.0020971447229385376,-0.04745492339134216,0.18038219213485718
496,10256,17827,Person,Person,False,18.0,low_degree,False,False,both_wrong,4,1,24411,24411,0.2703210115432739,0.2873733639717102,0.15926574170589447,0.2830398380756378,0.1956598311662674,0.3268289268016815,0.11527383327484131,0.36223745346069336,-0.07466118037700653,0.039455562829971313,-0.04399190843105316,0.07919761538505554
497,3916,16310,Entity,Entity,False,190.0,high_degree,False,False,both_wrong,2,5,15237,15237,0.27022585272789,0.20693041384220123,0.248497873544693,0.27434584498405457,0.27022585272789,0.20693041384220123,0.248497873544693,0.27434584498405457,0.0,0.0,0.0,0.0
498,7255,16667,Place,Place,False,36.0,mid_degree,True,True,both_correct,0,0,16667,16667,0.2912382185459137,0.25686389207839966,0.16774317622184753,0.2841547727584839,0.19120872020721436,0.22484621405601501,0.16518045961856842,0.4187646508216858,-0.10002949833869934,-0.032017678022384644,-0.0025627166032791138,0.1346098780632019
499,6929,25265,Entity,Entity,False,152.0,high_degree,False,False,both_wrong,15,11,16958,16958,0.3264583349227905,0.20016907155513763,0.14990875124931335,0.3234638273715973,0.3264583349227905,0.20016907155513763,0.14990876615047455,0.3234638273715973,0.0,0.0,1.4901161193847656e-08,0.0
500,12898,19760,Place,Place,False,10.0,low_degree,True,True,both_correct,0,0,19760,19760,0.28161320090293884,0.24142086505889893,0.19704659283161163,0.2799193263053894,0.18456432223320007,0.21095703542232513,0.1936952918767929,0.4107833206653595,-0.09704887866973877,-0.03046382963657379,-0.0033513009548187256,0.1308639943599701
501,11063,16139,Organization,Organization,False,27.0,low_degree,True,True,both_correct,0,0,16139,16139,0.30559462308883667,0.20548321306705475,0.16350404918193817,0.3254181444644928,0.22601845860481262,0.17366835474967957,0.1382034420967102,0.46210986375808716,-0.07957616448402405,-0.03181485831737518,-0.025300607085227966,0.13669171929359436
502,7109,17815,Person,Creative Work,True,87.0,high_degree,True,True,both_correct,0,0,17815,17815,0.28979232907295227,0.2772849202156067,0.14951921999454498,0.28340354561805725,0.21049320697784424,0.31646600365638733,0.10860683023929596,0.36443397402763367,-0.07929912209510803,0.03918108344078064,-0.04091238975524902,0.08103042840957642
503,1672,26144,Event,Event,False,132.0,high_degree,False,False,both_wrong,12,8,17908,17908,0.32737407088279724,0.20110513269901276,0.14827795326709747,0.3232429325580597,0.32370686531066895,0.19883909821510315,0.14671385288238525,0.33074018359184265,-0.003667205572128296,-0.002266034483909607,-0.0015641003847122192,0.007497251033782959
504,6600,26220,Organization,Organization,False,24.0,low_degree,True,True,both_correct,0,0,26220,26220,0.3053397834300995,0.209647536277771,0.15450510382652283,0.3305075466632843,0.2251129150390625,0.17662523686885834,0.13018256425857544,0.4680793285369873,-0.08022686839103699,-0.03302229940891266,-0.024322539567947388,0.137571781873703
505,9558,23193,Person,Person,False,25.0,low_degree,True,True,both_correct,0,0,23193,23193,0.277791827917099,0.29062753915786743,0.15332627296447754,0.2782544195652008,0.20134344696998596,0.33098429441452026,0.1111297458410263,0.35654252767562866,-0.07644838094711304,0.04035675525665283,-0.04219652712345123,0.07828810811042786
506,4044,17658,Organization,Organization,False,145.0,high_degree,True,True,both_correct,0,0,17658,17658,0.2732318639755249,0.21949923038482666,0.24128158390522003,0.2659873068332672,0.2084198296070099,0.19133177399635315,0.21034210920333862,0.3899063766002655,-0.06481203436851501,-0.02816745638847351,-0.03093947470188141,0.12391906976699829
507,59,21188,Place,Place,False,17.0,low_degree,True,True,both_correct,0,0,21188,21188,0.2876529395580292,0.25693026185035706,0.1675020456314087,0.2879146933555603,0.18841741979122162,0.2243836373090744,0.16456066071987152,0.42263829708099365,-0.09923551976680756,-0.032546624541282654,-0.0029413849115371704,0.13472360372543335
508,8422,15908,Entity,Entity,False,19.0,low_degree,True,True,both_correct,0,0,15908,15908,0.26914182305336,0.20479200780391693,0.25208580493927,0.27398040890693665,0.26914182305336,0.20479200780391693,0.25208580493927,0.27398037910461426,0.0,0.0,0.0,-2.9802322387695312e-08
509,2292,26193,Person,Person,False,63.0,mid_degree,True,True,both_correct,0,0,26193,26193,0.28119322657585144,0.28446224331855774,0.15038686990737915,0.28395769000053406,0.20362427830696106,0.3236682415008545,0.1088968962430954,0.36381059885025024,-0.07756894826889038,0.03920599818229675,-0.04148997366428375,0.07985290884971619
510,2893,26557,Creative Work,Creative Work,False,130.0,high_degree,False,True,rescued,1,0,27683,26557,0.31869661808013916,0.19012510776519775,0.1485009640455246,0.3426773250102997,0.18785759806632996,0.18677516281604767,0.10214830189943314,0.5232189297676086,-0.1308390200138092,-0.0033499449491500854,-0.04635266214609146,0.18054160475730896
511,5231,21945,Person,Person,False,43.0,mid_degree,True,True,both_correct,0,0,21945,21945,0.27210670709609985,0.28118467330932617,0.1743694543838501,0.2723391354084015,0.1986245959997177,0.3225056529045105,0.12729153037071228,0.3515782058238983,-0.07348211109638214,0.041320979595184326,-0.04707792401313782,0.07923907041549683
512,6004,22067,Person,Person,False,72.0,mid_degree,True,True,both_correct,0,0,22067,22067,0.27533528208732605,0.2887619435787201,0.1571032851934433,0.27879950404167175,0.19962678849697113,0.32896414399147034,0.11390808969736099,0.35750100016593933,-0.07570849359035492,0.040202200412750244,-0.043195195496082306,0.07870149612426758
513,14531,20593,Entity,Entity,False,3.0,low_degree,False,False,both_wrong,2,2,23572,23572,0.3085522949695587,0.21411536633968353,0.1645190268754959,0.31281334161758423,0.30855226516723633,0.21411536633968353,0.1645190417766571,0.31281334161758423,-2.9802322387695312e-08,0.0,1.4901161193847656e-08,0.0
514,8212,26975,Person,Person,False,83.0,high_degree,True,True,both_correct,0,0,26975,26975,0.26772210001945496,0.28754889965057373,0.14920295774936676,0.29552605748176575,0.19233174622058868,0.3245835304260254,0.10719500482082367,0.37588971853256226,-0.07539035379886627,0.03703463077545166,-0.04200795292854309,0.08036366105079651
515,801,22719,Organization,Organization,False,136.0,high_degree,True,True,both_correct,0,0,22719,22719,0.34223800897598267,0.1925976723432541,0.15681879222393036,0.3083454668521881,0.2565799653530121,0.16500258445739746,0.13436397910118103,0.4440534710884094,-0.08565804362297058,-0.02759508788585663,-0.02245481312274933,0.1357080042362213
516,4918,21497,Person,Person,False,110.0,high_degree,True,True,both_correct,0,0,21497,21497,0.263994425535202,0.31459856033325195,0.14618940651416779,0.2752176523208618,0.18970337510108948,0.355211466550827,0.10504846274852753,0.35003674030303955,-0.07429105043411255,0.04061290621757507,-0.04114094376564026,0.07481908798217773
517,4651,26407,Person,Person,False,10.0,low_degree,True,True,both_correct,0,0,26407,26407,0.275253564119339,0.2903423309326172,0.16032379865646362,0.2740803062915802,0.199987530708313,0.3314611315727234,0.11648306250572205,0.35206830501556396,-0.075266033411026,0.0411188006401062,-0.04384073615074158,0.07798799872398376
518,3558,19474,Creative Work,Creative Work,False,40.0,mid_degree,True,True,both_correct,0,0,19474,19474,0.28842270374298096,0.2634151875972748,0.15384480357170105,0.2943173050880432,0.17308543622493744,0.2634524703025818,0.10772936791181564,0.45573270320892334,-0.11533726751804352,3.7282705307006836e-05,-0.046115435659885406,0.16141539812088013
519,8680,16820,Entity,Entity,False,26.0,low_degree,False,False,both_wrong,1,1,17768,17768,0.31877845525741577,0.1987401843070984,0.14426182210445404,0.3382195830345154,0.31877845525741577,0.1987401694059372,0.14426182210445404,0.338219553232193,0.0,-1.4901161193847656e-08,0.0,-2.9802322387695312e-08
520,6869,25660,Person,Person,False,21.0,low_degree,True,True,both_correct,0,0,25660,25660,0.27413830161094666,0.2879303991794586,0.15945689380168915,0.2784744203090668,0.19886605441570282,0.32819345593452454,0.11566919833421707,0.357271283864975,-0.07527224719524384,0.04026305675506592,-0.043787695467472076,0.0787968635559082
521,8861,19244,Person,Person,False,53.0,mid_degree,True,True,both_correct,0,0,19244,19244,0.27726754546165466,0.2910805940628052,0.15093573927879333,0.2807161211967468,0.20062363147735596,0.3309396505355835,0.10921400040388107,0.3592226803302765,-0.0766439139842987,0.03985905647277832,-0.04172173887491226,0.07850655913352966
522,1955,16383,Person,Person,False,107.0,high_degree,True,True,both_correct,0,0,16383,16383,0.253526508808136,0.264765202999115,0.22710555791854858,0.25460270047187805,0.18814215064048767,0.3087266683578491,0.16853538155555725,0.33459579944610596,-0.06538435816764832,0.04396146535873413,-0.05857017636299133,0.0799930989742279
523,14163,17250,Place,Place,False,9.0,low_degree,False,False,both_wrong,1,2,17819,23575,0.2912696897983551,0.23186393082141876,0.1847417950630188,0.29212456941604614,0.19012881815433502,0.2017943263053894,0.18087239563465118,0.4272044599056244,-0.10114087164402008,-0.030069604516029358,-0.0038693994283676147,0.13507989048957825
524,14232,27232,Event,Event,False,6.0,low_degree,True,True,both_correct,0,0,27232,27232,0.2850443124771118,0.23880235850811005,0.18155811727046967,0.29459524154663086,0.2821497917175293,0.23636272549629211,0.17978310585021973,0.30170440673828125,-0.0028945207595825195,-0.002439633011817932,-0.001775011420249939,0.007109165191650391
525,2823,20485,Entity,Entity,False,590.0,high_degree,True,True,both_correct,0,0,20485,20485,0.26861292123794556,0.20785601437091827,0.24878786504268646,0.2747431993484497,0.26861292123794556,0.20785599946975708,0.24878787994384766,0.2747431993484497,0.0,-1.4901161193847656e-08,1.4901161193847656e-08,0.0
526,12809,27252,Person,Person,False,63.0,mid_degree,True,True,both_correct,0,0,27252,27252,0.26712000370025635,0.2994338572025299,0.15278306603431702,0.28066307306289673,0.19266118109226227,0.33934447169303894,0.11018833518028259,0.3578060269355774,-0.07445882260799408,0.03991061449050903,-0.042594730854034424,0.07714295387268066
527,12525,25893,Person,Person,False,34.0,mid_degree,True,True,both_correct,0,0,25893,25893,0.27602729201316833,0.2779763638973236,0.17235024273395538,0.2736460864543915,0.20167545974254608,0.31912562251091003,0.12592661380767822,0.3532722592353821,-0.07435183227062225,0.041149258613586426,-0.04642362892627716,0.0796261727809906
528,3945,21921,Creative Work,Creative Work,False,68.0,mid_degree,True,True,both_correct,0,0,21921,21921,0.25117069482803345,0.23522523045539856,0.2513999342918396,0.2622041404247284,0.1556471437215805,0.24293290078639984,0.1817820817232132,0.41963785886764526,-0.09552355110645294,0.007707670331001282,-0.0696178525686264,0.15743371844291687
529,14030,21805,Place,Place,False,10.0,low_degree,True,True,both_correct,0,0,21805,21805,0.2754751145839691,0.2474081814289093,0.17155690491199493,0.30555978417396545,0.17803680896759033,0.21318906545639038,0.16629914939403534,0.44247499108314514,-0.09743830561637878,-0.03421911597251892,-0.005257755517959595,0.1369152069091797
530,11743,19102,Place,Place,False,28.0,low_degree,True,True,both_correct,0,0,19102,19102,0.2612946629524231,0.22688919305801392,0.2467804253101349,0.2650357484817505,0.17097611725330353,0.19794383645057678,0.24219776690006256,0.38888221979141235,-0.09031854569911957,-0.028945356607437134,-0.004582658410072327,0.12384647130966187
531,11094,23797,Person,Person,False,45.0,mid_degree,True,True,both_correct,0,0,23797,23797,0.27438464760780334,0.2821808457374573,0.16638751327991486,0.2770470082759857,0.19969280064105988,0.3226873278617859,0.12109038233757019,0.35652944445610046,-0.07469184696674347,0.04050648212432861,-0.045297130942344666,0.07948243618011475
532,3299,18553,Person,Person,False,97.0,high_degree,True,True,both_correct,0,0,18553,18553,0.276810884475708,0.28262731432914734,0.16780567169189453,0.2727561593055725,0.201890230178833,0.3238902986049652,0.12239571660757065,0.3518237769603729,-0.074920654296875,0.04126298427581787,-0.04540995508432388,0.07906761765480042
533,148,16273,Place,Place,False,42.0,mid_degree,True,True,both_correct,0,0,16273,16273,0.28349512815475464,0.24584729969501495,0.17937864363193512,0.2912789285182953,0.18499188125133514,0.21389302611351013,0.17556260526180267,0.42555248737335205,-0.0985032469034195,-0.03195427358150482,-0.0038160383701324463,0.13427355885505676
534,14647,19057,Entity,Entity,False,8.0,low_degree,True,True,both_correct,0,0,19057,19057,0.2598936855792999,0.19565998017787933,0.28606903553009033,0.258377343416214,0.25989365577697754,0.19565995037555695,0.28606903553009033,0.258377343416214,-2.9802322387695312e-08,-2.9802322387695312e-08,0.0,0.0
535,8716,18490,Place,Place,False,22.0,low_degree,True,True,both_correct,0,0,18490,18490,0.2890145182609558,0.2289094775915146,0.17502595484256744,0.30705007910728455,0.1869584172964096,0.1974291354417801,0.16981670260429382,0.4457957446575165,-0.1020561009645462,-0.0314803421497345,-0.005209252238273621,0.13874566555023193
536,1433,16559,Person,Person,False,89.0,high_degree,True,True,both_correct,0,0,16559,16559,0.24617357552051544,0.2553809881210327,0.2511417269706726,0.24730372428894043,0.18424439430236816,0.3003251254558563,0.18797661364078522,0.3274538815021515,-0.06192918121814728,0.04494413733482361,-0.06316511332988739,0.08015015721321106
537,14261,15994,Entity,Entity,False,22.0,low_degree,True,False,harmed,0,1,15994,16323,0.3221207559108734,0.20243792235851288,0.15030702948570251,0.32513427734375,0.3221207559108734,0.20243792235851288,0.15030702948570251,0.32513427734375,0.0,0.0,0.0,0.0
538,351,16491,Organization,Organization,False,100.0,high_degree,False,True,rescued,1,0,23966,16491,0.3022216260433197,0.23916539549827576,0.15316568315029144,0.3054472506046295,0.22600318491458893,0.20437759160995483,0.13090117275714874,0.4387180805206299,-0.07621844112873077,-0.03478780388832092,-0.0222645103931427,0.13327082991600037
539,11510,20035,Place,Place,False,48.0,mid_degree,True,True,both_correct,0,0,20035,20035,0.29548513889312744,0.2443108856678009,0.15312997996807098,0.3070739805698395,0.19179180264472961,0.21142655611038208,0.1490754634141922,0.44770607352256775,-0.10369333624839783,-0.03288432955741882,-0.004054516553878784,0.14063209295272827
540,6593,16639,Entity,Entity,False,113.0,high_degree,False,False,both_wrong,44,32,16934,16934,0.32287290692329407,0.20533648133277893,0.14411649107933044,0.32767412066459656,0.32287290692329407,0.20533648133277893,0.14411650598049164,0.32767412066459656,0.0,0.0,1.4901161193847656e-08,0.0
541,10189,17340,Person,Person,False,139.0,high_degree,True,True,both_correct,0,0,17340,17340,0.2790907919406891,0.2940445840358734,0.14711129665374756,0.27975332736968994,0.20176510512828827,0.3340143859386444,0.10634604841470718,0.35787448287010193,-0.07732568681240082,0.039969801902770996,-0.040765248239040375,0.07812115550041199
542,8655,22960,Creative Work,Creative Work,False,69.0,mid_degree,True,True,both_correct,0,0,22960,22960,0.3217281401157379,0.18580982089042664,0.15133877098560333,0.3411232531070709,0.19033731520175934,0.18320232629776,0.10446369647979736,0.5219966769218445,-0.13139082491397858,-0.002607494592666626,-0.04687507450580597,0.18087342381477356
543,10144,21744,Creative Work,Creative Work,False,51.0,mid_degree,True,True,both_correct,0,0,21744,21744,0.3131186068058014,0.19076500833034515,0.1549435704946518,0.34117281436920166,0.18487687408924103,0.18771576881408691,0.10674866288900375,0.5206586718559265,-0.12824173271656036,-0.0030492395162582397,-0.04819490760564804,0.17948585748672485
544,11130,20132,Person,Person,False,65.0,mid_degree,True,True,both_correct,0,0,20132,20132,0.25852471590042114,0.2593551278114319,0.22231830656528473,0.2598018944263458,0.19182813167572021,0.3023827373981476,0.16495147347450256,0.34083765745162964,-0.06669658422470093,0.0430276095867157,-0.057366833090782166,0.08103576302528381
545,9001,15111,Place,Place,False,21.0,low_degree,True,True,both_correct,0,0,15111,15111,0.28938281536102295,0.23698276281356812,0.18029959499835968,0.29333481192588806,0.1886317878961563,0.20595915615558624,0.17627443373203278,0.42913463711738586,-0.10075102746486664,-0.031023606657981873,-0.004025161266326904,0.1357998251914978
546,14451,17110,Place,Place,False,11.0,low_degree,True,True,both_correct,0,0,17110,17110,0.28504443168640137,0.23166769742965698,0.1808948963880539,0.30239295959472656,0.18475240468978882,0.2002010941505432,0.17585675418376923,0.4391898214817047,-0.10029202699661255,-0.03146660327911377,-0.005038142204284668,0.13679686188697815
547,6350,26172,Person,Person,False,89.0,high_degree,True,True,both_correct,0,0,26172,26172,0.28153863549232483,0.2872294485569,0.15250544250011444,0.2787264287471771,0.20429128408432007,0.32748645544052124,0.11065968871116638,0.3575626313686371,-0.07724735140800476,0.040257006883621216,-0.04184575378894806,0.07883620262145996
548,5251,15910,Entity,Entity,False,27.0,low_degree,True,True,both_correct,0,0,15910,15910,0.3121582567691803,0.2187870740890503,0.15739665925502777,0.31165799498558044,0.3121582567691803,0.2187870740890503,0.15739665925502777,0.31165799498558044,0.0,0.0,0.0,0.0
549,1568,18967,Person,Person,False,123.0,high_degree,True,True,both_correct,0,0,18967,18967,0.2790607810020447,0.293410986661911,0.1486113965511322,0.2789168059825897,0.2018280178308487,0.33343347907066345,0.10747627913951874,0.3572622239589691,-0.07723276317119598,0.04002249240875244,-0.041135117411613464,0.0783454179763794
550,5181,16291,Creative Work,Creative Work,False,73.0,mid_degree,True,True,both_correct,0,0,16291,16291,0.32680559158325195,0.18940924108028412,0.1520707905292511,0.3317144215106964,0.19482430815696716,0.18818479776382446,0.10578601062297821,0.5112048983573914,-0.1319812834262848,-0.0012244433164596558,-0.04628477990627289,0.17949047684669495
551,3707,21611,Person,Creative Work,True,63.0,mid_degree,True,True,both_correct,0,0,21611,21611,0.2842475175857544,0.2779420018196106,0.1549331098794937,0.2828773558139801,0.20648466050624847,0.3172455430030823,0.11255091428756714,0.3637188673019409,-0.07776285707950592,0.03930354118347168,-0.042382195591926575,0.08084151148796082
552,7209,19926,Person,Person,False,55.0,mid_degree,True,True,both_correct,0,0,19926,19926,0.24541078507900238,0.2559944987297058,0.2524978518486023,0.24609686434268951,0.18378782272338867,0.3012355864048004,0.1891455203294754,0.32583102583885193,-0.06162296235561371,0.045241087675094604,-0.06335233151912689,0.07973416149616241
553,7727,27026,Creative Work,Creative Work,False,51.0,mid_degree,True,True,both_correct,0,0,27026,27026,0.32225301861763,0.18434016406536102,0.16211074590682983,0.33129605650901794,0.19238151609897614,0.18340732157230377,0.11292214691638947,0.5112890601158142,-0.12987150251865387,-0.000932842493057251,-0.04918859899044037,0.17999300360679626
554,14565,19669,Place,Place,False,13.0,low_degree,True,True,both_correct,0,0,19669,19669,0.28104647994041443,0.24005752801895142,0.1935955137014389,0.28530049324035645,0.1835687905550003,0.20905454456806183,0.1896575391292572,0.4177190959453583,-0.09747768938541412,-0.031002983450889587,-0.003937974572181702,0.13241860270500183
555,10050,23580,Creative Work,Creative Work,False,50.0,mid_degree,True,True,both_correct,0,0,23580,23580,0.2524110674858093,0.238881915807724,0.25274038314819336,0.2559666037559509,0.15716524422168732,0.2478911578655243,0.18361012637615204,0.41133347153663635,-0.09524582326412201,0.009009242057800293,-0.06913025677204132,0.15536686778068542
556,7661,24316,Person,Person,False,99.0,high_degree,True,True,both_correct,0,0,24316,24316,0.2604272663593292,0.2739569842815399,0.2014128714799881,0.26420289278030396,0.1913767009973526,0.31632497906684875,0.14800147712230682,0.3442969024181366,-0.06905056536197662,0.04236799478530884,-0.053411394357681274,0.08009400963783264
557,1851,21884,Person,Person,False,70.0,mid_degree,True,True,both_correct,0,0,21884,21884,0.263292133808136,0.3036103844642639,0.15636955201625824,0.27672791481018066,0.18995559215545654,0.3441774547100067,0.11281149089336395,0.35305553674697876,-0.07333654165267944,0.0405670702457428,-0.04355806112289429,0.0763276219367981
558,5683,21963,Person,Creative Work,True,82.0,high_degree,True,True,both_correct,0,0,21963,21963,0.2791922092437744,0.2836077809333801,0.14670662581920624,0.29049333930015564,0.2014685869216919,0.32156723737716675,0.10586078464984894,0.3711034059524536,-0.07772362232208252,0.03795945644378662,-0.0408458411693573,0.08061006665229797
559,3472,22882,Organization,Organization,False,73.0,mid_degree,False,False,both_wrong,2,2,24375,24375,0.3091762661933899,0.23313173651695251,0.14748531579971313,0.31020668148994446,0.23072496056556702,0.19880875945091248,0.125785231590271,0.4446810483932495,-0.07845130562782288,-0.03432297706604004,-0.02170008420944214,0.13447436690330505
560,5084,27761,Organization,Organization,False,56.0,mid_degree,False,False,both_wrong,80,73,21638,21638,0.3097095787525177,0.1969863474369049,0.1500856727361679,0.34321847558021545,0.2267717719078064,0.1648218333721161,0.12559296190738678,0.48281341791152954,-0.0829378068447113,-0.03216451406478882,-0.024492710828781128,0.1395949423313141
561,695,26833,Creative Work,Creative Work,False,66.0,mid_degree,True,True,both_correct,0,0,26833,26833,0.2844606339931488,0.26208797097206116,0.14714595675468445,0.306305468082428,0.16891486942768097,0.2593715786933899,0.10195216536521912,0.4697614014148712,-0.11554576456546783,-0.0027163922786712646,-0.04519379138946533,0.16345593333244324
562,6521,16944,Person,Person,False,86.0,high_degree,True,True,both_correct,0,0,16944,16944,0.2757025957107544,0.29298892617225647,0.14748387038707733,0.283824622631073,0.19896133244037628,0.3322232961654663,0.1064264103770256,0.36238893866539,-0.07674126327037811,0.03923436999320984,-0.04105746001005173,0.07856431603431702
563,9791,22929,Person,Person,False,45.0,mid_degree,True,True,both_correct,0,0,22929,22929,0.27686363458633423,0.29489678144454956,0.15342700481414795,0.27481260895729065,0.20067493617534637,0.3358531594276428,0.11120674014091492,0.3522651791572571,-0.07618869841098785,0.04095637798309326,-0.04222026467323303,0.07745257019996643
564,14898,22040,Entity,Entity,False,2.0,low_degree,False,False,both_wrong,50,42,21505,21505,0.2836672067642212,0.20770175755023956,0.18650026619434357,0.32213079929351807,0.2836672067642212,0.20770175755023956,0.18650026619434357,0.32213079929351807,0.0,0.0,0.0,0.0
565,11719,18881,Entity,Organization,True,15.0,low_degree,False,False,both_wrong,1,3,17161,17161,0.2959284782409668,0.22261282801628113,0.18635684251785278,0.2951018214225769,0.2959284782409668,0.22261284291744232,0.18635684251785278,0.2951018810272217,0.0,1.4901161193847656e-08,0.0,5.960464477539063e-08
566,10288,24822,Creative Work,Creative Work,False,85.0,high_degree,True,True,both_correct,0,0,24822,24822,0.3351646363735199,0.18622466921806335,0.15047065913677216,0.3281400501728058,0.20063236355781555,0.18578429520130157,0.1051078587770462,0.5084754824638367,-0.13453227281570435,-0.0004403740167617798,-0.04536280035972595,0.18033543229103088
567,3217,26630,Creative Work,Creative Work,False,69.0,mid_degree,True,True,both_correct,0,0,26630,26630,0.31438398361206055,0.19140423834323883,0.16542614996433258,0.32878559827804565,0.1876862794160843,0.190438374876976,0.11523715406656265,0.5066381692886353,-0.12669770419597626,-0.0009658634662628174,-0.05018899589776993,0.1778525710105896
568,9335,22638,Person,Person,False,42.0,mid_degree,True,True,both_correct,0,0,22638,22638,0.2713140547275543,0.27677851915359497,0.17546933889389038,0.2764381170272827,0.1979321837425232,0.31726905703544617,0.128016859292984,0.35678187012672424,-0.07338187098503113,0.040490537881851196,-0.04745247960090637,0.08034375309944153
569,4193,19989,Organization,Organization,False,77.0,high_degree,True,True,both_correct,0,0,19989,19989,0.3064950406551361,0.206046923995018,0.14817482233047485,0.33928319811820984,0.22485315799713135,0.17273755371570587,0.12423403561115265,0.47817516326904297,-0.08164188265800476,-0.033309370279312134,-0.023940786719322205,0.13889196515083313
570,14065,16907,Place,Place,False,8.0,low_degree,False,False,both_wrong,9,49,23223,23223,0.2906975746154785,0.2365029901266098,0.16999956965446472,0.30279985070228577,0.18886488676071167,0.20486614108085632,0.16565778851509094,0.4406110942363739,-0.10183268785476685,-0.03163684904575348,-0.004341781139373779,0.13781124353408813
571,9749,20615,Place,Place,False,21.0,low_degree,True,True,both_correct,0,0,20615,20615,0.28830233216285706,0.24089449644088745,0.18596342206001282,0.28483977913856506,0.18883439898490906,0.21036985516548157,0.18268974125385284,0.4181060194969177,-0.099467933177948,-0.030524641275405884,-0.003273680806159973,0.13326624035835266
572,12533,16826,Entity,Entity,False,38.0,mid_degree,True,True,both_correct,0,0,16826,16826,0.32044583559036255,0.2004227638244629,0.14858463406562805,0.3305467665195465,0.32044586539268494,0.20042277872562408,0.14858464896678925,0.3305467665195465,2.9802322387695312e-08,1.4901161193847656e-08,1.4901161193847656e-08,0.0
573,10988,17390,Place,Place,False,8.0,low_degree,False,False,both_wrong,12,187,20425,20630,0.28868740797042847,0.24407778680324554,0.1746327430009842,0.2926020920276642,0.18848469853401184,0.21247102320194244,0.17101256549358368,0.42803168296813965,-0.10020270943641663,-0.0316067636013031,-0.0036201775074005127,0.13542959094047546
574,2532,20216,Creative Work,Creative Work,False,93.0,high_degree,True,True,both_correct,0,0,20216,20216,0.3267866373062134,0.18746858835220337,0.15534387528896332,0.33040088415145874,0.1951177418231964,0.18654805421829224,0.1082264855504036,0.510107696056366,-0.13166889548301697,-0.0009205341339111328,-0.04711738973855972,0.17970681190490723
575,4504,17360,Entity,Entity,False,152.0,high_degree,False,False,both_wrong,5,5,16149,15112,0.33212903141975403,0.19505569338798523,0.14565274119377136,0.32716256380081177,0.33212903141975403,0.19505567848682404,0.14565274119377136,0.3271625339984894,0.0,-1.4901161193847656e-08,0.0,-2.9802322387695312e-08
576,2176,27577,Creative Work,Creative Work,False,119.0,high_degree,False,True,rescued,2,0,27683,27577,0.324343204498291,0.1898663341999054,0.15575893223285675,0.3300315737724304,0.1936279535293579,0.18890444934368134,0.10850291699171066,0.5089647173881531,-0.1307152509689331,-0.0009618848562240601,-0.04725601524114609,0.17893314361572266
577,9005,20953,Person,Person,False,82.0,high_degree,True,True,both_correct,0,0,20953,20953,0.26992952823638916,0.28615087270736694,0.1708461046218872,0.27307355403900146,0.1965010166168213,0.3273099362850189,0.12436312437057495,0.3518259823322296,-0.07342851161956787,0.04115906357765198,-0.046482980251312256,0.07875242829322815
578,2109,26792,Creative Work,Creative Work,False,48.0,mid_degree,True,True,both_correct,0,0,26792,26792,0.31492483615875244,0.19228634238243103,0.15876412391662598,0.33402469754219055,0.18709656596183777,0.19038692116737366,0.11004804819822311,0.5124685168266296,-0.12782827019691467,-0.001899421215057373,-0.04871607571840286,0.1784438192844391
579,6346,22792,Person,Person,False,29.0,low_degree,True,True,both_correct,0,0,22792,22792,0.2765222489833832,0.2906857430934906,0.15500715374946594,0.2777848243713379,0.20048017799854279,0.33114492893218994,0.1123812347650528,0.3559936285018921,-0.0760420709848404,0.04045918583869934,-0.04262591898441315,0.0782088041305542
580,6130,22205,Creative Work,Creative Work,False,118.0,high_degree,True,True,both_correct,0,0,22205,22205,0.2549339532852173,0.2359975129365921,0.24818752706050873,0.2608810365200043,0.1582026183605194,0.24407579004764557,0.1797141581773758,0.418007493019104,-0.09673133492469788,0.008078277111053467,-0.06847336888313293,0.15712645649909973
581,6237,15780,Place,Place,False,44.0,mid_degree,True,True,both_correct,0,0,15780,15780,0.30399343371391296,0.22246989607810974,0.1556309014558792,0.3179057538509369,0.19644179940223694,0.19167394936084747,0.1508401334285736,0.461044043302536,-0.10755163431167603,-0.030795946717262268,-0.004790768027305603,0.14313828945159912
582,10602,25042,Person,Person,False,20.0,low_degree,True,True,both_correct,0,0,25042,25042,0.2742285132408142,0.2924995720386505,0.15970316529273987,0.2735687494277954,0.1991220861673355,0.33372148871421814,0.11595658957958221,0.3511998653411865,-0.0751064270734787,0.04122191667556763,-0.043746575713157654,0.07763111591339111
583,12554,22653,Place,Place,False,6.0,low_degree,False,False,both_wrong,5,33,25089,17320,0.28222227096557617,0.22794751822948456,0.18069036304950714,0.30913981795310974,0.18213678896427155,0.19613951444625854,0.1749027669429779,0.4468209743499756,-0.10008548200130463,-0.03180800378322601,-0.005787596106529236,0.13768115639686584
584,362,21028,Person,Person,False,42.0,mid_degree,True,True,both_correct,0,0,21028,21028,0.2777206301689148,0.2835130989551544,0.1557268500328064,0.2830394506454468,0.20131301879882812,0.3229151964187622,0.11287948489189148,0.3628922700881958,-0.07640761137008667,0.03940209746360779,-0.04284736514091492,0.07985281944274902
585,8653,22549,Creative Work,Creative Work,False,78.0,high_degree,True,True,both_correct,0,0,22549,22549,0.31639838218688965,0.18716679513454437,0.15961898863315582,0.33681586384773254,0.1877695918083191,0.18511828780174255,0.11052779853343964,0.5165843367576599,-0.12862879037857056,-0.002048507332801819,-0.049091190099716187,0.17976847290992737
586,13072,23210,Person,Person,False,32.0,low_degree,True,True,both_correct,0,0,23210,23210,0.27543482184410095,0.2867022156715393,0.15733568370342255,0.2805272936820984,0.19969415664672852,0.3266107141971588,0.11407427489757538,0.3596208691596985,-0.07574066519737244,0.03990849852561951,-0.04326140880584717,0.0790935754776001
587,6090,19202,Entity,Entity,False,2.0,low_degree,True,False,harmed,0,1,19202,23572,0.2964845597743988,0.20951741933822632,0.19165633618831635,0.3023416996002197,0.2964845597743988,0.20951740443706512,0.19165635108947754,0.3023416996002197,0.0,-1.4901161193847656e-08,1.4901161193847656e-08,0.0
588,7497,15098,Place,Place,False,51.0,mid_degree,False,True,rescued,2,0,17135,15098,0.2749408483505249,0.23384374380111694,0.20982924103736877,0.281386137008667,0.17932727932929993,0.2033555507659912,0.2052699476480484,0.4120471775531769,-0.09561356902122498,-0.030488193035125732,-0.0045592933893203735,0.1306610405445099
589,3842,27409,Creative Work,Creative Work,False,80.0,high_degree,False,True,rescued,1,0,27595,27409,0.32259389758110046,0.19249990582466125,0.15201449394226074,0.3328917324542999,0.19185787439346313,0.19080156087875366,0.10548344999551773,0.5118570923805237,-0.13073602318763733,-0.0016983449459075928,-0.04653104394674301,0.17896535992622375
590,643,19315,Person,Person,False,64.0,mid_degree,True,True,both_correct,0,0,19315,19315,0.27403944730758667,0.2944813370704651,0.1491321325302124,0.28234705328941345,0.19782905280590057,0.3340308666229248,0.10766026377677917,0.36047983169555664,-0.0762103945016861,0.03954952955245972,-0.04147186875343323,0.07813277840614319
591,12609,21795,Organization,Organization,False,65.0,mid_degree,True,True,both_correct,0,0,21795,21795,0.30133941769599915,0.23213721811771393,0.15931962430477142,0.3072037100791931,0.22508668899536133,0.19814546406269073,0.1360051929950714,0.44076260924339294,-0.07625272870063782,-0.03399175405502319,-0.023314431309700012,0.13355889916419983
592,6771,15758,Place,Place,False,62.0,mid_degree,True,True,both_correct,0,0,15758,15758,0.29023611545562744,0.24309267103672028,0.17519979178905487,0.2914714217185974,0.1897464394569397,0.2118934690952301,0.1717948317527771,0.4265652894973755,-0.10048967599868774,-0.031199201941490173,-0.003404960036277771,0.13509386777877808
593,11276,20111,Person,Person,False,21.0,low_degree,True,True,both_correct,0,0,20111,20111,0.27161580324172974,0.2930421531200409,0.15563414990901947,0.2797078788280487,0.19650530815124512,0.3331209123134613,0.11259415000677109,0.3577796518802643,-0.07511049509048462,0.04007875919342041,-0.04303999990224838,0.07807177305221558
594,13389,20755,Place,Place,False,20.0,low_degree,True,True,both_correct,0,0,20755,20755,0.29668116569519043,0.2532763183116913,0.16217565536499023,0.28786683082580566,0.19485539197921753,0.22178904712200165,0.15975791215896606,0.42359766364097595,-0.1018257737159729,-0.031487271189689636,-0.00241774320602417,0.1357308328151703
595,8892,21589,Creative Work,Creative Work,False,77.0,high_degree,True,True,both_correct,0,0,21589,21589,0.3249976634979248,0.1922059953212738,0.1567879319190979,0.3260084092617035,0.19451218843460083,0.1917184442281723,0.10949520021677017,0.5042742490768433,-0.13048547506332397,-0.00048755109310150146,-0.04729273170232773,0.17826583981513977
596,4105,17018,Person,Person,False,142.0,high_degree,True,True,both_correct,0,0,17018,17018,0.24832110106945038,0.25596410036087036,0.24499768018722534,0.2507171630859375,0.18546968698501587,0.3003928065299988,0.18299447000026703,0.33114299178123474,-0.06285141408443451,0.04442870616912842,-0.06200321018695831,0.08042582869529724
597,3065,25925,Event,Event,False,410.0,high_degree,True,True,both_correct,0,0,25925,25925,0.2755325436592102,0.2362423986196518,0.14495259523391724,0.34327244758605957,0.27213937044143677,0.23331493139266968,0.14328698813915253,0.35125869512557983,-0.0033931732177734375,-0.0029274672269821167,-0.0016656070947647095,0.007986247539520264
598,4270,16537,Place,Place,False,43.0,mid_degree,True,True,both_correct,0,0,16537,16537,0.27782219648361206,0.23793254792690277,0.2084558755159378,0.27578938007354736,0.18199361860752106,0.20781013369560242,0.20481224358081818,0.40538397431373596,-0.095828577876091,-0.030122414231300354,-0.003643631935119629,0.1295945942401886
599,10237,21823,Organization,Organization,False,72.0,mid_degree,True,True,both_correct,0,0,21823,21823,0.3000188171863556,0.23708896338939667,0.16627025604248047,0.2966219484806061,0.22548985481262207,0.20362736284732819,0.14281882345676422,0.4280639886856079,-0.07452896237373352,-0.03346160054206848,-0.023451432585716248,0.13144204020500183
600,2278,17629,Organization,Organization,False,200.0,high_degree,True,True,both_correct,0,0,17629,17629,0.3133534789085388,0.19813430309295654,0.1436370313167572,0.34487515687942505,0.22933928668498993,0.1657104194164276,0.1201440766453743,0.48480623960494995,-0.08401419222354889,-0.03242388367652893,-0.023492954671382904,0.1399310827255249
601,6899,26585,Creative Work,Creative Work,False,77.0,high_degree,True,True,both_correct,0,0,26585,26585,0.32246407866477966,0.18865922093391418,0.15405073761940002,0.33482593297958374,0.19165118038654327,0.18686918914318085,0.1068430170416832,0.5146366357803345,-0.1308128982782364,-0.0017900317907333374,-0.04720772057771683,0.17981070280075073
602,3796,18891,Place,Place,False,255.0,high_degree,True,True,both_correct,0,0,18891,18891,0.25740566849708557,0.23379671573638916,0.25044018030166626,0.2583574056625366,0.1686062216758728,0.20418024063110352,0.2461172342300415,0.3810963034629822,-0.08879944682121277,-0.029616475105285645,-0.004322946071624756,0.12273889780044556
603,7418,16200,Place,Place,False,96.0,high_degree,True,True,both_correct,0,0,16200,16200,0.2559792697429657,0.22566518187522888,0.2625511586666107,0.2558043897151947,0.16790245473384857,0.1973521113395691,0.25831711292266846,0.3764283061027527,-0.08807681500911713,-0.02831307053565979,-0.004234045743942261,0.12062391638755798
604,14760,17908,Entity,Event,True,2.0,low_degree,False,False,both_wrong,14,12,17453,21598,0.29596832394599915,0.20976676046848297,0.1922426074743271,0.3020223081111908,0.29596832394599915,0.20976676046848297,0.19224262237548828,0.3020223081111908,0.0,0.0,1.4901161193847656e-08,0.0
605,9426,25589,Creative Work,Creative Work,False,61.0,mid_degree,True,True,both_correct,0,0,25589,25589,0.31164607405662537,0.19068573415279388,0.1580294966697693,0.3396386504173279,0.18421174585819244,0.18784622848033905,0.1089937835931778,0.5189482569694519,-0.12743432819843292,-0.002839505672454834,-0.04903571307659149,0.17930960655212402
606,6951,19037,Entity,Entity,False,20.0,low_degree,True,True,both_correct,0,0,19037,19037,0.24961847066879272,0.20946094393730164,0.2850114405155182,0.25590914487838745,0.24961847066879272,0.20946094393730164,0.2850114405155182,0.25590914487838745,0.0,0.0,0.0,0.0
607,6982,26732,Person,Person,False,90.0,high_degree,True,True,both_correct,0,0,26732,26732,0.2724926769733429,0.2981024384498596,0.15219376981258392,0.27721112966537476,0.19700071215629578,0.33863431215286255,0.11003290116786957,0.3543320298194885,-0.07549196481704712,0.04053187370300293,-0.042160868644714355,0.07712090015411377
608,7315,15305,Entity,Entity,False,170.0,high_degree,True,True,both_correct,0,0,15305,15305,0.3018732964992523,0.197191521525383,0.14246895909309387,0.3584662079811096,0.3018732964992523,0.1971914917230606,0.14246894419193268,0.3584662079811096,0.0,-2.9802322387695312e-08,-1.4901161193847656e-08,0.0
609,4401,26622,Creative Work,Creative Work,False,37.0,mid_degree,True,True,both_correct,0,0,26622,26622,0.3216385543346405,0.19670827686786652,0.15639366209506989,0.3252595067024231,0.19228850305080414,0.1959913671016693,0.10910573601722717,0.5026143789291382,-0.12935005128383636,-0.0007169097661972046,-0.04728792607784271,0.1773548722267151
610,10805,19533,Place,Place,False,15.0,low_degree,True,True,both_correct,0,0,19533,19533,0.2862743139266968,0.23037536442279816,0.17087198793888092,0.31247833371162415,0.18465793132781982,0.19812726974487305,0.1653139889240265,0.4519007205963135,-0.10161638259887695,-0.03224809467792511,-0.005557999014854431,0.13942238688468933
611,7267,21470,Person,Person,False,134.0,high_degree,True,True,both_correct,0,0,21470,21470,0.2856121361255646,0.28157463669776917,0.14810173213481903,0.2847115397453308,0.2070242017507553,0.3206937909126282,0.10734790563583374,0.36493414640426636,-0.07858793437480927,0.03911915421485901,-0.04075382649898529,0.08022260665893555
612,8972,17446,Organization,Organization,False,40.0,mid_degree,True,True,both_correct,0,0,17446,17446,0.30153197050094604,0.21846254169940948,0.15498729050159454,0.32501813769340515,0.22303739190101624,0.18465837836265564,0.13101902604103088,0.4612852931022644,-0.07849457859992981,-0.033804163336753845,-0.02396826446056366,0.13626715540885925
613,10318,23396,Creative Work,Creative Work,False,123.0,high_degree,True,True,both_correct,0,0,23396,23396,0.32909876108169556,0.19641797244548798,0.15021026134490967,0.324273020029068,0.1969643384218216,0.1959172934293747,0.10490120947360992,0.502217173576355,-0.13213442265987396,-0.0005006790161132812,-0.045309051871299744,0.177944153547287
614,2095,18276,Place,Event,True,124.0,high_degree,False,False,both_wrong,345,241,25432,15098,0.3010914921760559,0.210697740316391,0.14356467127799988,0.3446461260318756,0.1918879598379135,0.1790303885936737,0.1372527927160263,0.4918287694454193,-0.1092035323381424,-0.031667351722717285,-0.006311878561973572,0.1471826434135437
615,10825,25710,Creative Work,Creative Work,False,38.0,mid_degree,True,True,both_correct,0,0,25710,25710,0.2727736532688141,0.26233232021331787,0.18620160222053528,0.27869242429733276,0.16567876935005188,0.26555001735687256,0.13196814060211182,0.43680307269096375,-0.10709488391876221,0.0032176971435546875,-0.05423346161842346,0.15811064839363098
616,9737,22250,Person,Person,False,46.0,mid_degree,True,True,both_correct,0,0,22250,22250,0.26991164684295654,0.29119911789894104,0.16262656450271606,0.27626270055770874,0.1957758218050003,0.3318782448768616,0.11795767396688461,0.3543882668018341,-0.07413582503795624,0.04067912697792053,-0.04466889053583145,0.07812556624412537
617,7407,18748,Person,Person,False,61.0,mid_degree,True,True,both_correct,0,0,18748,18748,0.2696547210216522,0.3040332794189453,0.15380637347698212,0.27250561118125916,0.19492296874523163,0.3453246057033539,0.1111794263124466,0.3485730290412903,-0.0747317522764206,0.04129132628440857,-0.04262694716453552,0.07606741786003113
618,9714,16421,Entity,Entity,False,38.0,mid_degree,True,True,both_correct,0,0,16421,16421,0.26891374588012695,0.20655666291713715,0.2528972029685974,0.2716323137283325,0.26891377568244934,0.20655667781829834,0.2528972029685974,0.2716323435306549,2.9802322387695312e-08,1.4901161193847656e-08,0.0,2.9802322387695312e-08
619,6633,16678,Place,Place,False,126.0,high_degree,True,True,both_correct,0,0,16678,16678,0.25954896211624146,0.22977207601070404,0.2522341012954712,0.2584448754787445,0.1702221781015396,0.2009170651435852,0.2482965886592865,0.3805641531944275,-0.08932678401470184,-0.028855010867118835,-0.003937512636184692,0.12211927771568298
620,5032,15015,Entity,Entity,False,276.0,high_degree,False,False,both_wrong,9,16,15905,17484,0.31602802872657776,0.21824301779270172,0.1459280103445053,0.3198009431362152,0.31602802872657776,0.21824301779270172,0.1459280103445053,0.3198009431362152,0.0,0.0,0.0,0.0
621,3804,15741,Place,Place,False,356.0,high_degree,True,True,both_correct,0,0,15741,15741,0.26307931542396545,0.2255423367023468,0.24953223764896393,0.261846125125885,0.17237626016139984,0.19703270494937897,0.2452355921268463,0.3853554129600525,-0.09070305526256561,-0.028509631752967834,-0.004296645522117615,0.12350928783416748
622,1269,23106,Person,Person,False,87.0,high_degree,True,True,both_correct,0,0,23106,23106,0.2735896110534668,0.28009462356567383,0.16912786662578583,0.27718788385391235,0.1992170214653015,0.3204667866230011,0.12316359579563141,0.3571525514125824,-0.07437258958816528,0.04037216305732727,-0.04596427083015442,0.07996466755867004
623,6962,22740,Creative Work,Creative Work,False,79.0,high_degree,True,True,both_correct,0,0,22740,22740,0.33084410429000854,0.19068260490894318,0.15768276154994965,0.32079046964645386,0.19905877113342285,0.19120554625988007,0.11069929599761963,0.4990363121032715,-0.1317853331565857,0.0005229413509368896,-0.04698346555233002,0.17824584245681763
624,12761,23678,Entity,Entity,False,12.0,low_degree,True,True,both_correct,0,0,23678,23678,0.2880977988243103,0.2185874879360199,0.19834616780281067,0.2949685752391815,0.2880977988243103,0.2185874879360199,0.19834618270397186,0.2949685752391815,0.0,0.0,1.4901161193847656e-08,0.0
625,13552,25462,Entity,Organization,True,15.0,low_degree,False,True,rescued,1,0,23551,25462,0.29238441586494446,0.22261357307434082,0.19021281599998474,0.29478922486305237,0.29238438606262207,0.22261355817317963,0.19021281599998474,0.29478922486305237,-2.9802322387695312e-08,-1.4901161193847656e-08,0.0,0.0
626,8595,24823,Person,Person,False,39.0,mid_degree,True,True,both_correct,0,0,24823,24823,0.2804514467716217,0.28364405035972595,0.15687724947929382,0.2790272533893585,0.20377230644226074,0.32382744550704956,0.11398372054100037,0.35841649770736694,-0.07667914032936096,0.04018339514732361,-0.04289352893829346,0.07938924431800842
627,8756,27576,Person,Person,False,84.0,high_degree,True,True,both_correct,0,0,27576,27576,0.2762784957885742,0.2924652397632599,0.1489027738571167,0.2823534905910492,0.19970525801181793,0.33217692375183105,0.10763733834028244,0.36048048734664917,-0.07657323777675629,0.03971168398857117,-0.04126543551683426,0.07812699675559998
628,1089,16149,Entity,Entity,False,212.0,high_degree,True,True,both_correct,0,0,16149,16149,0.3156561255455017,0.19594193994998932,0.1435001790523529,0.3449017405509949,0.3156561255455017,0.19594193994998932,0.1435001790523529,0.3449017405509949,0.0,0.0,0.0,0.0
629,14861,27782,Place,Organization,True,3.0,low_degree,False,False,both_wrong,32,103,17541,22294,0.2893165349960327,0.2346026450395584,0.18662308156490326,0.289457768201828,0.18906861543655396,0.20441028475761414,0.18292231857776642,0.4235987961292267,-0.10024791955947876,-0.030192360281944275,-0.003700762987136841,0.13414102792739868
630,4700,22502,Person,Person,False,39.0,mid_degree,True,True,both_correct,0,0,22502,22502,0.27430495619773865,0.2889411449432373,0.15607185661792755,0.2806820571422577,0.1986618936061859,0.3288079500198364,0.1130361557006836,0.3594939708709717,-0.07564306259155273,0.03986680507659912,-0.04303570091724396,0.07881191372871399
631,8849,21857,Person,Organization,True,68.0,mid_degree,True,True,both_correct,0,0,21857,21857,0.30157315731048584,0.26693227887153625,0.14908328652381897,0.28241127729415894,0.220139741897583,0.3061660826206207,0.10882717370986938,0.36486703157424927,-0.08143341541290283,0.03923380374908447,-0.040256112813949585,0.08245575428009033
632,2924,23998,Person,Person,False,42.0,mid_degree,True,True,both_correct,0,0,23998,23998,0.2636711895465851,0.2874659299850464,0.18587690591812134,0.2629859447479248,0.19301337003707886,0.33064648509025574,0.13605841994285583,0.34028175473213196,-0.07065781950950623,0.04318055510520935,-0.0498184859752655,0.07729580998420715
633,9125,18964,Person,Person,False,112.0,high_degree,True,True,both_correct,0,0,18964,18964,0.2791404724121094,0.29480063915252686,0.14720848202705383,0.27885040640830994,0.20181410014629364,0.33489370346069336,0.1064348891377449,0.3568572700023651,-0.07732637226581573,0.040093064308166504,-0.04077359288930893,0.07800686359405518
634,13848,24476,Organization,Organization,False,26.0,low_degree,False,False,both_wrong,6,9,24081,24081,0.2992447018623352,0.2262154072523117,0.16528967022895813,0.30925026535987854,0.22326111793518066,0.19286592304706573,0.1409367173910141,0.4429362714290619,-0.07598358392715454,-0.03334948420524597,-0.02435295283794403,0.13368600606918335
635,2375,18443,Person,Person,False,109.0,high_degree,True,True,both_correct,0,0,18443,18443,0.24469904601573944,0.25960302352905273,0.2495156079530716,0.24618232250213623,0.18283630907535553,0.3047821521759033,0.18643735349178314,0.325944185256958,-0.06186273694038391,0.045179128646850586,-0.06307825446128845,0.07976186275482178
636,4208,15693,Creative Work,Creative Work,False,101.0,high_degree,True,True,both_correct,0,0,15693,15693,0.32555848360061646,0.19095000624656677,0.14763759076595306,0.3358539640903473,0.19307948648929596,0.18873614072799683,0.10218282043933868,0.5160015821456909,-0.1324789971113205,-0.0022138655185699463,-0.04545477032661438,0.18014761805534363
637,14905,27704,Entity,Entity,False,2.0,low_degree,False,False,both_wrong,118,82,18352,18352,0.2934536337852478,0.2067933827638626,0.18095563352108002,0.3187973201274872,0.2934536635875702,0.2067933976650238,0.18095563352108002,0.31879734992980957,2.9802322387695312e-08,1.4901161193847656e-08,0.0,2.9802322387695312e-08
638,4050,23916,Creative Work,Creative Work,False,83.0,high_degree,True,True,both_correct,0,0,23916,23916,0.32136112451553345,0.18636077642440796,0.16287216544151306,0.32940587401390076,0.19209812581539154,0.18565811216831207,0.11359679698944092,0.5086469054222107,-0.1292629987001419,-0.0007026642560958862,-0.049275368452072144,0.17924103140830994
639,10408,24322,Person,Person,False,26.0,low_degree,True,True,both_correct,0,0,24322,24322,0.26985597610473633,0.2901287376880646,0.15966582298278809,0.2803494334220886,0.19539636373519897,0.33008620142936707,0.11561316251754761,0.35890424251556396,-0.07445961236953735,0.03995746374130249,-0.04405266046524048,0.07855480909347534
640,8676,19272,Person,Person,False,75.0,high_degree,True,True,both_correct,0,0,19272,19272,0.25046348571777344,0.2620769441127777,0.23610469698905945,0.2513548731803894,0.18644924461841583,0.306546151638031,0.17578597366809845,0.3312186300754547,-0.0640142410993576,0.044469207525253296,-0.060318723320961,0.07986375689506531
641,12369,17708,Entity,Entity,False,6.0,low_degree,False,False,both_wrong,17,108,25828,25828,0.3072831332683563,0.2098134607076645,0.19604657590389252,0.2868568003177643,0.3072831332683563,0.2098134607076645,0.19604657590389252,0.2868568003177643,0.0,0.0,0.0,0.0
642,13312,17361,Entity,Entity,False,12.0,low_degree,True,True,both_correct,0,0,17361,17361,0.3035009205341339,0.20811979472637177,0.1763189435005188,0.31206032633781433,0.3035009205341339,0.20811979472637177,0.1763189435005188,0.31206032633781433,0.0,0.0,0.0,0.0
643,9383,19585,Person,Person,False,78.0,high_degree,True,True,both_correct,0,0,19585,19585,0.26862746477127075,0.28190237283706665,0.17976205050945282,0.2697080671787262,0.19633746147155762,0.323745459318161,0.1313864141702652,0.348530650138855,-0.07229000329971313,0.04184308648109436,-0.04837563633918762,0.07882258296012878
644,1632,20189,Place,Place,False,29.0,low_degree,True,True,both_correct,0,0,20189,20189,0.28933653235435486,0.24133828282356262,0.17961250245571136,0.28971266746520996,0.18909510970115662,0.210293710231781,0.1760624200105667,0.4245487153530121,-0.10024142265319824,-0.031044572591781616,-0.0035500824451446533,0.13483604788780212
645,23,23915,Creative Work,Creative Work,False,83.0,high_degree,True,True,both_correct,0,0,23915,23915,0.31821751594543457,0.19311553239822388,0.1520138829946518,0.33665311336517334,0.1884661614894867,0.1906140148639679,0.10506092011928558,0.5158588886260986,-0.12975135445594788,-0.0025015175342559814,-0.04695296287536621,0.1792057752609253
646,14856,19069,Place,Place,False,2.0,low_degree,False,True,rescued,9,0,22616,19069,0.2981604039669037,0.22912606596946716,0.19447925686836243,0.27823421359062195,0.19633200764656067,0.20115874707698822,0.19207440316677094,0.41043487191200256,-0.10182839632034302,-0.027967318892478943,-0.0024048537015914917,0.13220065832138062
647,952,26232,Creative Work,Creative Work,False,114.0,high_degree,True,True,both_correct,0,0,26232,26232,0.3169976770877838,0.19194763898849487,0.15239575505256653,0.3386589586734772,0.1874503493309021,0.18916530907154083,0.10515063256025314,0.5182337164878845,-0.1295473277568817,-0.0027823299169540405,-0.047245122492313385,0.17957475781440735
648,3549,25251,Entity,Entity,False,72.0,mid_degree,True,True,both_correct,0,0,25251,25251,0.3083849549293518,0.21970660984516144,0.1573653519153595,0.31454309821128845,0.3083849549293518,0.21970660984516144,0.1573653519153595,0.31454309821128845,0.0,0.0,0.0,0.0
649,12094,17866,Entity,Entity,False,40.0,mid_degree,False,False,both_wrong,13,10,23573,21674,0.30180200934410095,0.20621830224990845,0.18963466584682465,0.30234500765800476,0.30180200934410095,0.20621830224990845,0.18963468074798584,0.30234500765800476,0.0,0.0,1.4901161193847656e-08,0.0
650,10987,21614,Person,Person,False,54.0,mid_degree,True,True,both_correct,0,0,21614,21614,0.2616274058818817,0.28065210580825806,0.18557924032211304,0.2721412777900696,0.1910286396741867,0.32198503613471985,0.13549493253231049,0.35149139165878296,-0.07059876620769501,0.04133293032646179,-0.05008430778980255,0.07935011386871338
651,13685,24061,Organization,Organization,False,12.0,low_degree,False,True,rescued,1,0,21495,24061,0.30264943838119507,0.2281152307987213,0.1692732274532318,0.2999620735645294,0.22712135314941406,0.1956225335597992,0.1451771855354309,0.43207889795303345,-0.075528085231781,-0.03249269723892212,-0.024096041917800903,0.13211682438850403
652,8123,18846,Person,Person,False,61.0,mid_degree,True,True,both_correct,0,0,18846,18846,0.2710893750190735,0.2984200417995453,0.14825159311294556,0.28223899006843567,0.19537560641765594,0.33793866634368896,0.10684753954410553,0.3598381578922272,-0.07571376860141754,0.03951862454414368,-0.04140405356884003,0.0775991678237915
653,4362,16511,Person,Person,False,60.0,mid_degree,False,True,rescued,1,0,15106,16511,0.24927958846092224,0.25138697028160095,0.2521960437297821,0.2471373975276947,0.1869203895330429,0.29618555307388306,0.1891179382801056,0.3277761936187744,-0.062359198927879333,0.044798582792282104,-0.06307810544967651,0.08063879609107971
654,12804,19859,Place,Place,False,6.0,low_degree,False,False,both_wrong,9,103,22458,14955,0.2823779881000519,0.2456522434949875,0.17896802723407745,0.2930017411708832,0.18400034308433533,0.21341845393180847,0.17491154372692108,0.4276697039604187,-0.09837764501571655,-0.032233789563179016,-0.004056483507156372,0.13466796278953552
655,13259,16519,Place,Place,False,23.0,low_degree,True,True,both_correct,0,0,16519,16519,0.27942582964897156,0.24069827795028687,0.1998196840286255,0.2800562083721161,0.18287712335586548,0.21003416180610657,0.19614854454994202,0.41094017028808594,-0.09654870629310608,-0.030664116144180298,-0.0036711394786834717,0.13088396191596985
656,9762,16952,Place,Place,False,35.0,mid_degree,True,True,both_correct,0,0,16952,16952,0.28068116307258606,0.24844777584075928,0.19054314494132996,0.2803279161453247,0.1839171051979065,0.21705389022827148,0.18726547062397003,0.41176357865333557,-0.09676405787467957,-0.03139388561248779,-0.0032776743173599243,0.13143566250801086
657,13471,20723,Place,Place,False,16.0,low_degree,True,True,both_correct,0,0,20723,20723,0.2733123004436493,0.2426747977733612,0.1815161257982254,0.3024968206882477,0.17668066918849945,0.20915958285331726,0.17599473893642426,0.43816491961479187,-0.09663163125514984,-0.033515214920043945,-0.0055213868618011475,0.1356680989265442
658,5960,15453,Creative Work,Creative Work,False,83.0,high_degree,True,True,both_correct,0,0,15453,15453,0.32480382919311523,0.18891586363315582,0.15834969282150269,0.3279305696487427,0.19415326416492462,0.18820086121559143,0.11045714467763901,0.5071886777877808,-0.1306505650281906,-0.0007150024175643921,-0.04789254814386368,0.17925810813903809
659,1455,16844,Place,Place,False,155.0,high_degree,True,True,both_correct,0,0,16844,16844,0.26221370697021484,0.22865711152553558,0.24964243173599243,0.25948676466941833,0.17171145975589752,0.19963929057121277,0.24527864158153534,0.38337060809135437,-0.09050224721431732,-0.029017820954322815,-0.004363790154457092,0.12388384342193604
660,3754,22560,Entity,Entity,False,48.0,mid_degree,False,False,both_wrong,22,21,17643,17641,0.3010193407535553,0.19467246532440186,0.19515500962734222,0.30915316939353943,0.3010193407535553,0.19467246532440186,0.19515500962734222,0.30915313959121704,0.0,0.0,0.0,-2.9802322387695312e-08
661,14526,23245,Event,Place,True,14.0,low_degree,True,True,both_correct,0,0,23245,23245,0.28524282574653625,0.2531743049621582,0.16970515251159668,0.29187771677970886,0.28238192200660706,0.25061944127082825,0.1680619865655899,0.2989366352558136,-0.0028609037399291992,-0.002554863691329956,-0.001643165946006775,0.007058918476104736
662,3846,15021,Entity,Entity,False,79.0,high_degree,True,True,both_correct,0,0,15021,15021,0.2701689600944519,0.20499534904956818,0.25547298789024353,0.2693626880645752,0.2701689600944519,0.20499533414840698,0.25547298789024353,0.2693626880645752,0.0,-1.4901161193847656e-08,0.0,0.0
663,12440,25726,Entity,Organization,True,76.0,high_degree,True,True,both_correct,0,0,25726,25726,0.3193320035934448,0.19504253566265106,0.144394189119339,0.3412312865257263,0.31933197379112244,0.19504255056381226,0.144394189119339,0.34123125672340393,-2.9802322387695312e-08,1.4901161193847656e-08,0.0,-2.9802322387695312e-08
664,443,15125,Place,Place,False,1137.0,high_degree,True,True,both_correct,0,0,15125,15125,0.2634231746196747,0.22309425473213196,0.24942806363105774,0.2640545070171356,0.17214177548885345,0.19437533617019653,0.24490322172641754,0.38857972621917725,-0.09128139913082123,-0.028718918561935425,-0.004524841904640198,0.12452521920204163
665,4180,25277,Event,Event,False,98.0,high_degree,False,False,both_wrong,4,1,23968,25286,0.2993422746658325,0.22721950709819794,0.16026520729064941,0.31317299604415894,0.2960803806781769,0.2247280776500702,0.1585855633020401,0.3206060230731964,-0.0032618939876556396,-0.0024914294481277466,-0.001679643988609314,0.007433027029037476
666,12058,27172,Person,Person,False,43.0,mid_degree,True,True,both_correct,0,0,27172,27172,0.27366840839385986,0.2915802299976349,0.16048157215118408,0.27426981925964355,0.1987134963274002,0.3326691687107086,0.1165224239230156,0.3520948588848114,-0.07495491206645966,0.04108893871307373,-0.04395914822816849,0.07782503962516785
667,7862,20105,Organization,Organization,False,37.0,mid_degree,True,True,both_correct,0,0,20105,20105,0.310631662607193,0.21974250674247742,0.15594877302646637,0.3136771023273468,0.23148797452449799,0.18713003396987915,0.1328180581331253,0.44856396317481995,-0.07914368808269501,-0.03261247277259827,-0.023130714893341064,0.13488686084747314
668,8528,24568,Person,Person,False,83.0,high_degree,True,True,both_correct,0,0,24568,24568,0.25579574704170227,0.2645072042942047,0.22058835625648499,0.25910869240760803,0.18943999707698822,0.3077999949455261,0.1633778065443039,0.33938223123550415,-0.06635574996471405,0.04329279065132141,-0.05721054971218109,0.08027353882789612
669,4978,24556,Place,Place,False,41.0,mid_degree,True,True,both_correct,0,0,24556,24556,0.30105718970298767,0.2342303991317749,0.15729883313179016,0.30741360783576965,0.195773646235466,0.20308199524879456,0.15342165529727936,0.4477227032184601,-0.10528354346752167,-0.031148403882980347,-0.0038771778345108032,0.14030909538269043
670,5850,15825,Entity,Person,True,80.0,high_degree,False,False,both_wrong,2,2,16439,16438,0.29228654503822327,0.22710615396499634,0.1826523244380951,0.2979549169540405,0.29228654503822327,0.22710615396499634,0.1826523244380951,0.2979549169540405,0.0,0.0,0.0,0.0
671,5967,23302,Person,Person,False,91.0,high_degree,True,True,both_correct,0,0,23302,23302,0.28429439663887024,0.2847698926925659,0.1491280198097229,0.28180766105651855,0.20611689984798431,0.3244084119796753,0.10811927914619446,0.36135539412498474,-0.07817749679088593,0.039638519287109375,-0.04100874066352844,0.07954773306846619
672,6714,17476,Creative Work,Creative Work,False,106.0,high_degree,True,True,both_correct,0,0,17476,17476,0.32131388783454895,0.1898878961801529,0.14992131292819977,0.3388769030570984,0.19007325172424316,0.18720485270023346,0.10348963737487793,0.5192322134971619,-0.1312406361103058,-0.0026830434799194336,-0.04643167555332184,0.18035531044006348
673,8551,19319,Person,Person,False,87.0,high_degree,True,True,both_correct,0,0,19319,19319,0.27788034081459045,0.28519126772880554,0.15225157141685486,0.28467682003974915,0.20113670825958252,0.324355810880661,0.11019853502511978,0.3643089830875397,-0.07674363255500793,0.03916454315185547,-0.04205303639173508,0.07963216304779053
674,11575,18681,Place,Place,False,21.0,low_degree,True,True,both_correct,0,0,18681,18681,0.28607258200645447,0.2426416426897049,0.17467406392097473,0.2966116964817047,0.18614090979099274,0.21050085127353668,0.17047028243541718,0.4328879415988922,-0.09993167221546173,-0.03214079141616821,-0.004203781485557556,0.1362762451171875
675,3230,21820,Person,Person,False,118.0,high_degree,False,False,both_wrong,1,1,22061,22061,0.2871794104576111,0.28294917941093445,0.1500936895608902,0.2797776758670807,0.20856915414333344,0.3228908181190491,0.10900808125734329,0.3595319390296936,-0.07861025631427765,0.039941638708114624,-0.041085608303546906,0.07975426316261292
676,521,23958,Creative Work,Creative Work,False,174.0,high_degree,True,True,both_correct,0,0,23958,23958,0.32467469573020935,0.18948934972286224,0.1463301181793213,0.3395058512687683,0.19192859530448914,0.18668268620967865,0.10096132755279541,0.520427405834198,-0.13274610042572021,-0.0028066635131835938,-0.04536879062652588,0.1809215545654297
677,10479,25202,Creative Work,Creative Work,False,72.0,mid_degree,True,True,both_correct,0,0,25202,25202,0.3224083483219147,0.1859315186738968,0.15779486298561096,0.333865225315094,0.19185608625411987,0.18439587950706482,0.10957309603691101,0.5141749382019043,-0.1305522620677948,-0.0015356391668319702,-0.04822176694869995,0.1803097128868103
678,11772,18877,Place,Place,False,23.0,low_degree,True,True,both_correct,0,0,18877,18877,0.28006860613822937,0.25178253650665283,0.1837950050830841,0.2843538820743561,0.18320435285568237,0.21959394216537476,0.18032613396644592,0.41687554121017456,-0.096864253282547,-0.032188594341278076,-0.0034688711166381836,0.13252165913581848
679,5808,26586,Event,Event,False,84.0,high_degree,False,False,both_wrong,7,6,26828,26828,0.29461905360221863,0.2290453463792801,0.17705869674682617,0.29927685856819153,0.2915329337120056,0.22663059830665588,0.17528660595417023,0.3065498471260071,-0.0030861198902130127,-0.0024147480726242065,-0.0017720907926559448,0.007272988557815552
680,1355,18660,Place,Place,False,39.0,mid_degree,True,True,both_correct,0,0,18660,18660,0.27667173743247986,0.24713246524333954,0.19177591800689697,0.28441983461380005,0.18053464591503143,0.21500439941883087,0.18768976628780365,0.41677114367485046,-0.09613709151744843,-0.03212806582450867,-0.004086151719093323,0.13235130906105042
681,11757,22659,Place,Place,False,10.0,low_degree,True,True,both_correct,0,0,22659,22659,0.28552913665771484,0.24555665254592896,0.17853429913520813,0.29037994146347046,0.18646448850631714,0.21380655467510223,0.1748725026845932,0.4248564541339874,-0.0990646481513977,-0.03175009787082672,-0.003661796450614929,0.13447651267051697
682,14120,21414,Organization,Organization,False,36.0,mid_degree,True,True,both_correct,0,0,21414,21414,0.3020913898944855,0.23268674314022064,0.16841019690036774,0.29681169986724854,0.227122500538826,0.19991277158260345,0.144704669713974,0.42826008796691895,-0.07496888935565948,-0.03277397155761719,-0.023705527186393738,0.1314483880996704
683,10755,16447,Person,Person,False,61.0,mid_degree,True,True,both_correct,0,0,16447,16447,0.2785987854003906,0.28880226612091064,0.15365247428417206,0.2789464592933655,0.20195838809013367,0.3289535939693451,0.11137682944536209,0.35771113634109497,-0.07664039731025696,0.04015132784843445,-0.04227564483880997,0.07876467704772949
684,7686,16090,Person,Person,False,79.0,high_degree,True,True,both_correct,0,0,16090,16090,0.2760951519012451,0.2924914062023163,0.15313133597373962,0.27828213572502136,0.19992205500602722,0.33278727531433105,0.11089152842760086,0.35639914870262146,-0.0761730968952179,0.04029586911201477,-0.04223980754613876,0.0781170129776001
685,2658,27303,Person,Person,False,93.0,high_degree,True,True,both_correct,0,0,27303,27303,0.2674383521080017,0.29827120900154114,0.1522577702999115,0.28203263878822327,0.19279994070529938,0.33786752820014954,0.10976306349039078,0.3595694303512573,-0.07463841140270233,0.0395963191986084,-0.04249470680952072,0.07753679156303406
686,5871,24448,Person,Person,False,83.0,high_degree,False,False,both_wrong,5,1,22083,22083,0.276980459690094,0.29637661576271057,0.147966668009758,0.278676301240921,0.20019350945949554,0.33658576011657715,0.1069483831524849,0.3562723398208618,-0.07678695023059845,0.04020914435386658,-0.0410182848572731,0.0775960385799408
687,2799,27490,Creative Work,Creative Work,False,102.0,high_degree,True,True,both_correct,0,0,27490,27490,0.3216085135936737,0.19284458458423615,0.15436714887619019,0.33117973804473877,0.19147026538848877,0.1913423240184784,0.10723532736301422,0.5099521279335022,-0.13013824820518494,-0.0015022605657577515,-0.047131821513175964,0.17877238988876343
688,1833,15937,Place,Place,False,24.0,low_degree,True,True,both_correct,0,0,15937,15937,0.29114097356796265,0.23675082623958588,0.17291367053985596,0.29919448494911194,0.18938224017620087,0.20532888174057007,0.16870123147964478,0.4365876019001007,-0.10175873339176178,-0.03142194449901581,-0.004212439060211182,0.13739311695098877
689,13139,26343,Person,Creative Work,True,21.0,low_degree,True,True,both_correct,0,0,26343,26343,0.276154100894928,0.2674359679222107,0.16580192744731903,0.2906080186367035,0.20066139101982117,0.3053402006626129,0.12047573179006577,0.37352272868156433,-0.07549270987510681,0.03790423274040222,-0.045326195657253265,0.08291471004486084
690,6309,21074,Creative Work,Creative Work,False,82.0,high_degree,True,True,both_correct,0,0,21074,21074,0.3314991891384125,0.1900441199541092,0.15308921039104462,0.3253675103187561,0.19873778522014618,0.1898808628320694,0.10708362609148026,0.5042977333068848,-0.1327614039182663,-0.00016325712203979492,-0.04600558429956436,0.17893022298812866
691,11246,19091,Place,Place,False,11.0,low_degree,False,False,both_wrong,22,87,17564,17564,0.28984323143959045,0.23355929553508759,0.18147461116313934,0.2951228618621826,0.18888047337532043,0.20292949676513672,0.1773756891489029,0.4308144152164459,-0.10096275806427002,-0.030629798769950867,-0.00409892201423645,0.1356915533542633
692,10908,21500,Person,Person,False,46.0,mid_degree,True,True,both_correct,0,0,21500,21500,0.27940666675567627,0.2899115979671478,0.15372234582901,0.2769594192504883,0.20268550515174866,0.330447793006897,0.11150531470775604,0.35536137223243713,-0.07672116160392761,0.040536195039749146,-0.04221703112125397,0.07840195298194885
693,12808,23062,Person,Person,False,27.0,low_degree,True,True,both_correct,0,0,23062,23062,0.26820632815361023,0.2942875921726227,0.15270671248435974,0.28479933738708496,0.19343754649162292,0.3335011899471283,0.11012934893369675,0.36293184757232666,-0.0747687816619873,0.039213597774505615,-0.042577363550662994,0.0781325101852417
694,1241,22765,Entity,Entity,False,58.0,mid_degree,False,False,both_wrong,7,5,18649,18649,0.27492374181747437,0.2177714854478836,0.2313392460346222,0.27596548199653625,0.27492374181747437,0.2177715003490448,0.23133927583694458,0.27596548199653625,0.0,1.4901161193847656e-08,2.9802322387695312e-08,0.0
695,4540,23833,Organization,Organization,False,48.0,mid_degree,False,False,both_wrong,38,24,16398,16398,0.31215280294418335,0.19873970746994019,0.15246590971946716,0.3366415798664093,0.22948932647705078,0.16696462035179138,0.1281031370162964,0.47544294595718384,-0.08266347646713257,-0.031775087118148804,-0.024362772703170776,0.13880136609077454
696,10751,25399,Person,Person,False,46.0,mid_degree,True,True,both_correct,0,0,25399,25399,0.27619948983192444,0.2873583137989044,0.15304362773895264,0.2833985686302185,0.19987304508686066,0.32674387097358704,0.11075301468372345,0.36263012886047363,-0.07632644474506378,0.03938555717468262,-0.04229061305522919,0.07923156023025513
697,8509,20759,Place,Place,False,20.0,low_degree,True,True,both_correct,0,0,20759,20759,0.2955506443977356,0.2543964982032776,0.15718156099319458,0.2928713262081146,0.19355733692646027,0.22213204205036163,0.15439514815807343,0.42991548776626587,-0.10199330747127533,-0.032264456152915955,-0.002786412835121155,0.13704416155815125
698,540,19908,Place,Place,False,21.0,low_degree,True,True,both_correct,0,0,19908,19908,0.2991074025630951,0.2436675876379013,0.1640315055847168,0.2931934595108032,0.19580483436584473,0.21267510950565338,0.1610562801361084,0.4304638206958771,-0.10330256819725037,-0.030992478132247925,-0.0029752254486083984,0.13727036118507385
699,478,15304,Entity,Entity,False,446.0,high_degree,True,True,both_correct,0,0,15304,15304,0.29606109857559204,0.19603434205055237,0.14215712249279022,0.3657474219799042,0.29606109857559204,0.19603432714939117,0.14215712249279022,0.3657474219799042,0.0,-1.4901161193847656e-08,0.0,0.0
700,4477,27570,Creative Work,Creative Work,False,115.0,high_degree,False,False,both_wrong,42,6,24714,27424,0.3187856376171112,0.1905827820301056,0.1548387110233307,0.3357928991317749,0.18913519382476807,0.1884460598230362,0.1071934774518013,0.5152252316474915,-0.12965044379234314,-0.002136722207069397,-0.04764523357152939,0.17943233251571655
701,4258,23260,Person,Creative Work,True,59.0,mid_degree,True,True,both_correct,0,0,23260,23260,0.2827034592628479,0.27303141355514526,0.14889805018901825,0.29536712169647217,0.20437675714492798,0.3101443648338318,0.10764200240373611,0.3778369128704071,-0.07832670211791992,0.03711295127868652,-0.041256047785282135,0.08246979117393494
702,8562,24594,Person,Person,False,22.0,low_degree,False,False,both_wrong,1,1,26757,26757,0.2734294533729553,0.27634531259536743,0.17490051686763763,0.2753247618675232,0.1996907740831375,0.31711527705192566,0.12772688269615173,0.3554670214653015,-0.07373867928981781,0.04076996445655823,-0.0471736341714859,0.08014225959777832
703,8971,25458,Creative Work,Creative Work,False,92.0,high_degree,True,True,both_correct,0,0,25458,25458,0.3174261152744293,0.18734273314476013,0.14713597297668457,0.348095178604126,0.18640294671058655,0.18334753811359406,0.10081276297569275,0.5294367671012878,-0.13102316856384277,-0.003995195031166077,-0.04632321000099182,0.18134158849716187
704,4714,20146,Place,Place,False,28.0,low_degree,True,True,both_correct,0,0,20146,20146,0.2828805148601532,0.26693424582481384,0.1669594645500183,0.28322574496269226,0.1856178641319275,0.2335309088230133,0.16431641578674316,0.41653478145599365,-0.09726265072822571,-0.03340333700180054,-0.0026430487632751465,0.1333090364933014
705,9693,25000,Organization,Organization,False,34.0,mid_degree,False,True,rescued,16,0,25808,25000,0.30761271715164185,0.2041422724723816,0.1527935415506363,0.3354514539241791,0.22626253962516785,0.1715880185365677,0.12844158709049225,0.4737078547477722,-0.081350177526474,-0.032554253935813904,-0.024351954460144043,0.13825640082359314
706,455,21054,Person,Person,False,204.0,high_degree,True,True,both_correct,0,0,21054,21054,0.27649182081222534,0.2960324287414551,0.14813214540481567,0.2793436050415039,0.19974949955940247,0.33604249358177185,0.10702808946371078,0.3571799099445343,-0.07674232125282288,0.04001006484031677,-0.04110405594110489,0.0778363049030304
707,7476,15259,Entity,Entity,False,20.0,low_degree,False,False,both_wrong,5,3,15134,15134,0.15790413320064545,0.19341427087783813,0.49118080735206604,0.157500758767128,0.15790413320064545,0.19341427087783813,0.49118080735206604,0.157500758767128,0.0,0.0,0.0,0.0
708,8876,17626,Person,Person,False,99.0,high_degree,True,True,both_correct,0,0,17626,17626,0.2693993151187897,0.2977079749107361,0.1553247720003128,0.27756792306900024,0.19470219314098358,0.33807650208473206,0.1122635006904602,0.35495778918266296,-0.07469712197780609,0.04036852717399597,-0.0430612713098526,0.07738986611366272
709,7162,17781,Place,Place,False,57.0,mid_degree,True,True,both_correct,0,0,17781,17781,0.25160181522369385,0.24125365912914276,0.25331276655197144,0.25383177399635315,0.16526874899864197,0.21128816902637482,0.24956847727298737,0.3738746643066406,-0.08633306622505188,-0.029965490102767944,-0.00374428927898407,0.12004289031028748
710,1582,16577,Person,Creative Work,True,115.0,high_degree,True,True,both_correct,0,0,16577,16577,0.2793439030647278,0.2591428756713867,0.18109065294265747,0.28042250871658325,0.20476724207401276,0.2984769940376282,0.13275791704654694,0.36399784684181213,-0.07457666099071503,0.039334118366241455,-0.048332735896110535,0.08357533812522888
711,14002,25709,Organization,Organization,False,15.0,low_degree,True,True,both_correct,0,0,25709,25709,0.29685118794441223,0.23216725885868073,0.1705649197101593,0.30041661858558655,0.22256477177143097,0.1989138424396515,0.14615032076835632,0.4323710501194,-0.07428641617298126,-0.033253416419029236,-0.02441459894180298,0.13195443153381348
712,11340,20415,Entity,Entity,False,42.0,mid_degree,False,False,both_wrong,41,28,16149,17866,0.30427637696266174,0.20268389582633972,0.16414287686347961,0.3288968801498413,0.30427634716033936,0.20268386602401733,0.16414286196231842,0.3288968801498413,-2.9802322387695312e-08,-2.9802322387695312e-08,-1.4901161193847656e-08,0.0
713,9287,20843,Place,Place,False,34.0,mid_degree,True,True,both_correct,0,0,20843,20843,0.28846123814582825,0.24399985373020172,0.1775195449590683,0.29001930356025696,0.1884789615869522,0.21256300806999207,0.17396999895572662,0.4249880015850067,-0.09998227655887604,-0.031436845660209656,-0.003549546003341675,0.13496869802474976
714,6386,27318,Creative Work,Creative Work,False,72.0,mid_degree,False,True,rescued,2,0,21475,27318,0.32055750489234924,0.1912621259689331,0.15982864797115326,0.3283516764640808,0.19141730666160583,0.19034141302108765,0.11137109994888306,0.5068701505661011,-0.1291401982307434,-0.000920712947845459,-0.0484575480222702,0.17851847410202026
715,14156,16858,Place,Place,False,8.0,low_degree,True,True,both_correct,0,0,16858,16858,0.2827117443084717,0.25277936458587646,0.17902496457099915,0.2854839563369751,0.1850685179233551,0.22062437236309052,0.1757749766111374,0.41853222250938416,-0.09764322638511658,-0.03215499222278595,-0.0032499879598617554,0.13304826617240906
716,8812,21111,Person,Person,False,60.0,mid_degree,True,True,both_correct,0,0,21111,21111,0.2822125256061554,0.28444454073905945,0.16111917793750763,0.27222374081611633,0.20572340488433838,0.3258047103881836,0.11744774132966995,0.3510240912437439,-0.07648912072181702,0.041360169649124146,-0.04367143660783768,0.07880035042762756
717,161,21762,Event,Event,False,958.0,high_degree,False,False,both_wrong,10,6,23350,23350,0.29708582162857056,0.21491007506847382,0.14382103085517883,0.3441830277442932,0.2932625412940979,0.2121269553899765,0.14210623502731323,0.35250428318977356,-0.0038232803344726562,-0.0027831196784973145,-0.0017147958278656006,0.008321255445480347
718,4662,23901,Creative Work,Creative Work,False,80.0,high_degree,True,True,both_correct,0,0,23901,23901,0.33235645294189453,0.18905390799045563,0.15883460640907288,0.3197549879550934,0.20027537643909454,0.18986201286315918,0.11167876422405243,0.4981837868690491,-0.1320810765028,0.0008081048727035522,-0.04715584218502045,0.1784287989139557
719,815,19290,Entity,Entity,False,195.0,high_degree,False,False,both_wrong,1,1,20464,20464,0.27263888716697693,0.19560706615447998,0.14195992052555084,0.3897942006587982,0.27263885736465454,0.19560706615447998,0.14195990562438965,0.38979414105415344,-2.9802322387695312e-08,0.0,-1.4901161193847656e-08,-5.960464477539063e-08
720,10083,18241,Place,Place,False,8.0,low_degree,False,False,both_wrong,63,96,22300,19061,0.28841570019721985,0.2433164119720459,0.17729461193084717,0.2909732460975647,0.1884627342224121,0.2119833528995514,0.17376302182674408,0.425790935754776,-0.09995296597480774,-0.03133305907249451,-0.0035315901041030884,0.1348176896572113
721,12661,19386,Place,Place,False,30.0,low_degree,True,True,both_correct,0,0,19386,19386,0.2815748155117035,0.26015573740005493,0.16289253532886505,0.2953769266605377,0.1834029257297516,0.22592687606811523,0.15913526713848114,0.43153494596481323,-0.0981718897819519,-0.0342288613319397,-0.003757268190383911,0.1361580193042755
722,1063,15245,Place,Place,False,434.0,high_degree,True,True,both_correct,0,0,15245,15245,0.2593589723110199,0.22423303127288818,0.24946457147598267,0.2669433653354645,0.16925516724586487,0.19510237872600555,0.2442476898431778,0.3913947641849518,-0.09010380506515503,-0.02913065254688263,-0.005216881632804871,0.1244513988494873
723,5860,21755,Person,Person,False,136.0,high_degree,True,True,both_correct,0,0,21755,21755,0.26988232135772705,0.27918675541877747,0.18034274876117706,0.2705881893634796,0.19734182953834534,0.3207685649394989,0.131880983710289,0.35000860691070557,-0.07254049181938171,0.041581809520721436,-0.04846176505088806,0.07942041754722595
724,8480,15942,Person,Person,False,117.0,high_degree,True,True,both_correct,0,0,15942,15942,0.27176883816719055,0.290548175573349,0.16134421527385712,0.2763387858867645,0.19712623953819275,0.3311426341533661,0.11703766137361526,0.3546934723854065,-0.0746425986289978,0.04059445858001709,-0.04430655390024185,0.07835468649864197
725,9721,16277,Entity,Entity,False,1.0,low_degree,False,False,both_wrong,324,362,22602,22916,0.2914048731327057,0.2081926316022873,0.18808713555335999,0.31231534481048584,0.2914048731327057,0.2081926316022873,0.18808715045452118,0.31231534481048584,0.0,0.0,1.4901161193847656e-08,0.0
726,6480,15657,Organization,Organization,False,44.0,mid_degree,True,True,both_correct,0,0,15657,15657,0.31164902448654175,0.21190883219242096,0.15918128192424774,0.31726089119911194,0.23172053694725037,0.18005040287971497,0.13526420295238495,0.4529649317264557,-0.07992848753929138,-0.031858429312705994,-0.023917078971862793,0.13570404052734375
727,10523,19518,Place,Place,False,19.0,low_degree,True,True,both_correct,0,0,19518,19518,0.28567415475845337,0.25514909625053406,0.17054039239883423,0.28863638639450073,0.18693658709526062,0.2226080745458603,0.16738058626651764,0.42307472229003906,-0.09873756766319275,-0.03254102170467377,-0.0031598061323165894,0.13443833589553833
728,1399,23562,Entity,Entity,False,118.0,high_degree,False,False,both_wrong,3,5,21598,21598,0.3296353220939636,0.19723188877105713,0.14330381155014038,0.32982900738716125,0.3296353220939636,0.19723188877105713,0.14330381155014038,0.32982900738716125,0.0,0.0,0.0,0.0
729,8951,22684,Person,Person,False,62.0,mid_degree,True,True,both_correct,0,0,22684,22684,0.27000123262405396,0.2759498357772827,0.18167327344417572,0.2723756432533264,0.19753523170948029,0.3172207772731781,0.132907435297966,0.3523365259170532,-0.07246600091457367,0.041270941495895386,-0.04876583814620972,0.0799608826637268
730,14743,24126,Organization,Organization,False,2.0,low_degree,False,False,both_wrong,22,34,24786,24786,0.2590755522251129,0.20166131854057312,0.17969954013824463,0.3595636188983917,0.18708287179470062,0.16640916466712952,0.14830197393894196,0.4982059895992279,-0.07199268043041229,-0.035252153873443604,-0.03139756619930267,0.13864237070083618
731,12498,24420,Person,Person,False,42.0,mid_degree,True,True,both_correct,0,0,24420,24420,0.27725300192832947,0.2884204387664795,0.1531909704208374,0.28113555908203125,0.20079313218593597,0.32820916175842285,0.11094396561384201,0.360053688287735,-0.0764598697423935,0.03978872299194336,-0.04224700480699539,0.07891812920570374
732,5474,24841,Creative Work,Creative Work,False,176.0,high_degree,True,True,both_correct,0,0,24841,24841,0.3260517716407776,0.1891675889492035,0.15020345151424408,0.3345772624015808,0.1936391294002533,0.18723294138908386,0.10410554707050323,0.5150223970413208,-0.1324126422405243,-0.001934647560119629,-0.046097904443740845,0.18044513463974
733,13331,19345,Place,Place,False,24.0,low_degree,True,True,both_correct,0,0,19345,19345,0.28186285495758057,0.24632519483566284,0.19396261870861053,0.27784931659698486,0.18499743938446045,0.2155562788248062,0.19094133377075195,0.408504843711853,-0.09686541557312012,-0.03076891601085663,-0.0030212849378585815,0.13065552711486816
734,3489,16518,Person,Person,False,54.0,mid_degree,True,True,both_correct,0,0,16518,16518,0.25783446431159973,0.26220566034317017,0.2166140079498291,0.2633458375930786,0.19068685173988342,0.3047006130218506,0.16020123660564423,0.34441134333610535,-0.06714761257171631,0.04249495267868042,-0.056412771344184875,0.08106550574302673
735,9229,15791,Place,Place,False,62.0,mid_degree,True,True,both_correct,0,0,15791,15791,0.2543353736400604,0.22733254730701447,0.2516616880893707,0.2666704058647156,0.16586105525493622,0.1976618617773056,0.2461557388305664,0.3903212547302246,-0.0884743183851242,-0.029670685529708862,-0.005505949258804321,0.12365084886550903
736,10797,22391,Person,Person,False,56.0,mid_degree,True,True,both_correct,0,0,22391,22391,0.24766622483730316,0.26806801557540894,0.23136423528194427,0.252901554107666,0.18383876979351044,0.3126571774482727,0.17172834277153015,0.3317756950855255,-0.06382745504379272,0.04458916187286377,-0.059635892510414124,0.0788741409778595
737,787,16520,Entity,Entity,False,620.0,high_degree,False,False,both_wrong,6,4,22339,22339,0.29130491614341736,0.19529946148395538,0.14194507896900177,0.3714505136013031,0.29130491614341736,0.19529946148395538,0.14194507896900177,0.3714505136013031,0.0,0.0,0.0,0.0
738,8227,26674,Event,Event,False,28.0,low_degree,False,False,both_wrong,2,1,26775,26775,0.31275784969329834,0.21167372167110443,0.15842467546463013,0.3171437382698059,0.3093370497226715,0.20934468507766724,0.15677326917648315,0.3245449960231781,-0.003420799970626831,-0.002329036593437195,-0.0016514062881469727,0.007401257753372192
739,10842,27168,Entity,Entity,False,8.0,low_degree,False,False,both_wrong,1,1,23562,23562,0.2902584969997406,0.21230699121952057,0.1945209950208664,0.3029135465621948,0.2902584969997406,0.21230699121952057,0.1945209950208664,0.3029135465621948,0.0,0.0,0.0,0.0
740,1927,16425,Entity,Entity,False,732.0,high_degree,False,False,both_wrong,4,3,25251,25251,0.26842695474624634,0.20746710896492004,0.24854879081249237,0.27555713057518005,0.26842695474624634,0.20746710896492004,0.24854879081249237,0.27555713057518005,0.0,0.0,0.0,0.0
741,11406,17905,Place,Place,False,36.0,mid_degree,True,True,both_correct,0,0,17905,17905,0.2573012113571167,0.23285488784313202,0.24600555002689362,0.26383838057518005,0.16828861832618713,0.20305852591991425,0.24133175611495972,0.3873210847377777,-0.08901259303092957,-0.029796361923217773,-0.004673793911933899,0.12348270416259766
742,10807,26191,Creative Work,Creative Work,False,46.0,mid_degree,True,True,both_correct,0,0,26191,26191,0.28584548830986023,0.26472893357276917,0.1487220823764801,0.3007035255432129,0.17051225900650024,0.2631821036338806,0.10350984334945679,0.46279576420783997,-0.11533322930335999,-0.0015468299388885498,-0.045212239027023315,0.16209223866462708
743,11185,24518,Creative Work,Creative Work,False,56.0,mid_degree,True,True,both_correct,0,0,24518,24518,0.2597697377204895,0.2432921677827835,0.23417964577674866,0.26275840401649475,0.160659059882164,0.2507694959640503,0.1689862757921219,0.41958513855934143,-0.0991106778383255,0.007477328181266785,-0.06519336998462677,0.15682673454284668
744,8830,15612,Organization,Organization,False,113.0,high_degree,True,True,both_correct,0,0,15612,15612,0.26446160674095154,0.22648780047893524,0.2404506653547287,0.2685999572277069,0.20131145417690277,0.19701486825942993,0.209201842546463,0.3924717903137207,-0.06315015256404877,-0.02947293221950531,-0.031248822808265686,0.1238718330860138
745,11464,15883,Place,Place,False,22.0,low_degree,True,True,both_correct,0,0,15883,15883,0.2883927822113037,0.2541095018386841,0.16918469965457916,0.28831300139427185,0.18882489204406738,0.2218293696641922,0.16614599525928497,0.42319971323013306,-0.09956789016723633,-0.03228013217449188,-0.0030387043952941895,0.1348867118358612
746,7606,24312,Creative Work,Creative Work,False,62.0,mid_degree,True,True,both_correct,0,0,24312,24312,0.3253017067909241,0.18718530237674713,0.15545965731143951,0.33205336332321167,0.1939029097557068,0.18595120310783386,0.10813114792108536,0.5120147466659546,-0.13139879703521729,-0.001234099268913269,-0.047328509390354156,0.17996138334274292
747,13144,20425,Place,Place,False,10.0,low_degree,False,False,both_wrong,2,3,18929,19121,0.28829720616340637,0.23553138971328735,0.17534442245960236,0.30082690715789795,0.18720391392707825,0.2039133906364441,0.17077308893203735,0.4381096065044403,-0.10109329223632812,-0.03161799907684326,-0.0045713335275650024,0.13728269934654236
748,980,20869,Place,Place,False,16.0,low_degree,True,True,both_correct,0,0,20869,20869,0.28713685274124146,0.2576541006565094,0.1607135832309723,0.2944954037666321,0.18748758733272552,0.22430752217769623,0.1573949158191681,0.43080994486808777,-0.09964926540851593,-0.03334657847881317,-0.0033186674118041992,0.1363145411014557
749,1612,16448,Entity,Event,True,146.0,high_degree,False,False,both_wrong,2,1,15839,15839,0.26944997906684875,0.20720522105693817,0.24988006055355072,0.27346473932266235,0.26944994926452637,0.20720522105693817,0.24988006055355072,0.27346470952033997,-2.9802322387695312e-08,0.0,0.0,-2.9802322387695312e-08
750,10500,21531,Person,Person,False,70.0,mid_degree,True,True,both_correct,0,0,21531,21531,0.26278647780418396,0.286966472864151,0.1826864331960678,0.2675606310367584,0.19187086820602417,0.3292218744754791,0.13341136276721954,0.34549590945243835,-0.07091560959815979,0.042255401611328125,-0.04927507042884827,0.07793527841567993
751,5068,27436,Person,Person,False,65.0,mid_degree,True,True,both_correct,0,0,27436,27436,0.2709815800189972,0.26122623682022095,0.1924474835395813,0.2753446400165558,0.19912566244602203,0.3016161620616913,0.14142124354839325,0.35783687233924866,-0.07185591757297516,0.04038992524147034,-0.05102623999118805,0.08249223232269287
752,2875,15531,Place,Place,False,15.0,low_degree,True,False,harmed,0,38,15531,16958,0.2926916480064392,0.2336118519306183,0.17400307953357697,0.29969340562820435,0.19053226709365845,0.20275740325450897,0.16989079117774963,0.43681952357292175,-0.10215938091278076,-0.030854448676109314,-0.0041122883558273315,0.1371261179447174
753,12411,15659,Entity,Entity,False,16.0,low_degree,True,True,both_correct,0,0,15659,15659,0.30451926589012146,0.20773591101169586,0.17524206638336182,0.31250274181365967,0.30451929569244385,0.20773592591285706,0.17524206638336182,0.31250274181365967,2.9802322387695312e-08,1.4901161193847656e-08,0.0,0.0
754,1119,26497,Person,Person,False,80.0,high_degree,True,True,both_correct,0,0,26497,26497,0.27109456062316895,0.28677448630332947,0.16346052289009094,0.27867043018341064,0.19675467908382416,0.3270374834537506,0.11863148212432861,0.3575763404369354,-0.07433988153934479,0.04026299715042114,-0.04482904076576233,0.07890591025352478
755,13857,17867,Place,Place,False,16.0,low_degree,True,True,both_correct,0,0,17867,17867,0.28432101011276245,0.23561115562915802,0.1757199615240097,0.3043478727340698,0.184124156832695,0.20343264937400818,0.17067798972129822,0.4417652189731598,-0.10019685328006744,-0.03217850625514984,-0.005041971802711487,0.13741734623908997
756,3086,27114,Creative Work,Creative Work,False,84.0,high_degree,True,True,both_correct,0,0,27114,27114,0.3171984553337097,0.19098807871341705,0.15886133909225464,0.3329521119594574,0.18866853415966034,0.18932388722896576,0.11025460809469223,0.5117529034614563,-0.12852992117404938,-0.001664191484451294,-0.04860673099756241,0.1788007915019989
757,7369,19527,Organization,Organization,False,69.0,mid_degree,True,True,both_correct,0,0,19527,19527,0.3240286409854889,0.20332983136177063,0.15027032792568207,0.3223712146282196,0.24049927294254303,0.1724553108215332,0.1274663358926773,0.45957908034324646,-0.08352936804294586,-0.030874520540237427,-0.02280399203300476,0.13720786571502686
758,5709,27682,Creative Work,Creative Work,False,84.0,high_degree,False,True,rescued,8,0,27128,27682,0.3277961313724518,0.18857474625110626,0.15533120930194855,0.328297883272171,0.19605843722820282,0.18797259032726288,0.1084059402346611,0.5075629949569702,-0.13173769414424896,-0.0006021559238433838,-0.046925269067287445,0.1792651116847992
759,1482,26828,Event,Event,False,200.0,high_degree,False,False,both_wrong,6,7,22430,22430,0.30355966091156006,0.22619351744651794,0.16363850235939026,0.3066083788871765,0.3003106117248535,0.2237563133239746,0.16197316348552704,0.31395986676216125,-0.003249049186706543,-0.002437204122543335,-0.0016653388738632202,0.007351487874984741
760,2663,27106,Creative Work,Creative Work,False,93.0,high_degree,False,False,both_wrong,9,1,27207,27350,0.3124031722545624,0.1912778615951538,0.17182517051696777,0.32449379563331604,0.18708764016628265,0.19090816378593445,0.12007535994052887,0.5019288063049316,-0.12531553208827972,-0.00036969780921936035,-0.051749810576438904,0.1774350106716156
761,10999,23443,Person,Person,False,40.0,mid_degree,True,True,both_correct,0,0,23443,23443,0.27273207902908325,0.2863852083683014,0.1604689061641693,0.28041377663612366,0.19778573513031006,0.32633331418037415,0.1163710355758667,0.3595099449157715,-0.0749463438987732,0.039948105812072754,-0.04409787058830261,0.07909616827964783
762,7091,24107,Person,Person,False,38.0,mid_degree,True,True,both_correct,0,0,24107,24107,0.2730099558830261,0.29283449053764343,0.15282711386680603,0.281328409910202,0.19734039902687073,0.3325917720794678,0.11046571284532547,0.35960209369659424,-0.0756695568561554,0.03975728154182434,-0.04236140102148056,0.07827368378639221
763,1673,22854,Person,Person,False,144.0,high_degree,True,True,both_correct,0,0,22854,22854,0.2668113112449646,0.3014217019081116,0.14800362288951874,0.2837633490562439,0.1918991655111313,0.3406396508216858,0.10644935816526413,0.36101189255714417,-0.07491214573383331,0.03921794891357422,-0.04155426472425461,0.07724854350090027
764,10119,19478,Place,Place,False,17.0,low_degree,False,True,rescued,1,0,19123,19478,0.2824437618255615,0.23460571467876434,0.16708482801914215,0.315865695476532,0.18179355561733246,0.20132993161678314,0.16130131483078003,0.45557519793510437,-0.10065020620822906,-0.0332757830619812,-0.005783513188362122,0.1397095024585724
765,1565,24138,Entity,Organization,True,30.0,low_degree,True,True,both_correct,0,0,24138,24138,0.2632659375667572,0.21495580673217773,0.2560088336467743,0.26576942205429077,0.2632659375667572,0.21495582163333893,0.2560088336467743,0.26576942205429077,0.0,1.4901161193847656e-08,0.0,0.0
766,10737,17051,Place,Place,False,29.0,low_degree,True,True,both_correct,0,0,17051,17051,0.27614104747772217,0.2571307420730591,0.18803247809410095,0.2786957621574402,0.1809624433517456,0.22466470301151276,0.18481755256652832,0.4095553159713745,-0.09517860412597656,-0.032466039061546326,-0.003214925527572632,0.13085955381393433
767,6362,27666,Creative Work,Creative Work,False,100.0,high_degree,True,True,both_correct,0,0,27666,27666,0.330924928188324,0.18954655528068542,0.15366484224796295,0.32586365938186646,0.19829776883125305,0.18929289281368256,0.10744894295930862,0.5049604177474976,-0.13262715935707092,-0.00025366246700286865,-0.04621589928865433,0.1790967583656311
768,13715,25891,Person,Person,False,28.0,low_degree,True,True,both_correct,0,0,25891,25891,0.26886647939682007,0.2907751798629761,0.16162243485450745,0.2787359058856964,0.19479885697364807,0.3310236930847168,0.11709359288215637,0.35708385705947876,-0.074067622423172,0.04024851322174072,-0.044528841972351074,0.07834795117378235
769,7926,21733,Organization,Organization,False,39.0,mid_degree,True,True,both_correct,0,0,21733,21733,0.296321839094162,0.24597813189029694,0.1536465734243393,0.30405348539352417,0.22169776260852814,0.21030054986476898,0.13137505948543549,0.4366266429424286,-0.07462407648563385,-0.035677582025527954,-0.02227151393890381,0.13257315754890442
770,14342,19966,Place,Place,False,20.0,low_degree,True,True,both_correct,0,0,19966,19966,0.2723309099674225,0.2445712834596634,0.2062874585390091,0.27681031823158264,0.17815205454826355,0.21331574022769928,0.2024046629667282,0.40612754225730896,-0.09417885541915894,-0.03125554323196411,-0.003882795572280884,0.12931722402572632
771,8737,26515,Creative Work,Creative Work,False,139.0,high_degree,True,True,both_correct,0,0,26515,26515,0.3149564564228058,0.1893790364265442,0.14672444760799408,0.34894007444381714,0.18460401892662048,0.18499106168746948,0.10036611557006836,0.5300387740135193,-0.1303524374961853,-0.004387974739074707,-0.04635833203792572,0.18109869956970215
772,10095,20039,Organization,Organization,False,33.0,low_degree,True,True,both_correct,0,0,20039,20039,0.3204667270183563,0.20244784653186798,0.15306249260902405,0.32402288913726807,0.23760975897312164,0.17153044044971466,0.12970083951950073,0.4611589312553406,-0.08285696804523468,-0.03091740608215332,-0.023361653089523315,0.1371360421180725
773,4281,16087,Person,Person,False,95.0,high_degree,True,True,both_correct,0,0,16087,16087,0.2829318344593048,0.28519541025161743,0.14751295745372772,0.28435981273651123,0.2047540843486786,0.3242972493171692,0.10676170140504837,0.36418697237968445,-0.07817775011062622,0.03910183906555176,-0.04075125604867935,0.07982715964317322
774,9185,22648,Organization,Organization,False,28.0,low_degree,True,True,both_correct,0,0,22648,22648,0.2974768579006195,0.22086495161056519,0.16765141487121582,0.3140067458152771,0.22132015228271484,0.1877763718366623,0.14255012571811676,0.4483533203601837,-0.07615670561790466,-0.03308857977390289,-0.02510128915309906,0.13434657454490662
775,4203,15704,Entity,Entity,False,271.0,high_degree,True,True,both_correct,0,0,15704,15704,0.27842745184898376,0.19503630697727203,0.1415928155183792,0.384943425655365,0.27842745184898376,0.19503629207611084,0.14159280061721802,0.3849433958530426,0.0,-1.4901161193847656e-08,-1.4901161193847656e-08,-2.9802322387695312e-08
776,6690,21988,Organization,Organization,False,44.0,mid_degree,False,False,both_wrong,21,53,25303,25758,0.2988436222076416,0.21872550249099731,0.15947765111923218,0.3229532241821289,0.22120265662670135,0.18500860035419464,0.13490813970565796,0.45888063311576843,-0.07764096558094025,-0.03371690213680267,-0.02456951141357422,0.13592740893363953
777,13714,22871,Place,Place,False,12.0,low_degree,True,False,harmed,0,1,22871,25409,0.29267486929893494,0.2437652051448822,0.16628716886043549,0.29727280139923096,0.19085654616355896,0.21194173395633698,0.16264279186725616,0.4345588684082031,-0.10181832313537598,-0.03182347118854523,-0.0036443769931793213,0.13728606700897217
778,10861,18617,Place,Place,False,20.0,low_degree,True,True,both_correct,0,0,18617,18617,0.28040412068367004,0.24062977731227875,0.18130625784397125,0.29765981435775757,0.1820494830608368,0.20829454064369202,0.17655181884765625,0.43310409784317017,-0.09835463762283325,-0.03233523666858673,-0.0047544389963150024,0.1354442834854126
779,13907,18413,Event,Event,False,26.0,low_degree,True,True,both_correct,0,0,18413,18413,0.29854488372802734,0.23989564180374146,0.15336266160011292,0.3081967830657959,0.29535627365112305,0.2373184710741043,0.15179087221622467,0.3155343532562256,-0.003188610076904297,-0.002577170729637146,-0.0015717893838882446,0.0073375701904296875
780,250,25361,Creative Work,Creative Work,False,213.0,high_degree,True,True,both_correct,0,0,25361,25361,0.34232309460639954,0.18971356749534607,0.14560137689113617,0.3223619759082794,0.205868199467659,0.19014357030391693,0.10218440741300583,0.5018038749694824,-0.13645489513874054,0.0004300028085708618,-0.04341696947813034,0.179441899061203
781,12848,17498,Organization,Organization,False,4.0,low_degree,False,False,both_wrong,6,3,26786,21868,0.2933565676212311,0.22622185945510864,0.17877566814422607,0.3016458749771118,0.2197313904762268,0.19363225996494293,0.15303725004196167,0.4335990250110626,-0.07362517714500427,-0.03258959949016571,-0.025738418102264404,0.1319531500339508
782,3505,27059,Creative Work,Creative Work,False,79.0,high_degree,True,True,both_correct,0,0,27059,27059,0.3240850269794464,0.18825019896030426,0.15401773154735565,0.3336470127105713,0.19285453855991364,0.18669652938842773,0.10694588720798492,0.5135030746459961,-0.13123048841953278,-0.0015536695718765259,-0.04707184433937073,0.1798560619354248
783,13041,20048,Place,Place,False,21.0,low_degree,True,True,both_correct,0,0,20048,20048,0.29320892691612244,0.23472419381141663,0.1625984013080597,0.30946847796440125,0.18989312648773193,0.20268109440803528,0.1579434722661972,0.44948235154151917,-0.1033158004283905,-0.03204309940338135,-0.004654929041862488,0.14001387357711792
784,8596,19212,Place,Organization,True,54.0,mid_degree,False,False,both_wrong,2494,1403,25742,23573,0.09717567265033722,0.0970677062869072,0.7085847854614258,0.0971718281507492,0.06454914063215256,0.08596773445606232,0.705975353717804,0.14350779354572296,-0.03262653201818466,-0.01109997183084488,-0.002609431743621826,0.046335965394973755
785,2583,24784,Entity,Entity,False,385.0,high_degree,False,False,both_wrong,2,1,16212,16212,0.271592378616333,0.2069246619939804,0.2491944283246994,0.27228856086730957,0.2715923488140106,0.2069246619939804,0.2491944283246994,0.2722885310649872,-2.9802322387695312e-08,0.0,0.0,-2.9802322387695312e-08
786,5918,26968,Creative Work,Creative Work,False,64.0,mid_degree,True,True,both_correct,0,0,26968,26968,0.3088456094264984,0.23884762823581696,0.1482316106557846,0.3040751516819,0.18539966642856598,0.23895563185214996,0.10384469479322433,0.4717999994754791,-0.12344594299793243,0.00010800361633300781,-0.04438691586256027,0.1677248477935791
787,12146,16358,Person,Person,False,46.0,mid_degree,True,True,both_correct,0,0,16358,16358,0.2590463161468506,0.2672138512134552,0.21267083287239075,0.26106899976730347,0.1914101541042328,0.31024014949798584,0.15713322162628174,0.341216504573822,-0.0676361620426178,0.04302629828453064,-0.05553761124610901,0.08014750480651855
788,2931,21662,Creative Work,Entity,True,38.0,mid_degree,True,False,harmed,0,1,21662,17463,0.29610100388526917,0.2162855565547943,0.153529092669487,0.33408433198928833,0.17437385022640228,0.21227522194385529,0.10549704730510712,0.5078538656234741,-0.12172715365886688,-0.004010334610939026,-0.04803204536437988,0.1737695336341858
789,6482,25348,Person,Person,False,37.0,mid_degree,True,True,both_correct,0,0,25348,25348,0.27636274695396423,0.2897118926048279,0.15526707470417023,0.27865827083587646,0.20030982792377472,0.32994478940963745,0.11253877729177475,0.3572066128253937,-0.07605291903018951,0.04023289680480957,-0.04272829741239548,0.07854834198951721
790,7019,23437,Place,Place,False,16.0,low_degree,True,True,both_correct,0,0,23437,23437,0.28939512372016907,0.23698872327804565,0.18642738461494446,0.28718873858451843,0.18925990164279938,0.2066417634487152,0.18286508321762085,0.421233206987381,-0.10013522207736969,-0.030346959829330444,-0.0035623013973236084,0.13404446840286255
791,10071,17189,Entity,Organization,True,22.0,low_degree,True,True,both_correct,0,0,17189,17189,0.28203752636909485,0.2175123393535614,0.214552104473114,0.28589802980422974,0.28203752636909485,0.2175123393535614,0.214552104473114,0.28589802980422974,0.0,0.0,0.0,0.0
792,192,20345,Place,Place,False,30.0,low_degree,True,True,both_correct,0,0,20345,20345,0.29100239276885986,0.2464270144701004,0.17355751991271973,0.2890131175518036,0.19044893980026245,0.21502697467803955,0.17036402225494385,0.42416003346443176,-0.10055345296859741,-0.03140003979206085,-0.003193497657775879,0.13514691591262817
793,1811,20979,Person,Person,False,94.0,high_degree,True,True,both_correct,0,0,20979,20979,0.26662328839302063,0.30745813250541687,0.1498207449913025,0.2760978043079376,0.1921258419752121,0.3481171131134033,0.10796009004116058,0.3517968952655792,-0.07449744641780853,0.04065898060798645,-0.04186065495014191,0.0756990909576416
794,5359,16923,Person,Person,False,71.0,mid_degree,True,True,both_correct,0,0,16923,16923,0.2670193910598755,0.29331719875335693,0.1599176526069641,0.2797457277774811,0.19313788414001465,0.33336013555526733,0.11566997319459915,0.3578319847583771,-0.07388150691986084,0.0400429368019104,-0.04424767941236496,0.078086256980896
795,1774,15161,Place,Place,False,94.0,high_degree,True,True,both_correct,0,0,15161,15161,0.2636748254299164,0.22206167876720428,0.2523697018623352,0.2618938088417053,0.17285026609897614,0.19408895075321198,0.248139426112175,0.3849214017391205,-0.09082455933094025,-0.02797272801399231,-0.004230275750160217,0.12302759289741516
796,4445,16916,Organization,Organization,False,76.0,high_degree,True,True,both_correct,0,0,16916,16916,0.29371947050094604,0.23655319213867188,0.1738758534193039,0.2958514988422394,0.22068004310131073,0.20309750735759735,0.14930084347724915,0.42692166566848755,-0.07303942739963531,-0.033455684781074524,-0.02457500994205475,0.13107016682624817
797,3147,23937,Event,Event,False,92.0,high_degree,False,False,both_wrong,1,1,23945,23945,0.2917257249355316,0.23471976816654205,0.16876451671123505,0.3047899901866913,0.28864040970802307,0.2322220653295517,0.16704502701759338,0.31209251284599304,-0.003085315227508545,-0.0024977028369903564,-0.0017194896936416626,0.007302522659301758
798,6257,26511,Creative Work,Creative Work,False,64.0,mid_degree,True,True,both_correct,0,0,26511,26511,0.3312191367149353,0.18879573047161102,0.15690608322620392,0.32307901978492737,0.19906353950500488,0.18910281360149384,0.11003047972917557,0.5018031597137451,-0.13215559720993042,0.0003070831298828125,-0.04687560349702835,0.17872413992881775
799,6366,17986,Organization,Organization,False,74.0,mid_degree,True,True,both_correct,0,0,17986,17986,0.30601635575294495,0.2193818837404251,0.1633569598197937,0.31124481558799744,0.22820910811424255,0.18695436418056488,0.13922546803951263,0.44561102986335754,-0.07780724763870239,-0.03242751955986023,-0.024131491780281067,0.1343662142753601
800,8232,18175,Person,Person,False,95.0,high_degree,True,True,both_correct,0,0,18175,18175,0.24333663284778595,0.24766893684864044,0.26473456621170044,0.2442598193883896,0.18303456902503967,0.2927190065383911,0.199117973446846,0.3251284658908844,-0.06030206382274628,0.04505006968975067,-0.06561659276485443,0.08086864650249481
801,1258,15468,Person,Person,False,55.0,mid_degree,True,True,both_correct,0,0,15468,15468,0.2695675194263458,0.297610342502594,0.1521437019109726,0.28067848086357117,0.19453772902488708,0.3374703824520111,0.1098000705242157,0.3581917881965637,-0.07502979040145874,0.039860039949417114,-0.0423436313867569,0.07751330733299255
802,7326,25854,Creative Work,Creative Work,False,92.0,high_degree,False,False,both_wrong,3,4,26890,26890,0.317990243434906,0.18698030710220337,0.1492042988538742,0.3458251655101776,0.18716241419315338,0.18341222405433655,0.10246163606643677,0.5269637703895569,-0.13082782924175262,-0.0035680830478668213,-0.04674266278743744,0.18113860487937927
803,14497,23692,Entity,Entity,False,6.0,low_degree,True,True,both_correct,0,0,23692,23692,0.31639450788497925,0.2046700119972229,0.1563940942287445,0.32254141569137573,0.31639450788497925,0.2046700119972229,0.1563940942287445,0.32254141569137573,0.0,0.0,0.0,0.0
804,12619,25678,Person,Person,False,14.0,low_degree,True,True,both_correct,0,0,25678,25678,0.2750692069530487,0.29339537024497986,0.1557645946741104,0.27577081322669983,0.19941405951976776,0.33421003818511963,0.1129218339920044,0.353454053401947,-0.07565514743328094,0.04081466794013977,-0.04284276068210602,0.07768324017524719
805,5592,20316,Organization,Organization,False,89.0,high_degree,True,True,both_correct,0,0,20316,20316,0.3096469044685364,0.2204837203025818,0.17039336264133453,0.2994760274887085,0.23253436386585236,0.18920981884002686,0.14624033868312836,0.43201547861099243,-0.07711254060268402,-0.03127390146255493,-0.024153023958206177,0.13253945112228394
806,9453,24069,Person,Person,False,99.0,high_degree,True,True,both_correct,0,0,24069,24069,0.27282944321632385,0.28474923968315125,0.16457198560237885,0.27784934639930725,0.19827759265899658,0.32516035437583923,0.11960165202617645,0.3569604754447937,-0.07455185055732727,0.04041111469268799,-0.04497033357620239,0.07911112904548645
807,4731,21214,Person,Person,False,40.0,mid_degree,True,True,both_correct,0,0,21214,21214,0.2758462429046631,0.2939656376838684,0.15516917407512665,0.27501893043518066,0.1999996453523636,0.3348967432975769,0.11249689012765884,0.35260677337646484,-0.0758465975522995,0.040931105613708496,-0.042672283947467804,0.07758784294128418
808,5069,20034,Organization,Organization,False,32.0,low_degree,True,True,both_correct,0,0,20034,20034,0.3072235882282257,0.20307496190071106,0.16025038063526154,0.3294510543346405,0.226714089512825,0.17124833166599274,0.13514970242977142,0.46688786149024963,-0.0805094987154007,-0.03182663023471832,-0.025100678205490112,0.13743680715560913
809,10666,15012,Place,Place,False,50.0,mid_degree,True,True,both_correct,0,0,15012,15012,0.25978705286979675,0.22458486258983612,0.2522984445095062,0.2633296251296997,0.1699376255273819,0.1958736777305603,0.24753807485103607,0.38665056228637695,-0.08984942734241486,-0.028711184859275818,-0.004760369658470154,0.12332093715667725
810,11398,26436,Creative Work,Creative Work,False,81.0,high_degree,True,True,both_correct,0,0,26436,26436,0.32312002778053284,0.1914965808391571,0.1588737666606903,0.32650965452194214,0.1933261752128601,0.19094936549663544,0.110921710729599,0.5048027634620667,-0.12979385256767273,-0.0005472153425216675,-0.04795205593109131,0.1782931089401245
811,3613,26862,Creative Work,Creative Work,False,116.0,high_degree,True,True,both_correct,0,0,26862,26862,0.3300630450248718,0.190667062997818,0.15055407583713531,0.32871586084365845,0.19717219471931458,0.1898249387741089,0.10495292395353317,0.5080499649047852,-0.13289085030555725,-0.0008421242237091064,-0.04560115188360214,0.1793341040611267
812,9715,24158,Event,Event,False,32.0,low_degree,True,True,both_correct,0,0,24158,24158,0.2864014804363251,0.2364841252565384,0.17553266882896423,0.3015817403793335,0.28345760703086853,0.23403865098953247,0.17378981411457062,0.3087139427661896,-0.002943873405456543,-0.0024454742670059204,-0.0017428547143936157,0.007132202386856079
813,6050,20209,Person,Person,False,54.0,mid_degree,True,True,both_correct,0,0,20209,20209,0.27383729815483093,0.3021453320980072,0.15237396955490112,0.27164337038993835,0.19823887944221497,0.3436880111694336,0.11030107736587524,0.3477720022201538,-0.07559841871261597,0.04154267907142639,-0.04207289218902588,0.07612863183021545
814,620,17499,Entity,Entity,False,198.0,high_degree,True,True,both_correct,0,0,17499,17499,0.3122546672821045,0.19642961025238037,0.14256621897220612,0.3487495183944702,0.3122546672821045,0.19642961025238037,0.14256621897220612,0.3487495183944702,0.0,0.0,0.0,0.0
815,8034,19649,Person,Person,False,59.0,mid_degree,True,True,both_correct,0,0,19649,19649,0.27242588996887207,0.2885085940361023,0.163497656583786,0.275567889213562,0.19788995385169983,0.32929515838623047,0.11875779181718826,0.35405707359313965,-0.07453593611717224,0.040786564350128174,-0.04473986476659775,0.07848918437957764
816,5931,23981,Organization,Organization,False,81.0,high_degree,False,True,rescued,1,0,22298,23981,0.2897825539112091,0.24405500292778015,0.1659410297870636,0.30022141337394714,0.21708272397518158,0.20892314612865448,0.14206905663013458,0.43192511796951294,-0.07269982993602753,-0.03513185679912567,-0.023871973156929016,0.1317037045955658
817,3832,20270,Person,Person,False,55.0,mid_degree,True,True,both_correct,0,0,20270,20270,0.2771618068218231,0.2911621332168579,0.15149836242198944,0.2801777422428131,0.2005929797887802,0.331107497215271,0.10964514315128326,0.35865435004234314,-0.07656882703304291,0.039945363998413086,-0.04185321927070618,0.07847660779953003
818,57,26239,Event,Event,False,228.0,high_degree,False,False,both_wrong,5,5,26664,26664,0.2995122969150543,0.21840323507785797,0.14525575935840607,0.33682873845100403,0.29588782787323,0.21574373543262482,0.1436067670583725,0.3447616994380951,-0.003624469041824341,-0.0026594996452331543,-0.0016489923000335693,0.007932960987091064
819,36,17324,Entity,Entity,False,6848.0,high_degree,False,False,both_wrong,66,46,27752,27752,0.2537558972835541,0.19209827482700348,0.13981853425502777,0.4143272936344147,0.25375592708587646,0.19209827482700348,0.13981853425502777,0.4143272936344147,2.9802322387695312e-08,0.0,0.0,0.0
820,4413,22252,Place,Place,False,23.0,low_degree,True,True,both_correct,0,0,22252,22252,0.2852330803871155,0.2476290911436081,0.18116864562034607,0.28596919775009155,0.18662960827350616,0.21602587401866913,0.17779485881328583,0.4195496439933777,-0.09860347211360931,-0.031603217124938965,-0.0033737868070602417,0.13358044624328613
821,7541,21144,Place,Place,False,24.0,low_degree,True,True,both_correct,0,0,21144,21144,0.29080477356910706,0.24769099056720734,0.16864879429340363,0.29285547137260437,0.18997429311275482,0.21573802828788757,0.16524529457092285,0.4290423095226288,-0.10083048045635223,-0.03195296227931976,-0.003403499722480774,0.13618683815002441
822,2141,25523,Creative Work,Creative Work,False,69.0,mid_degree,True,True,both_correct,0,0,25523,25523,0.3261975347995758,0.19223515689373016,0.15560875833034515,0.32595860958099365,0.19523268938064575,0.19174960255622864,0.10867682844400406,0.5043408274650574,-0.13096484541893005,-0.0004855543375015259,-0.046931929886341095,0.17838221788406372
823,1183,24522,Person,Person,False,103.0,high_degree,False,False,both_wrong,7,2,25088,25088,0.2788713872432709,0.29092440009117126,0.14978447556495667,0.2804197072982788,0.20183005928993225,0.3308371603488922,0.1084010899066925,0.35893160104751587,-0.07704132795333862,0.03991276025772095,-0.04138338565826416,0.07851189374923706
824,9745,20714,Place,Place,False,33.0,low_degree,True,True,both_correct,0,0,20714,20714,0.2835572063922882,0.2423638105392456,0.19131924211978912,0.28275972604751587,0.18561312556266785,0.21152356266975403,0.1878364086151123,0.4150269627571106,-0.09794408082962036,-0.030840247869491577,-0.003482833504676819,0.13226723670959473
825,5938,15922,Person,Person,False,55.0,mid_degree,True,True,both_correct,0,0,15922,15922,0.27357029914855957,0.29526644945144653,0.15069514513015747,0.2804681062698364,0.19763632118701935,0.33516937494277954,0.10886882245540619,0.3583255112171173,-0.07593397796154022,0.03990292549133301,-0.04182632267475128,0.07785740494728088
826,6088,21804,Person,Person,False,43.0,mid_degree,True,True,both_correct,0,0,21804,21804,0.28104379773139954,0.2806260287761688,0.1591109186410904,0.27921923995018005,0.20444272458553314,0.3207581639289856,0.11573689430952072,0.3590622544288635,-0.0766010731458664,0.04013213515281677,-0.04337402433156967,0.07984301447868347
827,10943,18308,Organization,Organization,False,46.0,mid_degree,True,True,both_correct,0,0,18308,18308,0.3044377267360687,0.23127980530261993,0.15817546844482422,0.3061069846153259,0.2276579886674881,0.1976367086172104,0.13518108427524567,0.43952417373657227,-0.07677973806858063,-0.033643096685409546,-0.022994384169578552,0.13341718912124634
828,7511,26296,Organization,Organization,False,152.0,high_degree,True,False,harmed,0,120,26296,17115,0.30951809883117676,0.20933185517787933,0.14358149468898773,0.3375685214996338,0.227508082985878,0.17583052814006805,0.12061487883329391,0.47604650259017944,-0.08201001584529877,-0.03350132703781128,-0.022966615855693817,0.13847798109054565
829,10845,21881,Person,Person,False,67.0,mid_degree,True,True,both_correct,0,0,21881,21881,0.2487638294696808,0.2614486813545227,0.23910486698150635,0.2506825923919678,0.1853361427783966,0.30606332421302795,0.17815513908863068,0.33044546842575073,-0.06342768669128418,0.04461464285850525,-0.06094972789287567,0.07976287603378296
830,6915,22665,Entity,Organization,True,48.0,mid_degree,False,False,both_wrong,31,53,15282,21295,0.23960047960281372,0.19365590810775757,0.3219605088233948,0.24478308856487274,0.2396005094051361,0.19365592300891876,0.3219605088233948,0.24478310346603394,2.9802322387695312e-08,1.4901161193847656e-08,0.0,1.4901161193847656e-08
831,9042,20193,Place,Place,False,50.0,mid_degree,True,True,both_correct,0,0,20193,20193,0.26266780495643616,0.23536446690559387,0.24213235080242157,0.2598353624343872,0.17241108417510986,0.20597834885120392,0.23837488889694214,0.3832356929779053,-0.0902567207813263,-0.029386118054389954,-0.003757461905479431,0.12340033054351807
832,752,17564,Organization,Organization,False,123.0,high_degree,False,False,both_wrong,299,119,22719,22719,0.3235214352607727,0.19514717161655426,0.14259636402130127,0.33873501420021057,0.23783433437347412,0.16393719613552094,0.11980418860912323,0.4784243404865265,-0.08568710088729858,-0.031209975481033325,-0.02279217541217804,0.13968932628631592
833,3282,26523,Person,Person,False,89.0,high_degree,True,True,both_correct,0,0,26523,26523,0.27809303998947144,0.2878078818321228,0.1467433124780655,0.2873557507991791,0.20074549317359924,0.32644355297088623,0.10592204332351685,0.36688894033432007,-0.07734754681587219,0.03863567113876343,-0.040821269154548645,0.07953318953514099
834,13343,18936,Place,Place,False,26.0,low_degree,True,True,both_correct,0,0,18936,18936,0.2861727476119995,0.2557542026042938,0.15954072773456573,0.29853227734565735,0.18632182478904724,0.2220141738653183,0.1557973474264145,0.4358666241168976,-0.09985092282295227,-0.033740028738975525,-0.003743380308151245,0.13733434677124023
835,6215,25979,Entity,Entity,False,66.0,mid_degree,True,True,both_correct,0,0,25979,25979,0.29600203037261963,0.19752313196659088,0.146693155169487,0.3597816824913025,0.29600203037261963,0.1975231170654297,0.1466931402683258,0.3597816824913025,0.0,-1.4901161193847656e-08,-1.4901161193847656e-08,0.0
836,1454,26069,Creative Work,Creative Work,False,173.0,high_degree,True,True,both_correct,0,0,26069,26069,0.3288818895816803,0.18801848590373993,0.14340724050998688,0.3396923840045929,0.19460953772068024,0.18541832268238068,0.0990436002612114,0.5209285020828247,-0.13427235186100006,-0.002600163221359253,-0.04436364024877548,0.1812361180782318
837,1912,24995,Entity,Entity,False,250.0,high_degree,True,True,both_correct,0,0,24995,24995,0.3324348032474518,0.19609148800373077,0.14293795824050903,0.3285357356071472,0.3324348032474518,0.19609148800373077,0.14293797314167023,0.3285357356071472,0.0,0.0,1.4901161193847656e-08,0.0
838,10076,19106,Person,Person,False,46.0,mid_degree,True,True,both_correct,0,0,19106,19106,0.25237980484962463,0.2653294801712036,0.22895961999893188,0.25333112478256226,0.18750044703483582,0.30973145365715027,0.17008927464485168,0.33267882466316223,-0.06487935781478882,0.044401973485946655,-0.0588703453540802,0.07934769988059998
839,11766,17666,Creative Work,Creative Work,False,59.0,mid_degree,False,False,both_wrong,3,27,15258,16264,0.2857345640659332,0.187216117978096,0.14548425376415253,0.3815650939941406,0.16326135396957397,0.17827624082565308,0.09697821736335754,0.561484158039093,-0.12247321009635925,-0.008939877152442932,-0.04850603640079498,0.1799190640449524
840,3538,27468,Creative Work,Creative Work,False,151.0,high_degree,True,True,both_correct,0,0,27468,27468,0.32036080956459045,0.19143861532211304,0.14756080508232117,0.34063971042633057,0.18918754160404205,0.18841370940208435,0.1016925498843193,0.5207061767578125,-0.1311732679605484,-0.0030249059200286865,-0.04586825519800186,0.18006646633148193
841,13514,20182,Place,Place,False,15.0,low_degree,True,True,both_correct,0,0,20182,20182,0.29225191473960876,0.23684990406036377,0.17440354824066162,0.29649460315704346,0.19046135246753693,0.20580008625984192,0.17047414183616638,0.4332644045352936,-0.10179056227207184,-0.03104981780052185,-0.003929406404495239,0.13676980137825012
842,9950,26521,Person,Person,False,43.0,mid_degree,True,True,both_correct,0,0,26521,26521,0.27659499645233154,0.28035280108451843,0.1617821455001831,0.28126999735832214,0.2010020762681961,0.32012060284614563,0.11755992472171783,0.36131733655929565,-0.07559292018413544,0.0397678017616272,-0.04422222077846527,0.08004733920097351
843,2832,21748,Person,Person,False,53.0,mid_degree,True,True,both_correct,0,0,21748,21748,0.2537881135940552,0.2664392292499542,0.2266324907541275,0.2531401813030243,0.18845053017139435,0.31086793541908264,0.1682858169078827,0.3323957026004791,-0.06533758342266083,0.04442870616912842,-0.05834667384624481,0.07925552129745483
844,1102,24605,Person,Person,False,53.0,mid_degree,True,True,both_correct,0,0,24605,24605,0.2773233652114868,0.28943344950675964,0.1532324105501175,0.28001073002815247,0.20091116428375244,0.3294723629951477,0.11101245135068893,0.3586040437221527,-0.07641220092773438,0.04003891348838806,-0.04221995919942856,0.07859331369400024
845,6855,16682,Person,Person,False,73.0,mid_degree,True,True,both_correct,0,0,16682,16682,0.28442755341529846,0.2901860177516937,0.14815591275691986,0.27723053097724915,0.20630095899105072,0.3307185173034668,0.10746154189109802,0.35551896691322327,-0.07812659442424774,0.04053249955177307,-0.04069437086582184,0.07828843593597412
846,5270,20439,Entity,Entity,False,36.0,mid_degree,True,True,both_correct,0,0,20439,20439,0.3011995553970337,0.20211540162563324,0.17557786405086517,0.32110723853111267,0.3011995553970337,0.20211540162563324,0.17557786405086517,0.32110723853111267,0.0,0.0,0.0,0.0
847,7639,20971,Event,Event,False,92.0,high_degree,True,True,both_correct,0,0,20971,20971,0.29860925674438477,0.23087970912456512,0.16049724817276,0.3100138008594513,0.29536762833595276,0.22835801541805267,0.1588229537010193,0.3174513876438141,-0.003241628408432007,-0.002521693706512451,-0.0016742944717407227,0.007437586784362793
848,11326,19513,Person,Person,False,72.0,mid_degree,True,True,both_correct,0,0,19513,19513,0.27897074818611145,0.2927948534488678,0.14994020760059357,0.2782942056655884,0.20193862915039062,0.33302465081214905,0.10853970795869827,0.35649701952934265,-0.07703211903572083,0.04022979736328125,-0.041400499641895294,0.07820281386375427
849,6471,15880,Place,Place,False,60.0,mid_degree,True,True,both_correct,0,0,15880,15880,0.2537231147289276,0.23787091672420502,0.2535303235054016,0.25487568974494934,0.1666090041399002,0.20825925469398499,0.2497020661830902,0.37542974948883057,-0.0871141105890274,-0.029611662030220032,-0.0038282573223114014,0.12055405974388123
850,13370,18315,Entity,Event,True,10.0,low_degree,False,False,both_wrong,28,13,24864,19967,0.31804120540618896,0.1973395198583603,0.17384278774261475,0.3107764720916748,0.31804120540618896,0.19733953475952148,0.17384278774261475,0.3107764720916748,0.0,1.4901161193847656e-08,0.0,0.0
851,6249,17775,Entity,Entity,False,34.0,mid_degree,True,True,both_correct,0,0,17775,17775,0.31527361273765564,0.19696220755577087,0.14342929422855377,0.34433484077453613,0.315273642539978,0.19696220755577087,0.14342929422855377,0.34433484077453613,2.9802322387695312e-08,0.0,0.0,0.0
852,12434,19985,Place,Place,False,26.0,low_degree,True,False,harmed,0,8,19985,22916,0.29620957374572754,0.23900367319583893,0.15863193571567535,0.30615487694740295,0.19254888594150543,0.2071433961391449,0.1546640545129776,0.44564366340637207,-0.1036606878042221,-0.03186027705669403,-0.003967881202697754,0.13948878645896912
853,4617,22793,Person,Person,False,23.0,low_degree,True,True,both_correct,0,0,22793,22793,0.2774565815925598,0.28393298387527466,0.15653277933597565,0.2820776402950287,0.20124094188213348,0.3235863149166107,0.11353326588869095,0.36163946986198425,-0.07621563971042633,0.03965333104133606,-0.0429995134472847,0.07956182956695557
854,5549,26408,Person,Person,False,24.0,low_degree,True,True,both_correct,0,0,26408,26408,0.27322861552238464,0.29023176431655884,0.15608783066272736,0.28045180439949036,0.19781577587127686,0.3301655352115631,0.11300329118967056,0.3590153753757477,-0.07541283965110779,0.03993377089500427,-0.04308453947305679,0.07856357097625732
855,11488,24933,Person,Person,False,65.0,mid_degree,True,True,both_correct,0,0,24933,24933,0.27621373534202576,0.2883290648460388,0.1491372138261795,0.2863200306892395,0.19945015013217926,0.3271362781524658,0.10768868774175644,0.3657248020172119,-0.0767635852098465,0.038807213306427,-0.041448526084423065,0.07940477132797241
856,13617,24392,Organization,Organization,False,34.0,mid_degree,True,True,both_correct,0,0,24392,24392,0.31090953946113586,0.22572772204875946,0.16016969084739685,0.3031931221485138,0.2330940216779709,0.19338752329349518,0.13723647594451904,0.4362819194793701,-0.07781551778316498,-0.03234019875526428,-0.022933214902877808,0.13308879733085632
857,8438,21897,Organization,Organization,False,99.0,high_degree,False,False,both_wrong,3,1,17059,17059,0.30281299352645874,0.2409658282995224,0.15024827420711517,0.3059729337692261,0.2263602614402771,0.20583869516849518,0.1283595710992813,0.4394414722919464,-0.07645273208618164,-0.03512713313102722,-0.021888703107833862,0.13346853852272034
858,5397,26249,Person,Person,False,155.0,high_degree,True,True,both_correct,0,0,26249,26249,0.28257909417152405,0.2885192036628723,0.1473921686410904,0.28150951862335205,0.20459699630737305,0.32823628187179565,0.10671579092741013,0.36045095324516296,-0.077982097864151,0.03971707820892334,-0.04067637771368027,0.07894143462181091
859,11151,23327,Organization,Organization,False,25.0,low_degree,True,False,harmed,0,4,23327,26000,0.3148440420627594,0.20560652017593384,0.15931852161884308,0.32023096084594727,0.23380306363105774,0.17447684705257416,0.13521131873130798,0.45650872588157654,-0.08104097843170166,-0.03112967312335968,-0.024107202887535095,0.13627776503562927
860,1946,27128,Creative Work,Creative Work,False,113.0,high_degree,True,True,both_correct,0,0,27128,27128,0.33273887634277344,0.18875916302204132,0.14836178719997406,0.3301401436328888,0.1987188756465912,0.1878763735294342,0.1033933237195015,0.5100113749504089,-0.13402000069618225,-0.0008827894926071167,-0.044968463480472565,0.17987123131752014
861,7229,23424,Organization,Organization,False,25.0,low_degree,True,True,both_correct,0,0,23424,23424,0.3047550618648529,0.22748354077339172,0.15969958901405334,0.308061808347702,0.22767193615436554,0.19420278072357178,0.13634975254535675,0.4417755901813507,-0.07708312571048737,-0.033280760049819946,-0.023349836468696594,0.13371378183364868
862,767,21435,Creative Work,Creative Work,False,240.0,high_degree,True,True,both_correct,0,0,21435,21435,0.33375513553619385,0.1898033618927002,0.14925704896450043,0.32718440890312195,0.19960060715675354,0.18917660415172577,0.10419130325317383,0.5070314407348633,-0.1341545283794403,-0.0006267577409744263,-0.0450657457113266,0.17984703183174133
863,11465,18532,Person,Person,False,42.0,mid_degree,True,True,both_correct,0,0,18532,18532,0.2685287892818451,0.2831777036190033,0.17267340421676636,0.27562010288238525,0.1955130696296692,0.3239629864692688,0.12571364641189575,0.35481035709381104,-0.0730157196521759,0.0407852828502655,-0.046959757804870605,0.07919025421142578
864,12663,24803,Organization,Organization,False,26.0,low_degree,False,False,both_wrong,11,88,26004,26361,0.3061905801296234,0.2116268128156662,0.1589755117893219,0.3232070803642273,0.22673837840557098,0.17908097803592682,0.13454119861125946,0.45963943004608154,-0.07945220172405243,-0.03254583477973938,-0.02443431317806244,0.13643234968185425
865,337,16147,Person,Person,False,73.0,mid_degree,True,True,both_correct,0,0,16147,16147,0.27658551931381226,0.28461530804634094,0.16379153728485107,0.27500760555267334,0.20129632949829102,0.3254739046096802,0.11921202391386032,0.3540177643299103,-0.07528918981552124,0.04085859656333923,-0.04457951337099075,0.07901015877723694
866,7780,21567,Person,Person,False,58.0,mid_degree,True,True,both_correct,0,0,21567,21567,0.27209725975990295,0.29600653052330017,0.15137970447540283,0.2805165648460388,0.19648025929927826,0.3358518183231354,0.10931070894002914,0.35835716128349304,-0.0756170004606247,0.039845287799835205,-0.04206899553537369,0.07784059643745422
867,8054,17085,Place,Place,False,13.0,low_degree,True,True,both_correct,0,0,17085,17085,0.2933715581893921,0.24235129356384277,0.16815266013145447,0.29612454771995544,0.19142724573612213,0.21084056794643402,0.16456741094589233,0.4331647455692291,-0.10194431245326996,-0.03151072561740875,-0.003585249185562134,0.13704019784927368
868,12606,16250,Place,Place,False,13.0,low_degree,False,False,both_wrong,10,4,21297,15098,0.2833014726638794,0.2415795475244522,0.20296551287174225,0.27215340733528137,0.1864621639251709,0.21199503540992737,0.2003636360168457,0.40117907524108887,-0.0968393087387085,-0.02958451211452484,-0.0026018768548965454,0.1290256679058075
869,3059,17441,Person,Person,False,183.0,high_degree,True,True,both_correct,0,0,17441,17441,0.2790078818798065,0.28934240341186523,0.1470082849264145,0.28464141488075256,0.20157168805599213,0.32845646142959595,0.10621391236782074,0.3637579083442688,-0.07743619382381439,0.03911405801773071,-0.04079437255859375,0.07911649346351624
870,6039,26533,Person,Person,False,137.0,high_degree,True,True,both_correct,0,0,26533,26533,0.27218106389045715,0.2516259551048279,0.14606834948062897,0.3301246464252472,0.19463782012462616,0.28272905945777893,0.10445603728294373,0.41817706823349,-0.077543243765831,0.03110310435295105,-0.04161231219768524,0.0880524218082428
871,9179,15872,Place,Place,False,50.0,mid_degree,True,True,both_correct,0,0,15872,15872,0.262129008769989,0.22620700299739838,0.25251534581184387,0.25914862751960754,0.1719990223646164,0.19789710640907288,0.24851471185684204,0.38158920407295227,-0.09012998640537262,-0.0283098965883255,-0.004000633955001831,0.12244057655334473
872,12423,27245,Person,Person,False,55.0,mid_degree,False,True,rescued,1,0,27252,27245,0.2751922011375427,0.2859135568141937,0.1526670753955841,0.28622716665267944,0.1989598423242569,0.32479965686798096,0.11036890000104904,0.3658715486526489,-0.07623235881328583,0.03888610005378723,-0.042298175394535065,0.07964438199996948
873,1362,20663,Place,Place,False,39.0,mid_degree,False,True,rescued,1,0,17730,20663,0.27726536989212036,0.2470461130142212,0.18860352039337158,0.28708505630493164,0.18082644045352936,0.21481624245643616,0.1844882071018219,0.4198691248893738,-0.096438929438591,-0.032229870557785034,-0.004115313291549683,0.13278406858444214
874,9750,18929,Place,Place,False,5.0,low_degree,False,False,both_wrong,2,1,20425,20425,0.28503817319869995,0.2339872270822525,0.1840258091688156,0.29694879055023193,0.1852828860282898,0.20279055833816528,0.17941777408123016,0.4325088560581207,-0.09975528717041016,-0.03119666874408722,-0.004608035087585449,0.1355600655078888
875,4655,16913,Person,Person,False,81.0,high_degree,True,True,both_correct,0,0,16913,16913,0.27675244212150574,0.2927364706993103,0.14962393045425415,0.2808871865272522,0.19998778402805328,0.33238348364830017,0.10812592506408691,0.35950279235839844,-0.07676465809345245,0.03964701294898987,-0.041498005390167236,0.07861560583114624
876,709,18442,Person,Person,False,97.0,high_degree,True,True,both_correct,0,0,18442,18442,0.26771605014801025,0.2733481228351593,0.18698431551456451,0.27195149660110474,0.19607187807559967,0.3145628273487091,0.13694410026073456,0.35242122411727905,-0.07164417207241058,0.041214704513549805,-0.050040215253829956,0.08046972751617432
877,11022,27151,Creative Work,Creative Work,False,59.0,mid_degree,True,True,both_correct,0,0,27151,27151,0.3277444839477539,0.18821881711483002,0.1577853113412857,0.32625141739845276,0.1964356154203415,0.18800851702690125,0.11034351587295532,0.5052123069763184,-0.13130886852741241,-0.00021030008792877197,-0.04744179546833038,0.1789608895778656
878,8726,16381,Person,Person,False,69.0,mid_degree,True,True,both_correct,0,0,16381,16381,0.254214882850647,0.26898568868637085,0.2202860414981842,0.25651341676712036,0.1881747990846634,0.31285399198532104,0.16307593882083893,0.33589521050453186,-0.06604008376598358,0.043868303298950195,-0.057210102677345276,0.0793817937374115
879,2056,24318,Person,Person,False,88.0,high_degree,True,True,both_correct,0,0,24318,24318,0.26979029178619385,0.29942530393600464,0.15203656256198883,0.2787478566169739,0.19478049874305725,0.33967235684394836,0.10976690798997879,0.3557802736759186,-0.0750097930431366,0.040247052907943726,-0.04226965457201004,0.0770324170589447
880,8889,23367,Organization,Organization,False,18.0,low_degree,True,True,both_correct,0,0,23367,23367,0.2947658598423004,0.22294746339321136,0.18829910457134247,0.2939876317977905,0.2218388468027115,0.19173894822597504,0.1619575470685959,0.4244646430015564,-0.07292701303958893,-0.031208515167236328,-0.026341557502746582,0.13047701120376587
881,4546,21956,Person,Person,False,106.0,high_degree,True,True,both_correct,0,0,21956,21956,0.2770179212093353,0.29109716415405273,0.14874285459518433,0.2831420600414276,0.20017355680465698,0.3305126428604126,0.10748355835676193,0.3618302345275879,-0.07684436440467834,0.03941547870635986,-0.041259296238422394,0.07868817448616028
882,8832,26181,Creative Work,Creative Work,False,42.0,mid_degree,True,True,both_correct,0,0,26181,26181,0.31820741295814514,0.2234276384115219,0.15057514607906342,0.30778977274894714,0.19158639013767242,0.22419233620166779,0.10576881468296051,0.47845250368118286,-0.12662102282047272,0.000764697790145874,-0.044806331396102905,0.17066273093223572
883,4442,20400,Place,Place,False,25.0,low_degree,True,True,both_correct,0,0,20400,20400,0.2915981113910675,0.2397450953722,0.17899304628372192,0.28966376185417175,0.19074393808841705,0.20909297466278076,0.17561273276805878,0.4245503544807434,-0.10085417330265045,-0.03065212070941925,-0.003380313515663147,0.13488659262657166
884,14503,16715,Place,Place,False,8.0,low_degree,True,True,both_correct,0,0,16715,16715,0.28839176893234253,0.24267923831939697,0.17631375789642334,0.29261523485183716,0.18821404874324799,0.2111664116382599,0.1725873500108719,0.42803213000297546,-0.10017772018909454,-0.031512826681137085,-0.0037264078855514526,0.1354168951511383
885,10025,23983,Person,Person,False,47.0,mid_degree,True,True,both_correct,0,0,23983,23983,0.27700936794281006,0.29227015376091003,0.15665996074676514,0.27406051754951477,0.20110125839710236,0.3333932161331177,0.11372780054807663,0.3517777621746063,-0.0759081095457077,0.04112306237220764,-0.04293216019868851,0.07771724462509155
886,11855,22515,Person,Person,False,58.0,mid_degree,True,True,both_correct,0,0,22515,22515,0.2830452024936676,0.2821986973285675,0.15469683706760406,0.280059278011322,0.2056439369916916,0.32215678691864014,0.11239352077245712,0.35980576276779175,-0.07740126550197601,0.03995808959007263,-0.04230331629514694,0.07974648475646973
887,12932,19521,Place,Place,False,41.0,mid_degree,True,True,both_correct,0,0,19521,19521,0.2747725248336792,0.26025813817977905,0.19158026576042175,0.27338907122612,0.1804850995540619,0.22792664170265198,0.18874309957027435,0.402845174074173,-0.09428742527961731,-0.032331496477127075,-0.0028371661901474,0.12945610284805298
888,8029,21428,Person,Creative Work,True,45.0,mid_degree,True,True,both_correct,0,0,21428,21428,0.27856582403182983,0.2807363271713257,0.15588024258613586,0.2848176062107086,0.2019035518169403,0.31971675157546997,0.11298534274101257,0.36539435386657715,-0.07666227221488953,0.03898042440414429,-0.04289489984512329,0.08057674765586853
889,13959,14951,Entity,Entity,False,4.0,low_degree,False,False,both_wrong,178,150,22916,22916,0.3006307780742645,0.2095244824886322,0.18233080208301544,0.3075140118598938,0.30063074827194214,0.209524467587471,0.18233080208301544,0.3075140118598938,-2.9802322387695312e-08,-1.4901161193847656e-08,0.0,0.0
890,12556,25136,Organization,Organization,False,25.0,low_degree,False,False,both_wrong,39,43,25956,25956,0.3120989203453064,0.210335835814476,0.15888004004955292,0.3186851739883423,0.23191075026988983,0.17860275506973267,0.13492420315742493,0.45456233620643616,-0.08018817007541656,-0.03173308074474335,-0.02395583689212799,0.13587716221809387
891,14260,24233,Event,Event,False,9.0,low_degree,True,True,both_correct,0,0,24233,24233,0.2942071557044983,0.23032057285308838,0.1821950227022171,0.29327723383903503,0.29125574231147766,0.2279961258172989,0.18043002486228943,0.3003181219100952,-0.00295141339302063,-0.0023244470357894897,-0.0017649978399276733,0.007040888071060181
892,1716,17126,Organization,Organization,False,33.0,low_degree,True,True,both_correct,0,0,17126,17126,0.31070631742477417,0.22216804325580597,0.16449658572673798,0.30262911319732666,0.2329942286014557,0.19038081169128418,0.14097589254379272,0.435649037361145,-0.07771208882331848,-0.03178723156452179,-0.02352069318294525,0.13301992416381836
893,7643,16050,Person,Person,False,97.0,high_degree,True,True,both_correct,0,0,16050,16050,0.266134649515152,0.2759265899658203,0.18169839680194855,0.27624034881591797,0.19421698153018951,0.3163963854312897,0.13258971273899078,0.35679686069488525,-0.07191766798496246,0.04046979546546936,-0.049108684062957764,0.08055651187896729
894,7321,23819,Organization,Organization,False,64.0,mid_degree,True,True,both_correct,0,0,23819,23819,0.3111313581466675,0.19748994708061218,0.15056337416172028,0.3408152759075165,0.22811974585056305,0.16546574234962463,0.12616243958473206,0.48025211691856384,-0.08301161229610443,-0.03202420473098755,-0.02440093457698822,0.13943684101104736
895,5958,25373,Person,Person,False,80.0,high_degree,True,True,both_correct,0,0,25373,25373,0.2830352187156677,0.28204554319381714,0.1509147435426712,0.2840045392513275,0.20517955720424652,0.32126614451408386,0.10939890891313553,0.3641553223133087,-0.0778556615114212,0.039220601320266724,-0.041515834629535675,0.0801507830619812
896,5645,17166,Place,Place,False,78.0,high_degree,True,True,both_correct,0,0,17166,17166,0.2614293694496155,0.22868140041828156,0.25018516182899475,0.2597040832042694,0.17141669988632202,0.19991832971572876,0.24604347348213196,0.38262152671813965,-0.09001266956329346,-0.028763070702552795,-0.004141688346862793,0.12291744351387024
897,6434,17508,Person,Person,False,78.0,high_degree,True,True,both_correct,0,0,17508,17508,0.26593726873397827,0.292485773563385,0.16920308768749237,0.27237388491630554,0.19325122237205505,0.33396413922309875,0.12294837087392807,0.3498363196849823,-0.07268604636192322,0.041478365659713745,-0.0462547168135643,0.07746243476867676
898,1964,22928,Creative Work,Creative Work,False,133.0,high_degree,True,True,both_correct,0,0,22928,22928,0.32499080896377563,0.19086387753486633,0.15299490094184875,0.3311504125595093,0.1937241405248642,0.18961243331432343,0.10642576217651367,0.5102376341819763,-0.13126666843891144,-0.0012514442205429077,-0.04656913876533508,0.17908722162246704
899,10559,17935,Person,Person,False,57.0,mid_degree,True,True,both_correct,0,0,17935,17935,0.2765151560306549,0.2970021367073059,0.1518002301454544,0.27468249201774597,0.20026163756847382,0.33797982335090637,0.10993435978889465,0.35182419419288635,-0.07625351846218109,0.040977686643600464,-0.04186587035655975,0.07714170217514038
900,5896,20526,Place,Place,False,47.0,mid_degree,True,True,both_correct,0,0,20526,20526,0.28135359287261963,0.2472512573003769,0.187157541513443,0.2842375636100769,0.18384012579917908,0.21540112793445587,0.18341930210590363,0.41733935475349426,-0.09751346707344055,-0.03185012936592102,-0.0037382394075393677,0.13310179114341736
901,1684,18219,Organization,Organization,False,55.0,mid_degree,True,True,both_correct,0,0,18219,18219,0.2962934970855713,0.23583808541297913,0.16705965995788574,0.30080872774124146,0.22207674384117126,0.2019953429698944,0.1431017518043518,0.43282610177993774,-0.07421675324440002,-0.03384274244308472,-0.023957908153533936,0.1320173740386963
902,2350,22083,Person,Person,False,81.0,high_degree,True,False,harmed,0,1,22083,24937,0.2735183835029602,0.297128826379776,0.1504874974489212,0.2788653075695038,0.19761885702610016,0.33731669187545776,0.10872581601142883,0.35633862018585205,-0.07589952647686005,0.04018786549568176,-0.04176168143749237,0.07747331261634827
903,9230,21584,Organization,Organization,False,34.0,mid_degree,True,True,both_correct,0,0,21584,21584,0.30365660786628723,0.2218414694070816,0.15822647511959076,0.316275417804718,0.22573323547840118,0.18845230340957642,0.13442635536193848,0.4513881504535675,-0.07792337238788605,-0.03338916599750519,-0.023800119757652283,0.1351127326488495
904,2619,23158,Person,Person,False,36.0,mid_degree,True,True,both_correct,0,0,23158,23158,0.2752549946308136,0.2906956374645233,0.15434063971042633,0.2797086834907532,0.199344664812088,0.33079636096954346,0.1117778941988945,0.35808104276657104,-0.07591032981872559,0.04010072350502014,-0.04256274551153183,0.07837235927581787
905,7907,20958,Person,Person,False,36.0,mid_degree,True,True,both_correct,0,0,20958,20958,0.2795928120613098,0.2836485505104065,0.15221279859542847,0.28454580903053284,0.20249907672405243,0.32279714941978455,0.11024297028779984,0.364460825920105,-0.07709373533725739,0.03914859890937805,-0.04196982830762863,0.07991501688957214
906,9660,18426,Place,Place,False,39.0,mid_degree,True,True,both_correct,0,0,18426,18426,0.2577330470085144,0.22096101939678192,0.25645795464515686,0.264847993850708,0.1683903932571411,0.19248072803020477,0.2513158619403839,0.387813001871109,-0.08934265375137329,-0.02848029136657715,-0.005142092704772949,0.122965008020401
907,5093,17185,Person,Person,False,240.0,high_degree,True,True,both_correct,0,0,17185,17185,0.2811131477355957,0.28277742862701416,0.15497998893260956,0.2811294496059418,0.20407570898532867,0.3225567936897278,0.11251217126846313,0.3608553111553192,-0.07703743875026703,0.03977936506271362,-0.04246781766414642,0.07972586154937744
908,257,18859,Person,Person,False,45.0,mid_degree,True,True,both_correct,0,0,18859,18859,0.2622053623199463,0.272055447101593,0.20217370986938477,0.2635655105113983,0.193167582154274,0.3149227499961853,0.14893276989459991,0.3429768979549408,-0.0690377801656723,0.042867302894592285,-0.05324093997478485,0.07941138744354248
909,11175,21219,Person,Person,False,46.0,mid_degree,True,True,both_correct,0,0,21219,21219,0.28197425603866577,0.28592461347579956,0.14951421320438385,0.2825869023799896,0.2042379379272461,0.3254096508026123,0.10829860717058182,0.362053781747818,-0.07773631811141968,0.039485037326812744,-0.04121560603380203,0.07946687936782837
910,10838,19419,Place,Place,False,24.0,low_degree,True,True,both_correct,0,0,19419,19419,0.28435465693473816,0.26277345418930054,0.16129522025585175,0.29157665371894836,0.18586915731430054,0.22900836169719696,0.15813302993774414,0.42698946595191956,-0.09848549962043762,-0.03376509249210358,-0.003162190318107605,0.1354128122329712
911,3374,17557,Entity,Entity,False,9.0,low_degree,True,True,both_correct,0,0,17557,17557,0.2822420299053192,0.2052406519651413,0.167249396443367,0.3452679216861725,0.2822420299053192,0.2052406668663025,0.1672494113445282,0.3452679216861725,0.0,1.4901161193847656e-08,1.4901161193847656e-08,0.0
912,1742,20777,Place,Place,False,32.0,low_degree,True,True,both_correct,0,0,20777,20777,0.28798916935920715,0.257364422082901,0.1703513115644455,0.28429511189460754,0.18897876143455505,0.22516879439353943,0.1676623523235321,0.418190062046051,-0.0990104079246521,-0.03219562768936157,-0.002688959240913391,0.13389495015144348
913,10271,25779,Person,Person,False,44.0,mid_degree,True,True,both_correct,0,0,25779,25779,0.27122390270233154,0.30175134539604187,0.15514852106571198,0.2718762755393982,0.19636236131191254,0.3432665467262268,0.11232440173625946,0.3480466902256012,-0.074861541390419,0.041515201330184937,-0.042824119329452515,0.076170414686203
914,2762,26137,Creative Work,Creative Work,False,111.0,high_degree,True,True,both_correct,0,0,26137,26137,0.31502631306648254,0.18967123329639435,0.15596839785575867,0.33933407068252563,0.1863042563199997,0.18694189190864563,0.1076442077755928,0.5191096067428589,-0.12872205674648285,-0.0027293413877487183,-0.04832419008016586,0.17977553606033325
915,13128,21727,Person,Person,False,39.0,mid_degree,True,True,both_correct,0,0,21727,21727,0.2635275423526764,0.3046491742134094,0.15385115146636963,0.27797216176986694,0.18991519510746002,0.34497371315956116,0.11087681353092194,0.3542342185974121,-0.07361234724521637,0.04032453894615173,-0.04297433793544769,0.07626205682754517
916,1587,15936,Place,Place,False,120.0,high_degree,True,True,both_correct,0,0,15936,15936,0.2607335150241852,0.22607560455799103,0.25575771927833557,0.2574331760406494,0.1711304485797882,0.19783610105514526,0.25177761912345886,0.37925583124160767,-0.08960306644439697,-0.028239503502845764,-0.003980100154876709,0.12182265520095825
917,7580,16840,Place,Place,False,150.0,high_degree,True,True,both_correct,0,0,16840,16840,0.26157641410827637,0.21819543838500977,0.2491728812456131,0.2710552513599396,0.17058095335960388,0.1897154003381729,0.24375726282596588,0.3959464132785797,-0.09099546074867249,-0.028480038046836853,-0.005415618419647217,0.12489116191864014
918,6684,27722,Creative Work,Creative Work,False,72.0,mid_degree,True,True,both_correct,0,0,27722,27722,0.32875898480415344,0.18633365631103516,0.15851514041423798,0.3263922333717346,0.19709952175617218,0.18617798388004303,0.11088255047798157,0.505840003490448,-0.13165946304798126,-0.00015567243099212646,-0.04763258993625641,0.17944777011871338
919,4189,24869,Creative Work,Creative Work,False,68.0,mid_degree,True,True,both_correct,0,0,24869,24869,0.322729229927063,0.18775421380996704,0.1563757061958313,0.33314085006713867,0.19214610755443573,0.18629972636699677,0.10863769799470901,0.5129165053367615,-0.13058312237262726,-0.0014544874429702759,-0.047738008201122284,0.1797756552696228
920,8109,27272,Creative Work,Creative Work,False,96.0,high_degree,True,True,both_correct,0,0,27272,27272,0.3154039978981018,0.186819925904274,0.1507503092288971,0.3470257520675659,0.18536943197250366,0.18298783898353577,0.10338546335697174,0.5282572507858276,-0.13003456592559814,-0.00383208692073822,-0.047364845871925354,0.18123149871826172
921,7299,16864,Entity,Entity,False,179.0,high_degree,True,True,both_correct,0,0,16864,16864,0.26471394300460815,0.20550884306430817,0.2590366005897522,0.2707405984401703,0.26471394300460815,0.20550884306430817,0.2590366005897522,0.2707405984401703,0.0,0.0,0.0,0.0
922,645,27728,Entity,Entity,False,111.0,high_degree,False,False,both_wrong,13,7,24141,15259,0.3706532120704651,0.19363795220851898,0.14393074810504913,0.2917781472206116,0.3706531822681427,0.1936379373073578,0.14393073320388794,0.2917781174182892,-2.9802322387695312e-08,-1.4901161193847656e-08,-1.4901161193847656e-08,-2.9802322387695312e-08
923,1781,26638,Creative Work,Creative Work,False,70.0,mid_degree,True,True,both_correct,0,0,26638,26638,0.32715389132499695,0.19271668791770935,0.15450900793075562,0.3256204426288605,0.19586730003356934,0.1922912895679474,0.10795164853334427,0.5038897395133972,-0.1312865912914276,-0.0004253983497619629,-0.046557359397411346,0.17826929688453674
924,3991,16993,Person,Person,False,83.0,high_degree,True,True,both_correct,0,0,16993,16993,0.27765458822250366,0.2926577925682068,0.1546928435564041,0.274994820356369,0.2014114409685135,0.33357295393943787,0.11221511662006378,0.35280048847198486,-0.07624314725399017,0.04091516137123108,-0.04247772693634033,0.07780566811561584
925,7581,17337,Person,Person,False,63.0,mid_degree,True,True,both_correct,0,0,17337,17337,0.27790194749832153,0.30231013894081116,0.14818502962589264,0.27160295844078064,0.2011599838733673,0.34383827447891235,0.10726266354322433,0.3477390706539154,-0.07674196362495422,0.041528135538101196,-0.040922366082668304,0.07613611221313477
926,5718,22008,Person,Person,False,45.0,mid_degree,True,True,both_correct,0,0,22008,22008,0.276363730430603,0.2908126711845398,0.1554737687110901,0.2773498594760895,0.20037922263145447,0.33131203055381775,0.11272498220205307,0.3555837571620941,-0.07598450779914856,0.040499359369277954,-0.04274878650903702,0.07823389768600464
927,12312,24802,Place,Place,False,10.0,low_degree,False,False,both_wrong,36,7,15504,18281,0.23447395861148834,0.22039063274860382,0.29995232820510864,0.2451830506324768,0.1535228043794632,0.19239607453346252,0.2945670485496521,0.359514057636261,-0.08095115423202515,-0.027994558215141296,-0.005385279655456543,0.11433100700378418
928,2808,21581,Person,Person,False,95.0,high_degree,True,True,both_correct,0,0,21581,21581,0.278254896402359,0.2864869236946106,0.14883291721343994,0.28642529249191284,0.2010822743177414,0.3253023028373718,0.10755457729101181,0.36606085300445557,-0.07717262208461761,0.03881537914276123,-0.04127833992242813,0.07963556051254272
929,8393,20080,Person,Creative Work,True,47.0,mid_degree,True,True,both_correct,0,0,20080,20080,0.28838038444519043,0.2716836929321289,0.15101571381092072,0.288920134305954,0.20932796597480774,0.30986714363098145,0.1096210703253746,0.371183842420578,-0.07905241847038269,0.03818345069885254,-0.04139464348554611,0.08226370811462402
930,162,21625,Person,Person,False,103.0,high_degree,True,True,both_correct,0,0,21625,21625,0.2802104651927948,0.2905075252056122,0.14924120903015137,0.28004077076911926,0.20280896127223969,0.3303774297237396,0.10802770406007767,0.3587858974933624,-0.07740150392055511,0.03986990451812744,-0.0412135049700737,0.07874512672424316
931,9399,19794,Place,Place,False,26.0,low_degree,True,True,both_correct,0,0,19794,19794,0.2790849208831787,0.2531196177005768,0.18910014629364014,0.27869531512260437,0.18300165235996246,0.22129300236701965,0.18597902357578278,0.4097263216972351,-0.09608326852321625,-0.03182661533355713,-0.003121122717857361,0.13103100657463074
932,8279,21426,Person,Person,False,82.0,high_degree,True,True,both_correct,0,0,21426,21426,0.2803499698638916,0.28869396448135376,0.14786042273044586,0.2830956280231476,0.20276691019535065,0.32808569073677063,0.10694631934165955,0.3622010350227356,-0.07758305966854095,0.03939172625541687,-0.040914103388786316,0.07910540699958801
933,8328,26041,Organization,Organization,False,49.0,mid_degree,True,True,both_correct,0,0,26041,26041,0.3126230835914612,0.20011886954307556,0.15331420302391052,0.33394381403923035,0.23022018373012543,0.16840502619743347,0.12903161346912384,0.4723431169986725,-0.08240289986133575,-0.03171384334564209,-0.024282589554786682,0.13839930295944214
934,6865,19205,Entity,Entity,False,12.0,low_degree,False,True,rescued,1,0,17767,19205,0.3120972216129303,0.20394207537174225,0.15725867450237274,0.3267019987106323,0.3120972216129303,0.20394206047058105,0.15725867450237274,0.3267019987106323,0.0,-1.4901161193847656e-08,0.0,0.0
935,13880,19962,Organization,Organization,False,16.0,low_degree,True,True,both_correct,0,0,19962,19962,0.28283917903900146,0.22665996849536896,0.2073315531015396,0.28316932916641235,0.21392309665679932,0.1959024965763092,0.1792157143354416,0.41095873713493347,-0.06891608238220215,-0.030757471919059753,-0.028115838766098022,0.12778940796852112
936,938,20562,Person,Person,False,104.0,high_degree,True,True,both_correct,0,0,20562,20562,0.27061232924461365,0.2932305335998535,0.16308662295341492,0.2730705440044403,0.19633954763412476,0.33428606390953064,0.1183275356888771,0.3510468900203705,-0.07427278161048889,0.041055530309677124,-0.04475908726453781,0.07797634601593018
937,10944,20635,Place,Place,False,27.0,low_degree,False,False,both_wrong,1,1,19071,19071,0.2841787040233612,0.2468557059764862,0.18411511182785034,0.28485044836997986,0.1859070509672165,0.21531282365322113,0.18065311014652252,0.41812700033187866,-0.09827165305614471,-0.031542882323265076,-0.00346200168132782,0.1332765519618988
938,5726,16261,Person,Person,False,79.0,high_degree,True,True,both_correct,0,0,16261,16261,0.24525611102581024,0.2526469826698303,0.25161057710647583,0.2504863440990448,0.18342922627925873,0.2969019114971161,0.1881965845823288,0.331472247838974,-0.061826884746551514,0.04425492882728577,-0.06341399252414703,0.0809859037399292
939,698,27485,Creative Work,Creative Work,False,74.0,mid_degree,True,True,both_correct,0,0,27485,27485,0.3188976049423218,0.18954357504844666,0.15178023278713226,0.3397785723209381,0.1886051893234253,0.18682733178138733,0.10474951565265656,0.5198180079460144,-0.13029241561889648,-0.002716243267059326,-0.04703071713447571,0.1800394356250763
940,8045,15274,Entity,Entity,False,70.0,mid_degree,False,False,both_wrong,13,22,18402,17324,0.30989471077919006,0.20083141326904297,0.14511734247207642,0.34415656328201294,0.3098946809768677,0.20083141326904297,0.14511734247207642,0.34415656328201294,-2.9802322387695312e-08,0.0,0.0,0.0
941,6551,23903,Person,Person,False,21.0,low_degree,True,True,both_correct,0,0,23903,23903,0.2745862901210785,0.29388925433158875,0.15238000452518463,0.27914440631866455,0.1986236870288849,0.334031879901886,0.11022162437438965,0.3571227788925171,-0.0759626030921936,0.04014262557029724,-0.04215838015079498,0.07797837257385254
942,11310,27559,Creative Work,Creative Work,False,116.0,high_degree,True,True,both_correct,0,0,27559,27559,0.31452468037605286,0.19408008456230164,0.14972731471061707,0.34166792035102844,0.1853271722793579,0.19058731198310852,0.10296140611171722,0.5211241245269775,-0.12919750809669495,-0.0034927725791931152,-0.04676590859889984,0.1794562041759491
943,7749,26752,Creative Work,Creative Work,False,110.0,high_degree,True,True,both_correct,0,0,26752,26752,0.31961002945899963,0.19056376814842224,0.15292716026306152,0.336899071931839,0.18931220471858978,0.1881171315908432,0.1057196855545044,0.5168509483337402,-0.13029782474040985,-0.0024466365575790405,-0.04720747470855713,0.17995187640190125
944,8026,22244,Organization,Organization,False,56.0,mid_degree,True,True,both_correct,0,0,22244,22244,0.302469938993454,0.22585733234882355,0.16274046897888184,0.30893227458000183,0.22575293481349945,0.19263306260108948,0.13881587982177734,0.4427981376647949,-0.07671700417995453,-0.03322426974773407,-0.023924589157104492,0.1338658630847931
945,7491,16894,Person,Person,False,92.0,high_degree,True,True,both_correct,0,0,16894,16894,0.24612312018871307,0.25323447585105896,0.25099003314971924,0.24965240061283112,0.18411797285079956,0.2976577579975128,0.18778008222579956,0.3304441571235657,-0.06200514733791351,0.04442328214645386,-0.06320995092391968,0.08079175651073456
946,13519,18242,Place,Place,False,25.0,low_degree,True,True,both_correct,0,0,18242,18242,0.2854629158973694,0.250142365694046,0.17325036227703094,0.29114434123039246,0.18641486763954163,0.21779175102710724,0.1696913093328476,0.4261021316051483,-0.09904804825782776,-0.03235061466693878,-0.0035590529441833496,0.13495779037475586
947,701,18840,Event,Event,False,1170.0,high_degree,False,False,both_wrong,1,1,19686,19686,0.2543780207633972,0.21436411142349243,0.1421375721693039,0.38912034034729004,0.25088369846343994,0.2114032655954361,0.1403474062681198,0.39736559987068176,-0.0034943222999572754,-0.0029608458280563354,-0.001790165901184082,0.008245259523391724
948,3180,21594,Person,Creative Work,True,33.0,low_degree,True,True,both_correct,0,0,21594,21594,0.27791628241539,0.26647132635116577,0.16711382567882538,0.28849852085113525,0.20227478444576263,0.3047405481338501,0.12162865698337555,0.37135598063468933,-0.07564149796962738,0.038269221782684326,-0.04548516869544983,0.08285745978355408
949,6623,23395,Person,Person,False,64.0,mid_degree,True,True,both_correct,0,0,23395,23395,0.2744758725166321,0.2885909974575043,0.1590176373720169,0.2779155373573303,0.19913187623023987,0.3289816379547119,0.1153741180896759,0.35651230812072754,-0.07534399628639221,0.04039064049720764,-0.043643519282341,0.07859677076339722
950,3773,24502,Organization,Organization,False,50.0,mid_degree,True,True,both_correct,0,0,24502,24502,0.3130553662776947,0.226723313331604,0.1500428169965744,0.3101785480976105,0.23371972143650055,0.19342616200447083,0.1280212253332138,0.4448329508304596,-0.07933564484119415,-0.03329715132713318,-0.022021591663360596,0.13465440273284912
951,10520,19206,Person,Person,False,65.0,mid_degree,True,True,both_correct,0,0,19206,19206,0.26551222801208496,0.3040784001350403,0.14760635793209076,0.2828030288219452,0.19084030389785767,0.3434176743030548,0.10609510540962219,0.35964688658714294,-0.0746719241142273,0.039339274168014526,-0.04151125252246857,0.07684385776519775
952,334,15354,Entity,Entity,False,1071.0,high_degree,False,False,both_wrong,1,2,15352,15352,0.4241185784339905,0.1886681169271469,0.1390339434146881,0.2481793463230133,0.42411860823631287,0.1886681318283081,0.1390339434146881,0.2481793463230133,2.9802322387695312e-08,1.4901161193847656e-08,0.0,0.0
953,13641,22320,Person,Person,False,34.0,mid_degree,True,True,both_correct,0,0,22320,22320,0.2840001881122589,0.2827035188674927,0.16247466206550598,0.2708216607570648,0.2073514759540558,0.32431820034980774,0.11861690133810043,0.34971341490745544,-0.07664871215820312,0.041614681482315063,-0.04385776072740555,0.07889175415039062
954,13202,23713,Entity,Entity,False,12.0,low_degree,False,False,both_wrong,2,6,24449,24449,0.3131055235862732,0.21451255679130554,0.16347341239452362,0.30890849232673645,0.3131055235862732,0.21451255679130554,0.16347342729568481,0.30890849232673645,0.0,0.0,1.4901161193847656e-08,0.0
955,14633,17135,Place,Place,False,13.0,low_degree,True,True,both_correct,0,0,17135,17135,0.2907283902168274,0.2408483624458313,0.16845197975635529,0.2999713122844696,0.18918421864509583,0.20896057784557343,0.16440986096858978,0.4374453127384186,-0.10154417157173157,-0.031887784600257874,-0.004042118787765503,0.13747400045394897
956,10296,26982,Person,Person,False,46.0,mid_degree,True,True,both_correct,0,0,26982,26982,0.2717551589012146,0.2948961853981018,0.1525169461965561,0.2808316648006439,0.19634833931922913,0.3347892761230469,0.11019299179315567,0.35866937041282654,-0.07540681958198547,0.03989309072494507,-0.04232395440340042,0.07783770561218262
957,6581,15526,Place,Place,False,72.0,mid_degree,True,True,both_correct,0,0,15526,15526,0.26522812247276306,0.2352474182844162,0.23405317962169647,0.2654712498188019,0.17381718754768372,0.20555150508880615,0.2300599068403244,0.3905714154243469,-0.09141093492507935,-0.029695913195610046,-0.00399327278137207,0.12510016560554504
958,8499,15499,Place,Place,False,16.0,low_degree,True,True,both_correct,0,0,15499,15499,0.2900065779685974,0.2408534288406372,0.16231684386730194,0.30682310461997986,0.18806664645671844,0.20824766159057617,0.15787796676158905,0.4458077847957611,-0.10193993151187897,-0.032605767250061035,-0.004438877105712891,0.13898468017578125
959,2517,15681,Person,Person,False,151.0,high_degree,True,True,both_correct,0,0,15681,15681,0.2681862413883209,0.3003566563129425,0.14719897508621216,0.2842581272125244,0.19292712211608887,0.33950531482696533,0.10589423775672913,0.3616732954978943,-0.07525911927223206,0.03914865851402283,-0.04130473732948303,0.07741516828536987
960,3402,27299,Person,Person,False,107.0,high_degree,True,True,both_correct,0,0,27299,27299,0.2773074209690094,0.2909294366836548,0.15098850429058075,0.28077468276023865,0.20068083703517914,0.33081457018852234,0.10926353931427002,0.3592410981655121,-0.07662658393383026,0.039885133504867554,-0.04172496497631073,0.07846641540527344
961,14086,26796,Person,Person,False,11.0,low_degree,False,False,both_wrong,37,9,27122,27122,0.2725539803504944,0.2857297658920288,0.1638047993183136,0.2779114842414856,0.19798538088798523,0.3261282444000244,0.11898458003997803,0.35690176486968994,-0.07456859946250916,0.040398478507995605,-0.04482021927833557,0.07899028062820435
962,688,22297,Place,Place,False,11.0,low_degree,False,False,both_wrong,2,2,22330,22330,0.29475292563438416,0.23343874514102936,0.17228655517101288,0.299521803855896,0.1919219195842743,0.2026572823524475,0.16825643181800842,0.43716442584991455,-0.10283100605010986,-0.030781462788581848,-0.004030123353004456,0.13764262199401855
963,10954,16887,Person,Person,False,77.0,high_degree,True,True,both_correct,0,0,16887,16887,0.23892241716384888,0.26718994975090027,0.2494448572397232,0.24444271624088287,0.178227961063385,0.3131771385669708,0.18610580265522003,0.3224891424179077,-0.06069445610046387,0.04598718881607056,-0.06333905458450317,0.07804642617702484
964,10394,23738,Organization,Organization,False,64.0,mid_degree,True,True,both_correct,0,0,23738,23738,0.317472368478775,0.19438022375106812,0.15150494873523712,0.33664244413375854,0.2335251420736313,0.16338962316513062,0.127363920211792,0.4757212698459625,-0.08394722640514374,-0.0309906005859375,-0.02414102852344513,0.13907882571220398
965,2964,23403,Creative Work,Creative Work,False,50.0,mid_degree,True,True,both_correct,0,0,23403,23403,0.29237937927246094,0.26150596141815186,0.1540825515985489,0.2920320928096771,0.17598538100719452,0.2623264193534851,0.10821416974067688,0.4534739553928375,-0.11639399826526642,0.000820457935333252,-0.04586838185787201,0.1614418625831604
966,4083,19612,Creative Work,Creative Work,False,85.0,high_degree,True,True,both_correct,0,0,19612,19612,0.32340800762176514,0.1890116035938263,0.15153402090072632,0.33604633808135986,0.19196873903274536,0.18698112666606903,0.10495983809232712,0.5160902738571167,-0.13143926858901978,-0.002030476927757263,-0.0465741828083992,0.18004393577575684
967,12854,19838,Person,Person,False,30.0,low_degree,True,True,both_correct,0,0,19838,19838,0.283703476190567,0.2827468812465668,0.15626271069049835,0.27728697657585144,0.20639653503894806,0.32321181893348694,0.11367567628622055,0.35671594738960266,-0.07730694115161896,0.040464937686920166,-0.0425870344042778,0.07942897081375122
968,2733,26863,Creative Work,Creative Work,False,49.0,mid_degree,True,True,both_correct,0,0,26863,26863,0.32461220026016235,0.19302381575107574,0.1615353375673294,0.3208286166191101,0.1951734572649002,0.19341811537742615,0.11331962049007416,0.4980887770652771,-0.12943874299526215,0.00039429962635040283,-0.04821571707725525,0.177260160446167
969,7706,23975,Organization,Organization,False,28.0,low_degree,False,True,rescued,1,0,15591,23975,0.2579137682914734,0.21438848972320557,0.2700800895690918,0.25761762261390686,0.19748157262802124,0.18758592009544373,0.23633989691734314,0.3785926401615143,-0.06043219566345215,-0.02680256962776184,-0.03374019265174866,0.12097501754760742
970,8908,16153,Person,Person,False,85.0,high_degree,True,True,both_correct,0,0,16153,16153,0.27090051770210266,0.27376365661621094,0.1867274045944214,0.268608421087265,0.19879202544689178,0.3156578540802002,0.13703052699565887,0.34851962327957153,-0.07210849225521088,0.04189419746398926,-0.04969687759876251,0.07991120219230652
971,13972,19141,Person,Person,False,19.0,low_degree,True,True,both_correct,0,0,19141,19141,0.27163800597190857,0.2941458523273468,0.16110126674175262,0.2731148302555084,0.19716119766235352,0.33546385169029236,0.11692937463521957,0.3504456579685211,-0.07447680830955505,0.04131799936294556,-0.04417189210653305,0.0773308277130127
972,13518,17415,Place,Place,False,26.0,low_degree,True,True,both_correct,0,0,17415,17415,0.29006749391555786,0.2513391375541687,0.17028193175792694,0.2883114516735077,0.1899571418762207,0.21945223212242126,0.16725468635559082,0.4233359694480896,-0.10011035203933716,-0.031886905431747437,-0.0030272454023361206,0.1350245177745819
973,12473,16616,Entity,Entity,False,26.0,low_degree,True,True,both_correct,0,0,16616,16616,0.3189918100833893,0.21241743862628937,0.14558045566082,0.32301032543182373,0.3189918100833893,0.21241743862628937,0.14558045566082,0.32301032543182373,0.0,0.0,0.0,0.0
974,6007,27512,Event,Event,False,32.0,low_degree,False,False,both_wrong,6,5,21701,26664,0.25907522439956665,0.23088599741458893,0.2551563084125519,0.25488245487213135,0.25679582357406616,0.22884029150009155,0.25301510095596313,0.26134878396987915,-0.0022794008255004883,-0.0020457059144973755,-0.002141207456588745,0.006466329097747803
975,13936,18890,Place,Place,False,25.0,low_degree,True,True,both_correct,0,0,18890,18890,0.28688928484916687,0.24820801615715027,0.16857829689979553,0.29632434248924255,0.1868598759174347,0.2155463844537735,0.16468600928783417,0.43290767073631287,-0.10002940893173218,-0.03266163170337677,-0.0038922876119613647,0.1365833282470703
976,7884,17834,Person,Person,False,38.0,mid_degree,False,True,rescued,1,0,16873,17834,0.264430433511734,0.2754487693309784,0.19323983788490295,0.26688098907470703,0.1940719336271286,0.3176459074020386,0.14182381331920624,0.3464583158493042,-0.07035849988460541,0.04219713807106018,-0.051416024565696716,0.07957732677459717
977,12414,18933,Place,Place,False,28.0,low_degree,True,True,both_correct,0,0,18933,18933,0.2744554877281189,0.26227322220802307,0.16527321934700012,0.2979980409145355,0.17819899320602417,0.22704391181468964,0.16094925999641418,0.4338078200817108,-0.09625649452209473,-0.035229310393333435,-0.0043239593505859375,0.1358097791671753
978,8755,19772,Place,Place,False,23.0,low_degree,False,False,both_wrong,5,3,18289,18290,0.289866179227829,0.23316052556037903,0.17721378803253174,0.29975956678390503,0.1884813904762268,0.20213857293128967,0.17283181846141815,0.43654823303222656,-0.10138478875160217,-0.031021952629089355,-0.004381969571113586,0.13678866624832153
979,6248,19054,Person,Person,False,44.0,mid_degree,True,True,both_correct,0,0,19054,19054,0.2821839451789856,0.28927287459373474,0.15248344838619232,0.27605971693992615,0.20483417809009552,0.32993486523628235,0.11068060249090195,0.3545503318309784,-0.07734976708889008,0.04066199064254761,-0.041802845895290375,0.07849061489105225
980,9419,25391,Place,Place,False,10.0,low_degree,True,True,both_correct,0,0,25391,25391,0.2864115536212921,0.24047547578811646,0.17523017525672913,0.2978827953338623,0.1863214671611786,0.20857718586921692,0.1709761768579483,0.4341251850128174,-0.10009008646011353,-0.031898289918899536,-0.004253998398780823,0.13624238967895508
981,999,14973,Entity,Entity,False,302.0,high_degree,False,False,both_wrong,3,3,15130,15130,0.27140212059020996,0.2055271565914154,0.2524387836456299,0.27063190937042236,0.27140215039253235,0.2055271565914154,0.2524387836456299,0.27063193917274475,2.9802322387695312e-08,0.0,0.0,2.9802322387695312e-08
982,413,23133,Creative Work,Creative Work,False,77.0,high_degree,True,True,both_correct,0,0,23133,23133,0.3191588819026947,0.2141801416873932,0.1465478241443634,0.3201131522655487,0.19062618911266327,0.21319855749607086,0.1021265760064125,0.4940486550331116,-0.12853269279003143,-0.0009815841913223267,-0.0444212481379509,0.17393550276756287
983,4859,24714,Creative Work,Creative Work,False,133.0,high_degree,False,True,rescued,1,0,24444,24714,0.3195652365684509,0.18779872357845306,0.1460341215133667,0.3466019034385681,0.18797366321086884,0.18410176038742065,0.1002320796251297,0.5276924967765808,-0.1315915733575821,-0.0036969631910324097,-0.045802041888237,0.1810905933380127
984,4929,15633,Person,Person,False,203.0,high_degree,True,True,both_correct,0,0,15633,15633,0.2443956434726715,0.25721436738967896,0.24995733797550201,0.24843263626098633,0.18282228708267212,0.3023355007171631,0.18716774880886078,0.3276745080947876,-0.06157335638999939,0.04512113332748413,-0.06278958916664124,0.07924187183380127
985,2085,15731,Place,Place,False,54.0,mid_degree,True,True,both_correct,0,0,15731,15731,0.2618051767349243,0.23207463324069977,0.2416887730360031,0.2644314169883728,0.17136579751968384,0.20253287255764008,0.23727674782276154,0.38882455229759216,-0.09043937921524048,-0.029541760683059692,-0.004412025213241577,0.12439313530921936
986,3345,25799,Creative Work,Creative Work,False,81.0,high_degree,False,True,rescued,3,0,24511,25799,0.32460933923721313,0.18784528970718384,0.15258562564849854,0.33495965600013733,0.19303467869758606,0.18616744875907898,0.1058792918920517,0.5149186253547668,-0.13157466053962708,-0.0016778409481048584,-0.04670633375644684,0.17995896935462952
987,5794,26290,Creative Work,Creative Work,False,80.0,high_degree,True,True,both_correct,0,0,26290,26290,0.3287225663661957,0.18707957863807678,0.1547945886850357,0.329403281211853,0.19644509255886078,0.18632331490516663,0.10794185847043991,0.5092896819114685,-0.1322774738073349,-0.0007562637329101562,-0.046852730214595795,0.17988640069961548
988,11881,18894,Person,Person,False,41.0,mid_degree,True,True,both_correct,0,0,18894,18894,0.2797226905822754,0.28872567415237427,0.15012963116168976,0.28142204880714417,0.20249727368354797,0.3284187316894531,0.10867513716220856,0.3604089021682739,-0.07722541689872742,0.03969305753707886,-0.0414544939994812,0.07898685336112976
989,10407,18775,Organization,Organization,False,45.0,mid_degree,True,True,both_correct,0,0,18775,18775,0.30486300587654114,0.23042041063308716,0.15994058549404144,0.30477601289749146,0.2281942069530487,0.19709105789661407,0.13682056963443756,0.4378941059112549,-0.07666879892349243,-0.033329352736473083,-0.023120015859603882,0.13311809301376343
990,11614,26660,Organization,Organization,False,24.0,low_degree,False,False,both_wrong,6,53,25787,25787,0.31565648317337036,0.20728981494903564,0.158125102519989,0.31892865896224976,0.23458097875118256,0.17603617906570435,0.1342983990907669,0.45508450269699097,-0.0810755044221878,-0.0312536358833313,-0.023826703429222107,0.1361558437347412
991,3912,22138,Person,Person,False,95.0,high_degree,False,False,both_wrong,7,2,16913,24937,0.28273218870162964,0.28303200006484985,0.15062619745731354,0.2836095988750458,0.2049071192741394,0.32230573892593384,0.10916589200496674,0.36362123489379883,-0.07782506942749023,0.039273738861083984,-0.0414603054523468,0.08001163601875305
992,3200,16814,Entity,Entity,False,234.0,high_degree,True,True,both_correct,0,0,16814,16814,0.34467652440071106,0.1941249519586563,0.14348331093788147,0.31771525740623474,0.34467652440071106,0.1941249519586563,0.14348331093788147,0.31771522760391235,0.0,0.0,0.0,-2.9802322387695312e-08
993,9069,24373,Place,Organization,True,34.0,mid_degree,True,True,both_correct,0,0,24373,24373,0.2961331009864807,0.2389906793832779,0.16663935780525208,0.2982368767261505,0.19323326647281647,0.20792114734649658,0.16309040784835815,0.43575519323349,-0.10289983451366425,-0.03106953203678131,-0.003548949956893921,0.13751831650733948
994,13416,23159,Place,Place,False,13.0,low_degree,True,True,both_correct,0,0,23159,23159,0.289385050535202,0.23307399451732635,0.16625115275382996,0.31128981709480286,0.18702124059200287,0.20083148777484894,0.1611514538526535,0.4509958326816559,-0.10236380994319916,-0.03224250674247742,-0.005099698901176453,0.13970601558685303
995,9814,20981,Person,Person,False,60.0,mid_degree,False,False,both_wrong,1,1,23788,23788,0.279071182012558,0.2904106378555298,0.1518152505159378,0.27870291471481323,0.20224295556545258,0.33069196343421936,0.1100223958492279,0.35704272985458374,-0.07682822644710541,0.040281325578689575,-0.0417928546667099,0.07833981513977051
996,1314,15237,Entity,Entity,False,100.0,high_degree,False,False,both_wrong,1,1,16616,16616,0.3249121606349945,0.20659075677394867,0.14348477125167847,0.3250122666358948,0.3249121904373169,0.20659077167510986,0.14348477125167847,0.32501229643821716,2.9802322387695312e-08,1.4901161193847656e-08,0.0,2.9802322387695312e-08
997,9694,23561,Creative Work,Creative Work,False,56.0,mid_degree,True,True,both_correct,0,0,23561,23561,0.2752086818218231,0.23719099164009094,0.20874451100826263,0.2788558304309845,0.16836120188236237,0.24182909727096558,0.14901737868785858,0.4407922923564911,-0.10684747993946075,0.004638105630874634,-0.05972713232040405,0.1619364619255066
998,502,22259,Person,Person,False,74.0,mid_degree,True,True,both_correct,0,0,22259,22259,0.26667043566703796,0.31147849559783936,0.15324461460113525,0.2686064541339874,0.19265997409820557,0.35358792543411255,0.11071330308914185,0.34303876757621765,-0.0740104615688324,0.04210942983627319,-0.04253131151199341,0.07443231344223022
999,8391,19548,Person,Person,False,86.0,high_degree,True,True,both_correct,0,0,19548,19548,0.2752443850040436,0.28775593638420105,0.15075649321079254,0.28624317049980164,0.1988113671541214,0.3265873193740845,0.10889583081007004,0.36570554971694946,-0.07643301784992218,0.03883138298988342,-0.041860662400722504,0.07946237921714783
1000,10048,21832,Creative Work,Creative Work,False,87.0,high_degree,True,True,both_correct,0,0,21832,21832,0.3259803056716919,0.19373765587806702,0.148360013961792,0.3319220244884491,0.19391870498657227,0.19207561016082764,0.10299146920442581,0.5110142230987549,-0.13206160068511963,-0.0016620457172393799,-0.04536854475736618,0.1790921986103058
1001,13937,20679,Place,Place,False,24.0,low_degree,True,True,both_correct,0,0,20679,20679,0.29388317465782166,0.24477185308933258,0.16388097405433655,0.2974640130996704,0.19173277914524078,0.21291488409042358,0.16036280989646912,0.43498948216438293,-0.10215039551258087,-0.031856968998909,-0.0035181641578674316,0.13752546906471252
1002,4186,17730,Place,Place,False,37.0,mid_degree,True,True,both_correct,0,0,17730,17730,0.2785749137401581,0.25047874450683594,0.18136285245418549,0.2895835340023041,0.18159718811511993,0.2177012413740158,0.17732419073581696,0.4233773648738861,-0.09697772562503815,-0.03277750313282013,-0.00403866171836853,0.13379383087158203
1003,14768,18685,Place,Place,False,16.0,low_degree,True,True,both_correct,0,0,18685,18685,0.2803296744823456,0.24627673625946045,0.18490533530712128,0.2884882688522339,0.18291467428207397,0.21425281465053558,0.18096014857292175,0.4218722879886627,-0.0974150002002716,-0.032023921608924866,-0.003945186734199524,0.13338401913642883
1004,5346,16683,Entity,Entity,False,102.0,high_degree,True,True,both_correct,0,0,16683,16683,0.3258020281791687,0.19603164494037628,0.14266663789749146,0.33549967408180237,0.3258020281791687,0.19603164494037628,0.14266662299633026,0.33549967408180237,0.0,0.0,-1.4901161193847656e-08,0.0
1005,2629,22313,Creative Work,Creative Work,False,52.0,mid_degree,True,True,both_correct,0,0,22313,22313,0.31791532039642334,0.18652214109897614,0.16229024529457092,0.3332723379135132,0.1893850415945053,0.18518003821372986,0.11279011517763138,0.5126448273658752,-0.12853027880191803,-0.0013421028852462769,-0.049500130116939545,0.17937248945236206
1006,8706,23899,Entity,Entity,False,60.0,mid_degree,False,False,both_wrong,28,23,15098,17484,0.316618412733078,0.21035082638263702,0.1517711728811264,0.32125958800315857,0.316618412733078,0.21035082638263702,0.1517711877822876,0.32125958800315857,0.0,0.0,1.4901161193847656e-08,0.0
1007,7309,25796,Person,Person,False,78.0,high_degree,True,True,both_correct,0,0,25796,25796,0.2801467180252075,0.2832937240600586,0.15307168662548065,0.28348782658576965,0.20303089916706085,0.3226008117198944,0.11093255132436752,0.3634357452392578,-0.07711581885814667,0.039307087659835815,-0.04213913530111313,0.07994791865348816
1008,9743,19618,Place,Place,False,40.0,mid_degree,True,True,both_correct,0,0,19618,19618,0.2827996015548706,0.25490161776542664,0.17897510528564453,0.2833236753940582,0.18518109619617462,0.22254224121570587,0.17577673494815826,0.41649991273880005,-0.09761850535869598,-0.032359376549720764,-0.003198370337486267,0.13317623734474182
1009,7517,25432,Entity,Entity,False,28.0,low_degree,False,False,both_wrong,101,133,17464,17463,0.34642890095710754,0.19527393579483032,0.14253750443458557,0.31575968861579895,0.34642890095710754,0.19527392089366913,0.14253748953342438,0.31575968861579895,0.0,-1.4901161193847656e-08,-1.4901161193847656e-08,0.0
1010,6311,16335,Entity,Creative Work,True,126.0,high_degree,True,True,both_correct,0,0,16335,16335,0.2661402225494385,0.20432500541210175,0.26393619179725647,0.2655985951423645,0.2661402225494385,0.20432499051094055,0.2639361619949341,0.2655985653400421,0.0,-1.4901161193847656e-08,-2.9802322387695312e-08,-2.9802322387695312e-08
1011,10334,18261,Person,Person,False,70.0,mid_degree,True,True,both_correct,0,0,18261,18261,0.2808200716972351,0.2873554229736328,0.15227991342544556,0.2795445919036865,0.20365947484970093,0.32745227217674255,0.11043121665716171,0.3584570586681366,-0.07716059684753418,0.04009684920310974,-0.041848696768283844,0.07891246676445007
1012,13668,19946,Place,Place,False,12.0,low_degree,True,True,both_correct,0,0,19946,19946,0.2895984351634979,0.2279222458600998,0.18572363257408142,0.29675570130348206,0.18836067616939545,0.1976531744003296,0.18118174374103546,0.4328044056892395,-0.10123775899410248,-0.030269071459770203,-0.0045418888330459595,0.13604870438575745
1013,14179,18536,Entity,Entity,False,13.0,low_degree,True,True,both_correct,0,0,18536,18536,0.29939576983451843,0.2181931883096695,0.16886687278747559,0.31354421377182007,0.29939576983451843,0.2181931585073471,0.1688668578863144,0.31354421377182007,0.0,-2.9802322387695312e-08,-1.4901161193847656e-08,0.0
1014,9583,23688,Creative Work,Creative Work,False,87.0,high_degree,True,True,both_correct,0,0,23688,23688,0.3244819641113281,0.19369782507419586,0.15123587846755981,0.3305843472480774,0.1933133453130722,0.19232040643692017,0.10513663291931152,0.5092296004295349,-0.13116861879825592,-0.0013774186372756958,-0.04609924554824829,0.17864525318145752
1015,8268,22891,Person,Person,False,120.0,high_degree,True,True,both_correct,0,0,22891,22891,0.2788512408733368,0.2872024178504944,0.1503613442182541,0.2835850715637207,0.2017975002527237,0.3265753984451294,0.10880915075540543,0.3628178834915161,-0.0770537406206131,0.03937298059463501,-0.04155219346284866,0.07923281192779541
1016,10116,20481,Organization,Organization,False,33.0,low_degree,True,True,both_correct,0,0,20481,20481,0.3231164216995239,0.20023714005947113,0.15825025737285614,0.3183961510658264,0.24038200080394745,0.17022888362407684,0.13454854488372803,0.45484066009521484,-0.08273442089557648,-0.030008256435394287,-0.023701712489128113,0.13644450902938843
1017,2530,17535,Organization,Organization,False,22.0,low_degree,True,True,both_correct,0,0,17535,17535,0.25976669788360596,0.2256905734539032,0.2515564560890198,0.26298627257347107,0.19833064079284668,0.1969095766544342,0.21949979662895203,0.3852599561214447,-0.06143605709075928,-0.028780996799468994,-0.03205665946006775,0.12227368354797363
1018,2541,19900,Person,Person,False,62.0,mid_degree,True,True,both_correct,0,0,19900,19900,0.2734752893447876,0.2941080331802368,0.15167690813541412,0.28073978424072266,0.19763316214084625,0.33396416902542114,0.10961685329675674,0.3587858974933624,-0.07584212720394135,0.039856135845184326,-0.04206005483865738,0.07804611325263977
1019,1408,27547,Creative Work,Creative Work,False,64.0,mid_degree,True,True,both_correct,0,0,27547,27547,0.3216232359409332,0.196902796626091,0.15672412514686584,0.3247498571872711,0.1923646777868271,0.19627262651920319,0.1093730702996254,0.5019896030426025,-0.12925855815410614,-0.0006301701068878174,-0.04735105484724045,0.17723974585533142
1020,5674,19161,Place,Place,False,39.0,mid_degree,True,True,both_correct,0,0,19161,19161,0.2686872184276581,0.25385794043540955,0.1934942752122879,0.28396058082580566,0.17509691417217255,0.22056980431079865,0.1891266405582428,0.415206640958786,-0.09359030425548553,-0.0332881361246109,-0.004367634654045105,0.13124606013298035
1021,12441,16964,Entity,Entity,False,59.0,mid_degree,True,True,both_correct,0,0,16964,16964,0.2694656550884247,0.2049665004014969,0.2576029598712921,0.2679648697376251,0.2694656550884247,0.2049665004014969,0.2576029598712921,0.2679648697376251,0.0,0.0,0.0,0.0
1022,2555,17385,Organization,Organization,False,173.0,high_degree,True,True,both_correct,0,0,17385,17385,0.26010751724243164,0.21872465312480927,0.2491888701915741,0.2719790041446686,0.19736643135547638,0.18965724110603333,0.21624088287353516,0.39673545956611633,-0.06274108588695526,-0.02906741201877594,-0.03294798731803894,0.12475645542144775
1023,3658,22976,Organization,Organization,False,69.0,mid_degree,True,True,both_correct,0,0,22976,22976,0.3169630169868469,0.21930436789989471,0.15267454087734222,0.3110581040382385,0.2365759015083313,0.18704868853092194,0.13023288547992706,0.4461424648761749,-0.08038711547851562,-0.03225567936897278,-0.02244165539741516,0.1350843608379364
1024,13932,22285,Place,Place,False,10.0,low_degree,False,False,both_wrong,6,2,22299,22299,0.2834243178367615,0.2482447773218155,0.1784442663192749,0.2898866534233093,0.18504634499549866,0.21609622240066528,0.1747431457042694,0.42411431670188904,-0.09837797284126282,-0.03214855492115021,-0.003701120615005493,0.1342276632785797
1025,10210,24423,Person,Person,False,51.0,mid_degree,True,True,both_correct,0,0,24423,24423,0.2821108102798462,0.28668874502182007,0.15561911463737488,0.2755813002586365,0.20509739220142365,0.3274937570095062,0.11314017325639725,0.3542686998844147,-0.07701341807842255,0.04080501198768616,-0.04247894138097763,0.0786873996257782
1026,7062,25837,Organization,Organization,False,48.0,mid_degree,True,True,both_correct,0,0,25837,25837,0.3228939175605774,0.19602139294147491,0.15323084592819214,0.32785385847091675,0.23884223401546478,0.16569116711616516,0.12953564524650574,0.46593090891838074,-0.08405168354511261,-0.030330225825309753,-0.0236952006816864,0.138077050447464
1027,981,15750,Place,Place,False,182.0,high_degree,True,True,both_correct,0,0,15750,15750,0.2574332654476166,0.22918617725372314,0.24965281784534454,0.26372772455215454,0.16796934604644775,0.1993744820356369,0.2443673014640808,0.3882888853549957,-0.08946391940116882,-0.029811695218086243,-0.005285516381263733,0.12456116080284119
1028,6102,22622,Creative Work,Creative Work,False,77.0,high_degree,True,True,both_correct,0,0,22622,22622,0.3099941909313202,0.22008422017097473,0.14763227105140686,0.3222893178462982,0.1843802034854889,0.21816271543502808,0.10245288163423538,0.4950042963027954,-0.1256139874458313,-0.0019215047359466553,-0.04517938941717148,0.1727149784564972
1029,2287,22703,Creative Work,Creative Work,False,108.0,high_degree,True,True,both_correct,0,0,22703,22703,0.2537013590335846,0.24537581205368042,0.24137677252292633,0.25954607129096985,0.15712817013263702,0.2532751262187958,0.17443090677261353,0.4151657819747925,-0.09657318890094757,0.007899314165115356,-0.0669458657503128,0.15561971068382263
1030,7054,24234,Creative Work,Creative Work,False,72.0,mid_degree,True,True,both_correct,0,0,24234,24234,0.31965070962905884,0.18886296451091766,0.15610472857952118,0.3353816270828247,0.18995235860347748,0.1870451718568802,0.10823656618595123,0.5147659182548523,-0.12969835102558136,-0.0018177926540374756,-0.047868162393569946,0.1793842911720276
1031,11399,15155,Place,Place,False,11.0,low_degree,True,True,both_correct,0,0,15155,15155,0.2855677902698517,0.238061785697937,0.1796821653842926,0.2966882288455963,0.185744047164917,0.20645159482955933,0.17529308795928955,0.4325113594532013,-0.09982374310493469,-0.031610190868377686,-0.004389077425003052,0.13582313060760498
1032,11674,25917,Person,Person,False,14.0,low_degree,True,True,both_correct,0,0,25917,25917,0.27190759778022766,0.2935391664505005,0.15976998209953308,0.27478325366973877,0.19722963869571686,0.33455634117126465,0.11588625609874725,0.35232773423194885,-0.0746779590845108,0.04101717472076416,-0.04388372600078583,0.07754448056221008
1033,9913,26046,Organization,Organization,False,26.0,low_degree,True,True,both_correct,0,0,26046,26046,0.31384211778640747,0.21155475080013275,0.15974095463752747,0.3148621916770935,0.23371921479701996,0.1800326704978943,0.13595376908779144,0.45029428601264954,-0.08012290298938751,-0.031522080302238464,-0.023787185549736023,0.13543209433555603
1034,8839,18579,Person,Person,False,25.0,low_degree,True,True,both_correct,0,0,18579,18579,0.26853084564208984,0.2996806800365448,0.15654151141643524,0.27524688839912415,0.19422510266304016,0.3405821919441223,0.11322057992219925,0.35197213292121887,-0.07430574297904968,0.040901511907577515,-0.04332093149423599,0.07672524452209473
1035,11367,25180,Person,Person,False,57.0,mid_degree,True,True,both_correct,0,0,25180,25180,0.2728559970855713,0.29356029629707336,0.1521814465522766,0.28140220046043396,0.1971881240606308,0.3333473801612854,0.1099759191274643,0.3594886064529419,-0.07566787302494049,0.039787083864212036,-0.04220552742481232,0.07808640599250793
1036,723,24716,Creative Work,Creative Work,False,79.0,high_degree,True,True,both_correct,0,0,24716,24716,0.32788318395614624,0.18676000833511353,0.15009109675884247,0.3352656960487366,0.19500307738780975,0.18511168658733368,0.1041458323597908,0.515739381313324,-0.1328801065683365,-0.0016483217477798462,-0.045945264399051666,0.1804736852645874
1037,10443,22916,Entity,Entity,False,16.0,low_degree,False,False,both_wrong,1,1,16640,16640,0.2992677688598633,0.2052863985300064,0.17442050576210022,0.3210253119468689,0.2992677390575409,0.20528638362884521,0.17442050576210022,0.3210253119468689,-2.9802322387695312e-08,-1.4901161193847656e-08,0.0,0.0
1038,11541,16725,Entity,Entity,False,24.0,low_degree,True,True,both_correct,0,0,16725,16725,0.3274017870426178,0.2014162242412567,0.15205541253089905,0.31912657618522644,0.3274017870426178,0.2014162242412567,0.15205541253089905,0.31912657618522644,0.0,0.0,0.0,0.0
1039,64,22474,Person,Person,False,68.0,mid_degree,True,True,both_correct,0,0,22474,22474,0.2816736102104187,0.2831328511238098,0.1530929058790207,0.2821006178855896,0.20432955026626587,0.32272130250930786,0.11105770617723465,0.3618914484977722,-0.07734405994415283,0.03958845138549805,-0.04203519970178604,0.07979083061218262
1040,3897,16462,Place,Place,False,37.0,mid_degree,True,True,both_correct,0,0,16462,16462,0.27980175614356995,0.24024467170238495,0.19911707937717438,0.2808365225791931,0.1831350177526474,0.20965179800987244,0.19547201693058014,0.4117412269115448,-0.09666673839092255,-0.030592873692512512,-0.0036450624465942383,0.13090470433235168
1041,155,18556,Person,Person,False,334.0,high_degree,True,True,both_correct,0,0,18556,18556,0.2773899435997009,0.28837090730667114,0.14731094241142273,0.2869281470775604,0.2002529501914978,0.32710933685302734,0.10635095089673996,0.3662868142127991,-0.07713699340820312,0.0387384295463562,-0.04095999151468277,0.07935866713523865
1042,10340,22091,Person,Person,False,57.0,mid_degree,True,True,both_correct,0,0,22091,22091,0.27937108278274536,0.2842017114162445,0.15440380573272705,0.2820233702659607,0.20260916650295258,0.3238598108291626,0.11198011040687561,0.36155086755752563,-0.07676191627979279,0.03965809941291809,-0.04242369532585144,0.07952749729156494
1043,1042,24585,Organization,Organization,False,54.0,mid_degree,True,True,both_correct,0,0,24585,24585,0.3147333860397339,0.222680926322937,0.1497611403465271,0.3128245770931244,0.2346709668636322,0.18973396718502045,0.1276167333126068,0.44797834753990173,-0.08006241917610168,-0.032946959137916565,-0.022144407033920288,0.13515377044677734
1044,3517,23514,Entity,Entity,False,19.0,low_degree,False,False,both_wrong,1,1,16945,16945,0.2722610831260681,0.20606762170791626,0.24488858878612518,0.27678266167640686,0.2722610831260681,0.20606763660907745,0.24488858878612518,0.27678266167640686,0.0,1.4901161193847656e-08,0.0,0.0
1045,11679,18208,Place,Place,False,29.0,low_degree,True,True,both_correct,0,0,18208,18208,0.2819906175136566,0.23996947705745697,0.18951596319675446,0.28852391242980957,0.18385246396064758,0.20859943330287933,0.18532486259937286,0.4222232401371002,-0.09813815355300903,-0.03137004375457764,-0.004191100597381592,0.13369932770729065
1046,3737,16528,Person,Person,False,78.0,high_degree,True,True,both_correct,0,0,16528,16528,0.2679447531700134,0.28820306062698364,0.17184355854988098,0.27200862765312195,0.19504821300506592,0.3296450078487396,0.12510646879673004,0.3502003252506256,-0.07289654016494751,0.04144194722175598,-0.04673708975315094,0.07819169759750366
1047,4459,20394,Place,Place,False,13.0,low_degree,True,True,both_correct,0,0,20394,20394,0.29497793316841125,0.23924389481544495,0.17577043175697327,0.29000771045684814,0.19305162131786346,0.20876042544841766,0.17253746092319489,0.4256505072116852,-0.10192631185054779,-0.030483469367027283,-0.0032329708337783813,0.13564279675483704
1048,4704,15493,Organization,Organization,False,188.0,high_degree,True,True,both_correct,0,0,15493,15493,0.25981786847114563,0.20714271068572998,0.2728078067302704,0.260231614112854,0.19859308004379272,0.18093276023864746,0.23840942978858948,0.38206472992897034,-0.061224788427352905,-0.02620995044708252,-0.03439837694168091,0.12183311581611633
1049,7904,23891,Person,Person,False,78.0,high_degree,True,True,both_correct,0,0,23891,23891,0.27108898758888245,0.29508405923843384,0.152968630194664,0.2808583080768585,0.19586724042892456,0.3350028395652771,0.11051791161298752,0.35861197113990784,-0.07522174715995789,0.03991878032684326,-0.04245071858167648,0.07775366306304932
1050,5567,22604,Person,Person,False,140.0,high_degree,True,True,both_correct,0,0,22604,22604,0.27327457070350647,0.29828542470932007,0.14855198562145233,0.2798880934715271,0.19719873368740082,0.33821141719818115,0.10719549655914307,0.3573943078517914,-0.07607583701610565,0.039925992488861084,-0.041356489062309265,0.07750621438026428
1051,10263,18784,Place,Place,False,38.0,mid_degree,True,True,both_correct,0,0,18784,18784,0.23384037613868713,0.20049133896827698,0.33021074533462524,0.23545756936073303,0.15336504578590393,0.17531754076480865,0.3248261511325836,0.3464912474155426,-0.0804753303527832,-0.025173798203468323,-0.005384594202041626,0.11103367805480957
1052,14895,22656,Organization,Organization,False,3.0,low_degree,False,False,both_wrong,90,389,16165,25353,0.2960427701473236,0.21732446551322937,0.1819189041852951,0.3047139048576355,0.2214071899652481,0.18573448061943054,0.15549170970916748,0.43736663460731506,-0.0746355801820755,-0.03158998489379883,-0.026427194476127625,0.13265272974967957
1053,9702,16531,Place,Place,False,16.0,low_degree,True,True,both_correct,0,0,16531,16531,0.2873597741127014,0.25007131695747375,0.16856181621551514,0.2940071225166321,0.18744271993637085,0.21748505532741547,0.16491341590881348,0.4301587641239166,-0.09991705417633057,-0.03258626163005829,-0.00364840030670166,0.13615164160728455
1054,9369,24470,Creative Work,Creative Work,False,68.0,mid_degree,True,True,both_correct,0,0,24470,24470,0.34145650267601013,0.1906793862581253,0.1484241932630539,0.31943991780281067,0.20584841072559357,0.19157780706882477,0.10441084206104279,0.4981628358364105,-0.13560809195041656,0.0008984208106994629,-0.04401335120201111,0.17872291803359985
1055,14192,20015,Entity,Organization,True,6.0,low_degree,True,True,both_correct,0,0,20015,20015,0.28932079672813416,0.21648666262626648,0.20304839313030243,0.29114416241645813,0.28932079672813416,0.21648666262626648,0.20304839313030243,0.29114416241645813,0.0,0.0,0.0,0.0
1056,14842,22969,Place,Place,False,2.0,low_degree,True,True,both_correct,0,0,22969,22969,0.26806047558784485,0.22739394009113312,0.18768402934074402,0.3168615400791168,0.17156577110290527,0.1940440833568573,0.18016880750656128,0.45422130823135376,-0.09649470448493958,-0.03334985673427582,-0.007515221834182739,0.13735976815223694
1057,13269,25561,Person,Person,False,16.0,low_degree,True,True,both_correct,0,0,25561,25561,0.2760853171348572,0.2953367829322815,0.1544470489025116,0.27413082122802734,0.2001587301492691,0.336434930562973,0.11197158694267273,0.3514347970485687,-0.07592658698558807,0.04109814763069153,-0.04247546195983887,0.07730397582054138
1058,4801,23096,Person,Person,False,25.0,low_degree,True,True,both_correct,0,0,23096,23096,0.2744714915752411,0.28528037667274475,0.16320891678333282,0.27703920006752014,0.19958309829235077,0.3259506821632385,0.11868555098772049,0.3557807207107544,-0.07488839328289032,0.040670305490493774,-0.044523365795612335,0.07874152064323425
1059,6167,15992,Entity,Entity,False,100.0,high_degree,True,True,both_correct,0,0,15992,15992,0.31112855672836304,0.19802767038345337,0.14282386004924774,0.34801986813545227,0.31112855672836304,0.19802767038345337,0.14282386004924774,0.34801986813545227,0.0,0.0,0.0,0.0
1060,11220,27380,Creative Work,Creative Work,False,33.0,low_degree,True,True,both_correct,0,0,27380,27380,0.26414284110069275,0.2408069372177124,0.2239452302455902,0.27110499143600464,0.1623830795288086,0.24671824276447296,0.1606474071741104,0.43025127053260803,-0.10175976157188416,0.005911305546760559,-0.0632978230714798,0.1591462790966034
1061,6589,15149,Entity,Entity,False,46.0,mid_degree,True,True,both_correct,0,0,15149,15149,0.21700425446033478,0.2575511932373047,0.307449072599411,0.21799549460411072,0.21700425446033478,0.2575511932373047,0.307449072599411,0.2179955095052719,0.0,0.0,0.0,1.4901161193847656e-08
1062,12370,25525,Organization,Person,True,28.0,low_degree,False,False,both_wrong,56,258,23815,25237,0.312786728143692,0.2095872014760971,0.158219575881958,0.31940656900405884,0.23230721056461334,0.17787910997867584,0.13429690897464752,0.4555168151855469,-0.08047951757907867,-0.031708091497421265,-0.023922666907310486,0.13611024618148804
1063,5779,17996,Person,Person,False,122.0,high_degree,True,True,both_correct,0,0,17996,17996,0.2446354627609253,0.2578299045562744,0.25007936358451843,0.24745523929595947,0.18291613459587097,0.3029169738292694,0.1870465725660324,0.32712027430534363,-0.06171932816505432,0.045087069272994995,-0.06303279101848602,0.07966503500938416
1064,10622,15625,Entity,Entity,False,8.0,low_degree,False,False,both_wrong,314,186,16616,16616,0.31378957629203796,0.21362897753715515,0.1626831591129303,0.309898316860199,0.31378957629203796,0.21362899243831635,0.1626831591129303,0.309898316860199,0.0,1.4901161193847656e-08,0.0,0.0
1065,971,16242,Person,Person,False,160.0,high_degree,True,True,both_correct,0,0,16242,16242,0.2429266721010208,0.2591085433959961,0.2502303421497345,0.2477344423532486,0.18125329911708832,0.30376726388931274,0.1867213398218155,0.32825809717178345,-0.061673372983932495,0.04465872049331665,-0.063509002327919,0.08052365481853485
1066,1352,26071,Person,Person,False,72.0,mid_degree,True,True,both_correct,0,0,26071,26071,0.2686982750892639,0.29033324122428894,0.14791853725910187,0.2930499315261841,0.19305357336997986,0.32776105403900146,0.1062828078866005,0.3729025721549988,-0.07564470171928406,0.037427812814712524,-0.04163572937250137,0.0798526406288147
1067,5682,15179,Person,Person,False,102.0,high_degree,True,True,both_correct,0,0,15179,15179,0.24575363099575043,0.24543361365795135,0.26305943727493286,0.24575333297252655,0.1848660111427307,0.2900983989238739,0.1978723108768463,0.3271632790565491,-0.060887619853019714,0.044664785265922546,-0.06518712639808655,0.08140994608402252
1068,516,25167,Organization,Organization,False,58.0,mid_degree,True,True,both_correct,0,0,25167,25167,0.3099343776702881,0.1951519250869751,0.15166226029396057,0.34325137734413147,0.2269374281167984,0.1632877141237259,0.12691286206245422,0.4828619360923767,-0.08299694955348969,-0.03186421096324921,-0.024749398231506348,0.13961055874824524
1069,12462,25140,Organization,Organization,False,32.0,low_degree,True,True,both_correct,0,0,25140,25140,0.3135888874530792,0.20890770852565765,0.15679560601711273,0.3207077980041504,0.23270969092845917,0.1771550178527832,0.13297787308692932,0.4571574926376343,-0.08087919652462006,-0.03175269067287445,-0.02381773293018341,0.1364496946334839
1070,7539,19874,Creative Work,Creative Work,False,99.0,high_degree,True,True,both_correct,0,0,19874,19874,0.3248059153556824,0.18788942694664001,0.15211981534957886,0.335184782743454,0.1929818093776703,0.18604741990566254,0.10546866804361343,0.5155020952224731,-0.13182410597801208,-0.001842007040977478,-0.046651147305965424,0.18031731247901917
1071,1976,18380,Place,Place,False,182.0,high_degree,True,True,both_correct,0,0,18380,18380,0.2190277874469757,0.2201443463563919,0.34186455607414246,0.21896332502365112,0.14448630809783936,0.19362352788448334,0.338258296251297,0.3236319124698639,-0.07454147934913635,-0.02652081847190857,-0.003606259822845459,0.10466858744621277
1072,5965,24102,Person,Person,False,44.0,mid_degree,True,True,both_correct,0,0,24102,24102,0.2712044417858124,0.27786362171173096,0.17135821282863617,0.2795737385749817,0.1975279003381729,0.3179924488067627,0.12481270730495453,0.35966697335243225,-0.07367654144763947,0.04012882709503174,-0.04654550552368164,0.08009323477745056
1073,13815,16349,Place,Place,False,16.0,low_degree,True,True,both_correct,0,0,16349,16349,0.2842947244644165,0.24565157294273376,0.17712637782096863,0.2929273247718811,0.18532438576221466,0.2135043889284134,0.17318154871463776,0.4279896318912506,-0.09897033870220184,-0.032147184014320374,-0.003944829106330872,0.1350623071193695
1074,602,24326,Person,Person,False,103.0,high_degree,True,True,both_correct,0,0,24326,24326,0.27528610825538635,0.29103338718414307,0.1523762345314026,0.28130432963371277,0.1991288661956787,0.3307843506336212,0.1102202907204628,0.35986649990081787,-0.07615724205970764,0.03975096344947815,-0.04215594381093979,0.0785621702671051
1075,10481,16374,Place,Place,False,53.0,mid_degree,True,True,both_correct,0,0,16374,16374,0.27877989411354065,0.2455904632806778,0.18398484587669373,0.29164475202560425,0.18134963512420654,0.21300403773784637,0.17950952053070068,0.4261368215084076,-0.0974302589893341,-0.03258642554283142,-0.004475325345993042,0.13449206948280334
1076,6998,16205,Place,Place,False,42.0,mid_degree,True,True,both_correct,0,0,16205,16205,0.2540837228298187,0.2284087836742401,0.25830769538879395,0.25919976830482483,0.16643449664115906,0.1994820237159729,0.25378113985061646,0.380302369594574,-0.08764922618865967,-0.028926759958267212,-0.00452655553817749,0.12110260128974915
1077,14777,19588,Entity,Entity,False,2.0,low_degree,False,False,both_wrong,10,5,25863,19967,0.2817789912223816,0.21257296204566956,0.1949886828660965,0.3106593191623688,0.2817789912223816,0.21257296204566956,0.1949886977672577,0.3106593191623688,0.0,0.0,1.4901161193847656e-08,0.0
1078,7139,27178,Event,Event,False,64.0,mid_degree,True,True,both_correct,0,0,27178,27178,0.270357608795166,0.21234136819839478,0.24941810965538025,0.2678828835487366,0.26783353090286255,0.2103445678949356,0.2471601665019989,0.27466174960136414,-0.002524077892303467,-0.0019968003034591675,-0.0022579431533813477,0.0067788660526275635
1079,12144,25959,Person,Person,False,20.0,low_degree,True,True,both_correct,0,0,25959,25959,0.2708812355995178,0.28729403018951416,0.16559290885925293,0.2762317955493927,0.19683615863323212,0.32802364230155945,0.120320625603199,0.3548195958137512,-0.0740450769662857,0.04072961211204529,-0.045272283256053925,0.07858780026435852
1080,13541,24418,Creative Work,Creative Work,False,32.0,low_degree,True,True,both_correct,0,0,24418,24418,0.2923360764980316,0.26065385341644287,0.155483677983284,0.2915264666080475,0.17606565356254578,0.26162952184677124,0.10926583409309387,0.4530390202999115,-0.11627042293548584,0.0009756684303283691,-0.046217843890190125,0.161512553691864
1081,4835,25535,Person,Person,False,79.0,high_degree,True,True,both_correct,0,0,25535,25535,0.2792069613933563,0.28948062658309937,0.1522148847579956,0.2790974974632263,0.20235352218151093,0.3296525776386261,0.11031515896320343,0.35767877101898193,-0.0768534392118454,0.04017195105552673,-0.041899725794792175,0.07858127355575562
1082,13777,17633,Place,Place,False,21.0,low_degree,True,True,both_correct,0,0,17633,17633,0.2857511639595032,0.24914486706256866,0.15292085707187653,0.31218308210372925,0.1846563220024109,0.21465998888015747,0.14821800589561462,0.45246565341949463,-0.10109484195709229,-0.034484878182411194,-0.004702851176261902,0.14028257131576538
1083,8483,22056,Person,Person,False,57.0,mid_degree,True,True,both_correct,0,0,22056,22056,0.2758539915084839,0.29254499077796936,0.15022456645965576,0.28137651085853577,0.19939415156841278,0.33225974440574646,0.10858628898859024,0.3597598075866699,-0.0764598399400711,0.0397147536277771,-0.04163827747106552,0.07838329672813416
1084,4973,19204,Place,Place,False,29.0,low_degree,True,True,both_correct,0,0,19204,19204,0.29056233167648315,0.2492102086544037,0.17511937022209167,0.2851080894470215,0.19051991403102875,0.21786627173423767,0.17222249507904053,0.41939136385917664,-0.1000424176454544,-0.031343936920166016,-0.0028968751430511475,0.13428327441215515
1085,7931,19750,Person,Person,False,132.0,high_degree,True,True,both_correct,0,0,19750,19750,0.27072522044181824,0.27347829937934875,0.18390998244285583,0.2718864679336548,0.1982501894235611,0.3146730363368988,0.13468992710113525,0.35238683223724365,-0.07247503101825714,0.04119473695755005,-0.04922005534172058,0.08050036430358887
1086,12501,20280,Place,Place,False,29.0,low_degree,True,True,both_correct,0,0,20280,20280,0.2977355122566223,0.22924812138080597,0.155262753367424,0.3177536129951477,0.1923784762620926,0.1974947303533554,0.15046986937522888,0.45965689420700073,-0.10535703599452972,-0.03175339102745056,-0.004792883992195129,0.14190328121185303
1087,1012,27108,Creative Work,Creative Work,False,103.0,high_degree,True,True,both_correct,0,0,27108,27108,0.3131598234176636,0.1926901936531067,0.1491585671901703,0.34499144554138184,0.18379071354866028,0.188471257686615,0.10219331085681915,0.5255447030067444,-0.1293691098690033,-0.004218935966491699,-0.046965256333351135,0.18055325746536255
1088,12781,26838,Creative Work,Creative Work,False,42.0,mid_degree,True,False,harmed,0,1,26838,23542,0.2944759428501129,0.1953006386756897,0.19999068975448608,0.3102326989173889,0.17807036638259888,0.19682343304157257,0.14109700918197632,0.4840092360973358,-0.11640557646751404,0.0015227943658828735,-0.058893680572509766,0.1737765371799469
1089,7483,24775,Person,Person,False,63.0,mid_degree,True,True,both_correct,0,0,24775,24775,0.2802481949329376,0.2806144952774048,0.15624071657657623,0.28289663791656494,0.203455850481987,0.3201034665107727,0.11343242973089218,0.3630082607269287,-0.07679234445095062,0.03948897123336792,-0.04280828684568405,0.08011162281036377
1090,10405,23793,Person,Person,False,76.0,high_degree,True,True,both_correct,0,0,23793,23793,0.2643485963344574,0.280868262052536,0.1849972903728485,0.2697858214378357,0.19316424429416656,0.3224796652793884,0.13517723977565765,0.34917888045310974,-0.07118435204029083,0.04161140322685242,-0.04982005059719086,0.07939305901527405
1091,8454,18882,Person,Person,False,23.0,low_degree,True,False,harmed,0,1,18882,16514,0.27460944652557373,0.2796879708766937,0.15426169335842133,0.29144087433815,0.1984553188085556,0.31759488582611084,0.1114751398563385,0.37247467041015625,-0.07615412771701813,0.037906914949417114,-0.042786553502082825,0.08103379607200623
1092,4307,20266,Place,Place,False,22.0,low_degree,False,False,both_wrong,2,2,20345,20345,0.2987077832221985,0.2488996535539627,0.1593008041381836,0.293091744184494,0.1956874281167984,0.21740160882472992,0.15652653574943542,0.43038445711135864,-0.10302035510540009,-0.03149804472923279,-0.002774268388748169,0.13729271292686462
1093,12123,27066,Person,Person,False,32.0,low_degree,False,False,both_wrong,1,1,24945,23575,0.2832695543766022,0.26342928409576416,0.16644026339054108,0.28686097264289856,0.2066444307565689,0.3019534647464752,0.1214306578040123,0.36997145414352417,-0.07662512362003326,0.03852418065071106,-0.04500960558652878,0.08311048150062561
1094,7691,16444,Person,Person,False,48.0,mid_degree,True,True,both_correct,0,0,16444,16444,0.274806410074234,0.2948527932167053,0.14971086382865906,0.2806299924850464,0.1985234171152115,0.334689199924469,0.10815315693616867,0.3586342930793762,-0.07628299295902252,0.03983640670776367,-0.04155770689249039,0.07800430059432983
1095,7938,18662,Place,Place,False,11.0,low_degree,True,True,both_correct,0,0,18662,18662,0.2968602180480957,0.23927025496959686,0.17587648332118988,0.28799304366111755,0.19467324018478394,0.20920220017433167,0.17298853397369385,0.42313605546951294,-0.10218697786331177,-0.030068054795265198,-0.0028879493474960327,0.13514301180839539
1096,7069,22571,Creative Work,Creative Work,False,92.0,high_degree,True,True,both_correct,0,0,22571,22571,0.3197080194950104,0.18836556375026703,0.1564895212650299,0.3354369103908539,0.1898498833179474,0.186417818069458,0.10843915492296219,0.5152931809425354,-0.129858136177063,-0.001947745680809021,-0.04805036634206772,0.17985627055168152
1097,4053,18228,Person,Person,False,110.0,high_degree,True,True,both_correct,0,0,18228,18228,0.27597475051879883,0.296120285987854,0.14774321019649506,0.28016170859336853,0.19932758808135986,0.3360607624053955,0.10670855641365051,0.3579030930995941,-0.07664716243743896,0.039940476417541504,-0.04103465378284454,0.07774138450622559
1098,1643,20961,Organization,Organization,False,206.0,high_degree,True,True,both_correct,0,0,20961,20961,0.3024885952472687,0.2052081674337387,0.1432279646396637,0.3490753173828125,0.2201698273420334,0.17068423330783844,0.11914519220590591,0.49000081419944763,-0.08231876790523529,-0.03452393412590027,-0.024082772433757782,0.14092549681663513
1099,2059,20465,Entity,Entity,False,104.0,high_degree,True,True,both_correct,0,0,20465,20465,0.33570805191993713,0.19496315717697144,0.1455879658460617,0.32374081015586853,0.33570805191993713,0.19496315717697144,0.1455879658460617,0.32374081015586853,0.0,0.0,0.0,0.0
1100,11028,24049,Person,Person,False,32.0,low_degree,True,True,both_correct,0,0,24049,24049,0.27525144815444946,0.28368550539016724,0.15983518958091736,0.28122788667678833,0.19972456991672516,0.3234379291534424,0.11597637087106705,0.3608611226081848,-0.0755268782377243,0.039752423763275146,-0.04385881870985031,0.07963323593139648
1101,10335,21259,Place,Place,False,20.0,low_degree,True,True,both_correct,0,0,21259,21259,0.28619933128356934,0.24740466475486755,0.1658700555562973,0.3005259335041046,0.18602637946605682,0.2144061028957367,0.16170647740364075,0.43786102533340454,-0.10017295181751251,-0.03299856185913086,-0.004163578152656555,0.13733509182929993
1102,10190,27090,Person,Person,False,87.0,high_degree,True,True,both_correct,0,0,27090,27090,0.27500882744789124,0.3005560040473938,0.15272969007492065,0.2717054784297943,0.19922886788845062,0.34212392568588257,0.11064375191926956,0.34800341725349426,-0.07577995955944061,0.04156792163848877,-0.04208593815565109,0.07629793882369995
1103,7124,26345,Creative Work,Creative Work,False,160.0,high_degree,False,False,both_wrong,78,7,27538,26181,0.3264327645301819,0.18645255267620087,0.1514955759048462,0.3356190621852875,0.19400332868099213,0.1846771538257599,0.1050749346613884,0.5162445306777954,-0.13242943584918976,-0.001775398850440979,-0.046420641243457794,0.18062546849250793
1104,2776,24983,Creative Work,Creative Work,False,87.0,high_degree,False,True,rescued,1,0,27350,24983,0.33543938398361206,0.18551287055015564,0.1540713757276535,0.32497638463974,0.201517254114151,0.18573836982250214,0.10799578577280045,0.5047486424446106,-0.13392212986946106,0.00022549927234649658,-0.04607558995485306,0.1797722578048706
1105,4866,25191,Organization,Organization,False,25.0,low_degree,False,False,both_wrong,42,551,23495,23495,0.31040331721305847,0.21011778712272644,0.1586819440126419,0.32079699635505676,0.2302810549736023,0.1781313270330429,0.13453985750675201,0.45704782009124756,-0.08012226223945618,-0.03198646008968353,-0.024142086505889893,0.1362508237361908
1106,4839,19733,Person,Person,False,40.0,mid_degree,True,True,both_correct,0,0,19733,19733,0.2673475444316864,0.2836972177028656,0.17449671030044556,0.27445849776268005,0.19475923478603363,0.32473480701446533,0.12711942195892334,0.3533865213394165,-0.07258830964565277,0.04103758931159973,-0.04737728834152222,0.07892802357673645
1107,4007,26064,Organization,Organization,False,60.0,mid_degree,False,True,rescued,1,0,26063,26064,0.2997335195541382,0.19593289494514465,0.15719424188137054,0.3471393287181854,0.21879471838474274,0.1634381264448166,0.13113822042942047,0.48662900924682617,-0.08093880116939545,-0.032494768500328064,-0.026056021451950073,0.13948968052864075
1108,11156,24717,Organization,Organization,False,31.0,low_degree,True,True,both_correct,0,0,24717,24717,0.30777260661125183,0.20617681741714478,0.15744400024414062,0.32860660552978516,0.22727811336517334,0.17398571968078613,0.13287565112113953,0.4658604860305786,-0.08049449324607849,-0.03219109773635864,-0.0245683491230011,0.13725388050079346
1109,6943,17958,Person,Person,False,145.0,high_degree,True,True,both_correct,0,0,17958,17958,0.24471920728683472,0.2548488676548004,0.2525804936885834,0.2478514015674591,0.18308885395526886,0.29959139227867126,0.18900209665298462,0.32831764221191406,-0.06163035333156586,0.04474252462387085,-0.06357839703559875,0.08046624064445496
1110,4832,23673,Person,Person,False,50.0,mid_degree,True,True,both_correct,0,0,23673,23673,0.25613933801651,0.2675952911376953,0.2203299105167389,0.2559354603290558,0.18985781073570251,0.3116615116596222,0.16331100463867188,0.3351696729660034,-0.0662815272808075,0.04406622052192688,-0.05701890587806702,0.07923421263694763
1111,409,19088,Place,Place,False,55.0,mid_degree,True,True,both_correct,0,0,19088,19088,0.26337572932243347,0.23736436665058136,0.23476234078407288,0.2644975483417511,0.17253154516220093,0.207314595580101,0.23065926134586334,0.38949453830718994,-0.09084418416023254,-0.030049771070480347,-0.004103079438209534,0.12499698996543884
1112,6834,18360,Place,Place,False,31.0,low_degree,True,True,both_correct,0,0,18360,18360,0.27861514687538147,0.24942649900913239,0.19469578564167023,0.2772626280784607,0.18269802629947662,0.218069389462471,0.19148801267147064,0.4077446162700653,-0.09591712057590485,-0.03135710954666138,-0.003207772970199585,0.13048198819160461
1113,1995,19481,Place,Place,False,20.0,low_degree,False,False,both_wrong,2,1,18933,20551,0.29395049810409546,0.2542923390865326,0.16209492087364197,0.2896622121334076,0.19275586307048798,0.22232583165168762,0.159425288438797,0.4254930019378662,-0.10119463503360748,-0.03196650743484497,-0.0026696324348449707,0.13583078980445862
1114,9889,15056,Person,Person,False,26.0,low_degree,True,True,both_correct,0,0,15056,15056,0.2697277367115021,0.28585129976272583,0.16307242214679718,0.2813485264778137,0.19551095366477966,0.3255642354488373,0.11819497495889664,0.360729843378067,-0.07421678304672241,0.03971293568611145,-0.04487744718790054,0.0793813169002533
1115,12992,24913,Event,Event,False,25.0,low_degree,True,True,both_correct,0,0,24913,24913,0.2779766023159027,0.23033978044986725,0.21332882344722748,0.2783547639846802,0.27532270550727844,0.22812727093696594,0.21137548983097076,0.28517451882362366,-0.0026538968086242676,-0.002212509512901306,-0.001953333616256714,0.0068197548389434814
1116,12383,19307,Person,Person,False,59.0,mid_degree,True,True,both_correct,0,0,19307,19307,0.2696570158004761,0.2780088484287262,0.18179607391357422,0.2705380916595459,0.19730493426322937,0.3196219205856323,0.13302761316299438,0.3500455617904663,-0.0723520815372467,0.04161307215690613,-0.048768460750579834,0.07950747013092041
1117,12361,20151,Person,Person,False,39.0,mid_degree,True,True,both_correct,0,0,20151,20151,0.26768240332603455,0.30688202381134033,0.15268082916736603,0.2727547883987427,0.19330772757530212,0.34821978211402893,0.1102520227432251,0.34822049736976624,-0.07437467575073242,0.0413377583026886,-0.04242880642414093,0.07546570897102356
1118,97,22153,Person,Person,False,56.0,mid_degree,True,True,both_correct,0,0,22153,22153,0.27210038900375366,0.27341532707214355,0.17931509017944336,0.2751691937446594,0.19898061454296112,0.31416454911231995,0.1311246156692505,0.3557301461696625,-0.07311977446079254,0.04074922204017639,-0.04819047451019287,0.08056095242500305
1119,5405,15699,Entity,Entity,False,14.0,low_degree,True,True,both_correct,0,0,15699,15699,0.3156887888908386,0.2049584686756134,0.15329383313655853,0.32605886459350586,0.3156887888908386,0.2049584686756134,0.15329383313655853,0.32605886459350586,0.0,0.0,0.0,0.0
1120,9781,19718,Person,Person,False,35.0,mid_degree,True,True,both_correct,0,0,19718,19718,0.27211257815361023,0.3015271723270416,0.15241248905658722,0.2739478051662445,0.1967911571264267,0.3426383435726166,0.11021852493286133,0.350352019071579,-0.07532142102718353,0.04111117124557495,-0.04219396412372589,0.07640421390533447
1121,12236,19328,Place,Place,False,20.0,low_degree,True,True,both_correct,0,0,19328,19328,0.29487425088882446,0.23913602530956268,0.16940288245677948,0.296586811542511,0.19236817955970764,0.20800043642520905,0.16575655341148376,0.43387487530708313,-0.10250607132911682,-0.031135588884353638,-0.0036463290452957153,0.13728806376457214
1122,8253,26013,Creative Work,Creative Work,False,79.0,high_degree,True,True,both_correct,0,0,26013,26013,0.3150031864643097,0.1895281821489334,0.15350143611431122,0.34196722507476807,0.18585491180419922,0.18636400997638702,0.10567360371351242,0.5221074223518372,-0.12914827466011047,-0.0031641721725463867,-0.0478278324007988,0.1801401972770691
1123,12612,16356,Entity,Entity,False,72.0,mid_degree,True,True,both_correct,0,0,16356,16356,0.3201313316822052,0.20002271234989166,0.1468033790588379,0.33304262161254883,0.3201313018798828,0.20002271234989166,0.1468033790588379,0.33304262161254883,-2.9802322387695312e-08,0.0,0.0,0.0
1124,6750,21564,Person,Person,False,159.0,high_degree,True,True,both_correct,0,0,21564,21564,0.28133639693260193,0.291220098733902,0.14684174954891205,0.28060171008110046,0.20355437695980072,0.33107689023017883,0.10624407231807709,0.35912469029426575,-0.07778201997280121,0.039856791496276855,-0.04059767723083496,0.07852298021316528
1125,2909,21199,Place,Place,False,19.0,low_degree,True,True,both_correct,0,0,21199,21199,0.300018846988678,0.24280813336372375,0.17575933039188385,0.2814137041568756,0.19762136042118073,0.21324169635772705,0.17364293336868286,0.4154939651489258,-0.10239748656749725,-0.029566437005996704,-0.0021163970232009888,0.13408026099205017
1126,13297,17530,Place,Place,False,23.0,low_degree,True,True,both_correct,0,0,17530,17530,0.25656870007514954,0.2285090535879135,0.24087432026863098,0.27404794096946716,0.16696949303150177,0.19827166199684143,0.23511451482772827,0.39964431524276733,-0.08959920704364777,-0.030237391591072083,-0.00575980544090271,0.12559637427330017
1127,674,16441,Person,Person,False,36.0,mid_degree,True,True,both_correct,0,0,16441,16441,0.27969348430633545,0.2893390357494354,0.15192042291164398,0.27904704213142395,0.20273250341415405,0.3295341432094574,0.11011623591184616,0.3576171100139618,-0.0769609808921814,0.04019510746002197,-0.04180418699979782,0.07857006788253784
1128,14511,22680,Organization,Organization,False,14.0,low_degree,True,True,both_correct,0,0,22680,22680,0.2677259147167206,0.21441452205181122,0.24996070563793182,0.26789888739585876,0.203931987285614,0.18663595616817474,0.21760490536689758,0.3918271064758301,-0.06379392743110657,-0.027778565883636475,-0.03235580027103424,0.12392821907997131
1129,6080,25716,Entity,Entity,False,62.0,mid_degree,False,False,both_wrong,2,3,22654,22654,0.30829888582229614,0.21782317757606506,0.16235654056072235,0.31152138113975525,0.30829888582229614,0.21782317757606506,0.16235654056072235,0.31152138113975525,0.0,0.0,0.0,0.0
1130,7182,24411,Person,Person,False,49.0,mid_degree,True,True,both_correct,0,0,24411,24411,0.27665987610816956,0.29451653361320496,0.15060226619243622,0.2782213091850281,0.2001705914735794,0.33482345938682556,0.10896681249141693,0.3560391366481781,-0.07648928463459015,0.040306925773620605,-0.04163545370101929,0.07781782746315002
1131,6459,15749,Place,Place,False,166.0,high_degree,True,True,both_correct,0,0,15749,15749,0.2581198215484619,0.23007258772850037,0.24987825751304626,0.26192936301231384,0.16870132088661194,0.20048417150974274,0.24501457810401917,0.3857998549938202,-0.08941850066184998,-0.02958841621875763,-0.0048636794090271,0.12387049198150635
1132,2907,15104,Person,Person,False,38.0,mid_degree,False,True,rescued,1,0,26741,15104,0.2185375690460205,0.21894147992134094,0.3427405059337616,0.21978044509887695,0.16893093287944794,0.2659284174442291,0.26492661237716675,0.30021408200263977,-0.04960663616657257,0.046986937522888184,-0.07781389355659485,0.08043363690376282
1133,5315,23763,Organization,Organization,False,66.0,mid_degree,False,False,both_wrong,17,10,19527,19527,0.3011506199836731,0.1955404281616211,0.15066653490066528,0.3526424169540405,0.21912284195423126,0.1625865250825882,0.12528888881206512,0.4930017292499542,-0.08202777802944183,-0.0329539030790329,-0.02537764608860016,0.1403593122959137
1134,10853,15462,Person,Person,False,42.0,mid_degree,True,True,both_correct,0,0,15462,15462,0.26925671100616455,0.3009006381034851,0.15387441217899323,0.2759682536125183,0.19455762207508087,0.3416304886341095,0.1111784279346466,0.35263341665267944,-0.07469908893108368,0.04072985053062439,-0.04269598424434662,0.07666516304016113
1135,10548,19960,Place,Place,False,29.0,low_degree,True,True,both_correct,0,0,19960,19960,0.2952459752559662,0.25057607889175415,0.16862958669662476,0.2855483889579773,0.19388502836227417,0.2193930596113205,0.1660921722650528,0.42062973976135254,-0.10136094689369202,-0.031183019280433655,-0.0025374144315719604,0.13508135080337524
1136,4536,23350,Event,Event,False,36.0,mid_degree,True,True,both_correct,0,0,23350,23350,0.29291439056396484,0.2387131154537201,0.17069371044635773,0.29767879843711853,0.2898974120616913,0.23623915016651154,0.16899941861629486,0.3048640191555023,-0.0030169785022735596,-0.002473965287208557,-0.0016942918300628662,0.007185220718383789
1137,12204,17011,Person,Person,False,83.0,high_degree,True,True,both_correct,0,0,17011,17011,0.28200215101242065,0.28637832403182983,0.14868971705436707,0.28292980790138245,0.20417098701000214,0.32578593492507935,0.10765489190816879,0.3623881936073303,-0.07783116400241852,0.03940761089324951,-0.04103482514619827,0.07945838570594788
1138,220,25507,Entity,Entity,False,24.0,low_degree,False,False,both_wrong,201,132,23526,15259,0.30848759412765503,0.20625782012939453,0.18091820180416107,0.3043363690376282,0.30848759412765503,0.20625784993171692,0.18091820180416107,0.3043363690376282,0.0,2.9802322387695312e-08,0.0,0.0
1139,6046,26165,Creative Work,Creative Work,False,94.0,high_degree,True,True,both_correct,0,0,26165,26165,0.32335489988327026,0.19209256768226624,0.15877765417099,0.3257748782634735,0.19346922636032104,0.191545769572258,0.11085955053567886,0.5041254162788391,-0.12988567352294922,-0.0005467981100082397,-0.04791810363531113,0.1783505380153656
1140,2217,16918,Place,Place,False,135.0,high_degree,True,True,both_correct,0,0,16918,16918,0.28928542137145996,0.2423078864812851,0.17803828418254852,0.2903684079647064,0.1890309602022171,0.21110442280769348,0.17449496686458588,0.4253696799278259,-0.10025446116924286,-0.031203463673591614,-0.0035433173179626465,0.1350012719631195
1141,2426,18499,Person,Person,False,120.0,high_degree,True,True,both_correct,0,0,18499,18499,0.27332109212875366,0.2952486574649811,0.1479511708021164,0.2834790349006653,0.1971074789762497,0.3345559537410736,0.106697216629982,0.3616393506526947,-0.07621361315250397,0.03930729627609253,-0.0412539541721344,0.07816031575202942
1142,12124,18110,Person,Person,False,55.0,mid_degree,True,True,both_correct,0,0,18110,18110,0.2733410596847534,0.29592061042785645,0.15296846628189087,0.27776989340782166,0.19768427312374115,0.3362749218940735,0.11062777042388916,0.3554129898548126,-0.07565678656101227,0.04035431146621704,-0.04234069585800171,0.07764309644699097
1143,12048,25412,Person,Person,False,20.0,low_degree,True,True,both_correct,0,0,25412,25412,0.2765379548072815,0.2841613292694092,0.15816792845726013,0.28113284707069397,0.2006593644618988,0.32398322224617004,0.11476987600326538,0.3605875074863434,-0.07587859034538269,0.039821892976760864,-0.04339805245399475,0.07945466041564941
1144,11840,19150,Person,Person,False,62.0,mid_degree,True,True,both_correct,0,0,19150,19150,0.2682134807109833,0.26617082953453064,0.20133250951766968,0.2642832100391388,0.1978989988565445,0.3085850179195404,0.14855146408081055,0.34496453404426575,-0.07031448185443878,0.042414188385009766,-0.05278104543685913,0.08068132400512695
1145,11210,27225,Person,Person,False,56.0,mid_degree,True,True,both_correct,0,0,27225,27225,0.28183332085609436,0.2794468104839325,0.15184028446674347,0.28687962889671326,0.20423072576522827,0.31818467378616333,0.11002720892429352,0.3675574064254761,-0.07760259509086609,0.038737863302230835,-0.04181307554244995,0.08067777752876282
1146,5370,23207,Person,Creative Work,True,53.0,mid_degree,True,True,both_correct,0,0,23207,23207,0.29600444436073303,0.2544914186000824,0.15331527590751648,0.29618892073631287,0.2155589610338211,0.2912004590034485,0.11164167523384094,0.38159891963005066,-0.08044548332691193,0.03670904040336609,-0.04167360067367554,0.08540999889373779
1147,2405,18167,Person,Person,False,143.0,high_degree,True,True,both_correct,0,0,18167,18167,0.27371054887771606,0.3005376160144806,0.146603062748909,0.27914875745773315,0.19742465019226074,0.3406111001968384,0.10575535148382187,0.3562088906764984,-0.07628589868545532,0.04007348418235779,-0.04084771126508713,0.07706013321876526
1148,8857,25655,Creative Work,Creative Work,False,75.0,high_degree,True,True,both_correct,0,0,25655,25655,0.32410067319869995,0.18915042281150818,0.15048711001873016,0.3362618088722229,0.19225364923477173,0.18699480593204498,0.10417775064706802,0.5165737271308899,-0.13184702396392822,-0.002155616879463196,-0.04630935937166214,0.180311918258667
1149,12557,24630,Person,Person,False,47.0,mid_degree,True,True,both_correct,0,0,24630,24630,0.2755352258682251,0.2924085557460785,0.15188364684581757,0.28017255663871765,0.19932100176811218,0.3323671221733093,0.10987267643213272,0.35843920707702637,-0.07621422410011292,0.039958566427230835,-0.042010970413684845,0.07826665043830872
1150,12250,26647,Organization,Organization,False,26.0,low_degree,True,True,both_correct,0,0,26647,26647,0.3082292675971985,0.20176059007644653,0.16056492924690247,0.3294452130794525,0.2275334894657135,0.17019779980182648,0.13546107709407806,0.46680763363838196,-0.08069577813148499,-0.031562790274620056,-0.025103852152824402,0.13736242055892944
1151,9003,17971,Creative Work,Creative Work,False,95.0,high_degree,True,True,both_correct,0,0,17971,17971,0.25103262066841125,0.23663121461868286,0.2563789486885071,0.2559572756290436,0.15649984776973724,0.24586041271686554,0.18646922707557678,0.41117048263549805,-0.09453277289867401,0.009229198098182678,-0.0699097216129303,0.15521320700645447
1152,12588,26669,Person,Person,False,10.0,low_degree,False,False,both_wrong,1,1,25679,25679,0.26954036951065063,0.2955223023891449,0.15964490175247192,0.27529242634773254,0.1952929049730301,0.33643844723701477,0.11566489189863205,0.3526037931442261,-0.07424746453762054,0.04091614484786987,-0.043980009853839874,0.07731136679649353
1153,7888,19469,Place,Place,False,15.0,low_degree,True,True,both_correct,0,0,19469,19469,0.2663106918334961,0.2431999295949936,0.18950605392456055,0.30098339915275574,0.17191213369369507,0.20931749045848846,0.18348295986652374,0.43528738617897034,-0.09439855813980103,-0.03388243913650513,-0.006023094058036804,0.1343039870262146
1154,7026,17473,Person,Person,False,83.0,high_degree,True,True,both_correct,0,0,17473,17473,0.24970582127571106,0.2667493224143982,0.23696938157081604,0.2465754896402359,0.18606461584568024,0.31231212615966797,0.17659033834934235,0.32503294944763184,-0.06364120543003082,0.045562803745269775,-0.060379043221473694,0.07845745980739594
1155,298,19769,Person,Person,False,105.0,high_degree,True,True,both_correct,0,0,19769,19769,0.2684575617313385,0.3084062933921814,0.1481056660413742,0.2750305235385895,0.19347161054611206,0.34923458099365234,0.10673271864652634,0.35056108236312866,-0.07498595118522644,0.04082828760147095,-0.04137294739484787,0.07553055882453918
1156,836,26804,Person,Person,False,51.0,mid_degree,True,True,both_correct,0,0,26804,26804,0.2730821669101715,0.2957361042499542,0.15597468614578247,0.2752070724964142,0.1978456825017929,0.3366585671901703,0.11299515515565872,0.3525006175041199,-0.0752364844083786,0.040922462940216064,-0.04297953099012375,0.07729354500770569
1157,6964,25186,Creative Work,Creative Work,False,87.0,high_degree,True,True,both_correct,0,0,25186,25186,0.33123624324798584,0.18876072764396667,0.15318438410758972,0.3268186151981354,0.19839289784431458,0.18842127919197083,0.10706023871898651,0.5061255693435669,-0.13284334540367126,-0.0003394484519958496,-0.04612414538860321,0.17930695414543152
1158,3323,21668,Person,Person,False,104.0,high_degree,True,True,both_correct,0,0,21668,21668,0.27374067902565,0.2922571897506714,0.1561308056116104,0.2778712809085846,0.19828739762306213,0.3326384723186493,0.11309604346752167,0.3559781312942505,-0.07545328140258789,0.040381282567977905,-0.043034762144088745,0.0781068503856659
1159,883,18207,Place,Place,False,25.0,low_degree,True,True,both_correct,0,0,18207,18207,0.2845325767993927,0.25739094614982605,0.1751384288072586,0.28293806314468384,0.18662354350090027,0.22508713603019714,0.1722935289144516,0.41599586606025696,-0.09790903329849243,-0.032303810119628906,-0.002844899892807007,0.13305780291557312
1160,7809,22075,Person,Person,False,56.0,mid_degree,True,True,both_correct,0,0,22075,22075,0.28194472193717957,0.2876456677913666,0.15230821073055267,0.2781014144420624,0.20458638668060303,0.32796117663383484,0.11051201820373535,0.3569404184818268,-0.07735833525657654,0.04031550884246826,-0.04179619252681732,0.0788390040397644
1161,5959,27448,Organization,Organization,False,28.0,low_degree,True,True,both_correct,0,0,27448,27448,0.3054999113082886,0.2258777767419815,0.16100527346134186,0.3076170086860657,0.2283291071653366,0.1929171234369278,0.13752520084381104,0.4412285089492798,-0.07717080414295197,-0.03296065330505371,-0.023480072617530823,0.1336115002632141
1162,8587,27131,Creative Work,Creative Work,False,81.0,high_degree,True,True,both_correct,0,0,27131,27131,0.33347469568252563,0.19045712053775787,0.1530235856771469,0.32304462790489197,0.20031939446926117,0.1906716227531433,0.10725098103284836,0.5017580389976501,-0.13315530121326447,0.000214502215385437,-0.04577260464429855,0.17871341109275818
1163,2054,20464,Entity,Entity,False,118.0,high_degree,True,True,both_correct,0,0,20464,20464,0.2808926999568939,0.19636929035186768,0.15272009372711182,0.3700179159641266,0.2808926999568939,0.19636929035186768,0.15272009372711182,0.3700179159641266,0.0,0.0,0.0,0.0
1164,11720,27211,Entity,Entity,False,23.0,low_degree,True,True,both_correct,0,0,27211,27211,0.3112128973007202,0.2143365442752838,0.1602662354707718,0.3141842782497406,0.3112128973007202,0.2143365442752838,0.1602662354707718,0.3141842782497406,0.0,0.0,0.0,0.0
1165,5974,26236,Creative Work,Creative Work,False,56.0,mid_degree,True,True,both_correct,0,0,26236,26236,0.3175390660762787,0.18612058460712433,0.16600853204727173,0.33033183217048645,0.18951159715652466,0.18512435257434845,0.11560060828924179,0.5097634196281433,-0.12802746891975403,-0.000996232032775879,-0.05040792375802994,0.17943158745765686
1166,5447,25629,Person,Person,False,69.0,mid_degree,False,False,both_wrong,5,1,15902,15902,0.09636935591697693,0.09637285023927689,0.7108868956565857,0.0963708907365799,0.08537916094064713,0.13416017591953278,0.6297774314880371,0.15068316459655762,-0.010990194976329803,0.03778732568025589,-0.08110946416854858,0.05431227385997772
1167,13771,15451,Organization,Organization,False,14.0,low_degree,True,False,harmed,0,139,15451,15625,0.29255276918411255,0.20656515657901764,0.20846424996852875,0.29241785407066345,0.22029803693294525,0.17775002121925354,0.17940333485603333,0.4225485920906067,-0.0722547322511673,-0.0288151353597641,-0.029060915112495422,0.13013073801994324
1168,7161,24135,Entity,Entity,False,90.0,high_degree,True,True,both_correct,0,0,24135,24135,0.3110322952270508,0.22381272912025452,0.1512540876865387,0.313900887966156,0.3110322952270508,0.2238127440214157,0.1512540876865387,0.313900887966156,0.0,1.4901161193847656e-08,0.0,0.0
1169,8308,25865,Creative Work,Creative Work,False,84.0,high_degree,True,True,both_correct,0,0,25865,25865,0.3164137899875641,0.19080644845962524,0.15722879767417908,0.3355509638786316,0.1877606362104416,0.1887001395225525,0.108860082924366,0.5146791338920593,-0.1286531537771225,-0.002106308937072754,-0.04836871474981308,0.17912817001342773
1170,13376,18266,Entity,Creative Work,True,12.0,low_degree,True,True,both_correct,0,0,18266,18266,0.2756372392177582,0.2223270982503891,0.21513357758522034,0.2869020998477936,0.2756372392177582,0.2223270833492279,0.21513357758522034,0.2869020998477936,0.0,-1.4901161193847656e-08,0.0,0.0
1171,14623,15110,Place,Place,False,12.0,low_degree,True,True,both_correct,0,0,15110,15110,0.27851536870002747,0.2409450262784958,0.1953846514225006,0.28515493869781494,0.1817849725484848,0.209676593542099,0.191273033618927,0.417265385389328,-0.09673039615154266,-0.03126843273639679,-0.004111617803573608,0.13211044669151306
1172,13236,19219,Entity,Entity,False,52.0,mid_degree,False,False,both_wrong,54,41,16765,16765,0.3258766829967499,0.20350861549377441,0.1490216851234436,0.3215930163860321,0.3258766829967499,0.20350860059261322,0.1490216851234436,0.3215930163860321,0.0,-1.4901161193847656e-08,0.0,0.0
1173,8017,21974,Creative Work,Creative Work,False,124.0,high_degree,True,True,both_correct,0,0,21974,21974,0.33171072602272034,0.18570755422115326,0.1519031524658203,0.3306785523891449,0.19816136360168457,0.18489205837249756,0.10589470714330673,0.5110518336296082,-0.13354936242103577,-0.0008154958486557007,-0.04600844532251358,0.18037328124046326
1174,8826,23537,Organization,Organization,False,249.0,high_degree,True,True,both_correct,0,0,23537,23537,0.31433627009391785,0.20594680309295654,0.1433703899383545,0.3363465964794159,0.23077136278152466,0.172780841588974,0.12029512971639633,0.4761526584625244,-0.08356490731239319,-0.033165961503982544,-0.02307526022195816,0.13980606198310852
1175,89,15366,Organization,Organization,False,288.0,high_degree,True,True,both_correct,0,0,15366,15366,0.2647443115711212,0.21650874614715576,0.24969221651554108,0.26905471086502075,0.2014802247285843,0.18829214572906494,0.21719521284103394,0.39303237199783325,-0.06326408684253693,-0.02821660041809082,-0.03249700367450714,0.1239776611328125
1176,3216,15971,Person,Person,False,235.0,high_degree,True,True,both_correct,0,0,15971,15971,0.26921167969703674,0.30851396918296814,0.14671222865581512,0.2755621075630188,0.19387733936309814,0.34910789132118225,0.10566015541553497,0.3513546288013458,-0.0753343403339386,0.04059392213821411,-0.04105207324028015,0.07579252123832703
1177,3856,25242,Creative Work,Creative Work,False,159.0,high_degree,True,True,both_correct,0,0,25242,25242,0.31325751543045044,0.1907534897327423,0.1583469659090042,0.33764201402664185,0.18542493879795074,0.18817773461341858,0.10937799513339996,0.5170193314552307,-0.1278325766324997,-0.0025757551193237305,-0.04896897077560425,0.17937731742858887
1178,7786,26965,Creative Work,Creative Work,False,64.0,mid_degree,True,True,both_correct,0,0,26965,26965,0.3339480459690094,0.18956732749938965,0.14804327487945557,0.328441321849823,0.19968172907829285,0.18890869617462158,0.10328780114650726,0.5081217885017395,-0.13426631689071655,-0.0006586313247680664,-0.0447554737329483,0.1796804666519165
1179,9540,15553,Person,Person,False,41.0,mid_degree,True,True,both_correct,0,0,15553,15553,0.24752938747406006,0.24963098764419556,0.25528040528297424,0.24755917489528656,0.18569593131542206,0.2942562997341156,0.19151294231414795,0.3285348415374756,-0.061833456158638,0.044625312089920044,-0.0637674629688263,0.08097566664218903
1180,13536,20552,Entity,Entity,False,24.0,low_degree,True,True,both_correct,0,0,20552,20552,0.3204652667045593,0.1986328363418579,0.14764349162578583,0.33325842022895813,0.3204652667045593,0.1986328363418579,0.14764347672462463,0.33325842022895813,0.0,0.0,-1.4901161193847656e-08,0.0
1181,1807,27523,Person,Person,False,78.0,high_degree,True,False,harmed,0,1,27523,22715,0.27510032057762146,0.28381481766700745,0.16439670324325562,0.2766881585121155,0.20014315843582153,0.32444268465042114,0.11959635466337204,0.3558178246021271,-0.07495716214179993,0.040627866983413696,-0.044800348579883575,0.0791296660900116
1182,11535,22995,Person,Person,False,89.0,high_degree,True,True,both_correct,0,0,22995,22995,0.2796090543270111,0.29033148288726807,0.14958620071411133,0.2804732322692871,0.20243103802204132,0.33027294278144836,0.10829834640026093,0.3589976727962494,-0.07717801630496979,0.0399414598941803,-0.0412878543138504,0.07852444052696228
1183,7915,22152,Person,Person,False,93.0,high_degree,True,True,both_correct,0,0,22152,22152,0.24539968371391296,0.25528302788734436,0.2548735737800598,0.24444371461868286,0.1839977204799652,0.3007546067237854,0.19108933210372925,0.32415837049484253,-0.061401963233947754,0.04547157883644104,-0.06378424167633057,0.07971465587615967
1184,2834,26624,Creative Work,Creative Work,False,79.0,high_degree,False,False,both_wrong,5,2,25920,24505,0.32696259021759033,0.18793433904647827,0.16003523766994476,0.32506781816482544,0.19608041644096375,0.1878330558538437,0.111994668841362,0.5040918588638306,-0.1308821737766266,-0.00010128319263458252,-0.048040568828582764,0.17902404069900513
1185,13557,17853,Entity,Creative Work,True,22.0,low_degree,True,True,both_correct,0,0,17853,17853,0.26559093594551086,0.2172202169895172,0.25057554244995117,0.26661330461502075,0.26559093594551086,0.2172202169895172,0.25057554244995117,0.26661333441734314,0.0,0.0,0.0,2.9802322387695312e-08
1186,11821,24026,Person,Person,False,40.0,mid_degree,True,True,both_correct,0,0,24026,24026,0.2745153605937958,0.29126253724098206,0.1531641185283661,0.2810579836368561,0.19855807721614838,0.33102214336395264,0.11077984422445297,0.3596399128437042,-0.0759572833776474,0.03975960612297058,-0.042384274303913116,0.07858192920684814
1187,10812,19918,Entity,Creative Work,True,12.0,low_degree,True,True,both_correct,0,0,19918,19918,0.2786118984222412,0.22198311984539032,0.21468710899353027,0.2847178876399994,0.2786118984222412,0.22198311984539032,0.21468710899353027,0.2847178876399994,0.0,0.0,0.0,0.0
1188,3346,22014,Person,Person,False,112.0,high_degree,True,True,both_correct,0,0,22014,22014,0.2697446048259735,0.297576904296875,0.1474483758211136,0.2852301001548767,0.19413302838802338,0.3365088105201721,0.10612282156944275,0.3632352948188782,-0.07561157643795013,0.03893190622329712,-0.04132555425167084,0.07800519466400146
1189,472,15159,Person,Person,False,102.0,high_degree,True,True,both_correct,0,0,15159,15159,0.23954574763774872,0.24384230375289917,0.2744799554347992,0.24213196337223053,0.18069463968276978,0.28901368379592896,0.20703338086605072,0.32325828075408936,-0.05885110795497894,0.045171380043029785,-0.06744657456874847,0.08112631738185883
1190,4127,21948,Creative Work,Creative Work,False,72.0,mid_degree,True,True,both_correct,0,0,21948,21948,0.32897040247917175,0.18749850988388062,0.15594860911369324,0.3275824785232544,0.1969234049320221,0.1870541125535965,0.10893099009990692,0.5070915222167969,-0.13204699754714966,-0.00044439733028411865,-0.047017619013786316,0.17950904369354248
1191,12273,23254,Creative Work,Creative Work,False,90.0,high_degree,True,True,both_correct,0,0,23254,23254,0.32891568541526794,0.19039955735206604,0.14814504981040955,0.3325396776199341,0.19591397047042847,0.1890065222978592,0.10296110063791275,0.512118399143219,-0.13300171494483948,-0.0013930350542068481,-0.045183949172496796,0.1795787215232849
1192,2640,14956,Entity,Organization,True,100.0,high_degree,False,False,both_wrong,1,1,18881,18881,0.2651423215866089,0.2054986208677292,0.26184141635894775,0.267517626285553,0.2651423215866089,0.20549863576889038,0.26184141635894775,0.26751765608787537,0.0,1.4901161193847656e-08,0.0,2.9802322387695312e-08
1193,8114,22539,Person,Person,False,24.0,low_degree,True,True,both_correct,0,0,22539,22539,0.27176469564437866,0.27419957518577576,0.17700538039207458,0.277030348777771,0.19846540689468384,0.3146376311779022,0.1292559951543808,0.35764098167419434,-0.07329928874969482,0.040438055992126465,-0.04774938523769379,0.08061063289642334
1194,5337,22962,Person,Person,False,46.0,mid_degree,True,True,both_correct,0,0,22962,22962,0.2792448103427887,0.28922873735427856,0.15186013281345367,0.27966630458831787,0.20232951641082764,0.32928210496902466,0.11003232002258301,0.3583560585975647,-0.07691529393196106,0.040053367614746094,-0.041827812790870667,0.07868975400924683
1195,9686,19701,Organization,Organization,False,23.0,low_degree,False,False,both_wrong,1,1,25689,20263,0.3005739748477936,0.21588358283042908,0.19082751870155334,0.2927149534225464,0.22654366493225098,0.18593791127204895,0.16437456011772156,0.4231439232826233,-0.0740303099155426,-0.029945671558380127,-0.026452958583831787,0.1304289698600769
1196,7804,16439,Entity,Entity,False,77.0,high_degree,True,False,harmed,0,1,16439,16438,0.30464622378349304,0.22229032218456268,0.1663943976163864,0.3066690266132355,0.30464622378349304,0.22229033708572388,0.1663943976163864,0.3066690266132355,0.0,1.4901161193847656e-08,0.0,0.0
1197,13132,19493,Place,Place,False,12.0,low_degree,True,True,both_correct,0,0,19493,19493,0.2739356756210327,0.24070623517036438,0.18655432760715485,0.29880377650260925,0.17740550637245178,0.20784027874469757,0.18120861053466797,0.43354561924934387,-0.09653016924858093,-0.03286595642566681,-0.0053457170724868774,0.13474184274673462
1198,3514,23445,Person,Person,False,84.0,high_degree,True,True,both_correct,0,0,23445,23445,0.27546799182891846,0.30372199416160583,0.14874646067619324,0.27206355333328247,0.1992338001728058,0.3451596200466156,0.1075848788022995,0.3480217158794403,-0.07623419165611267,0.041437625885009766,-0.04116158187389374,0.07595816254615784
1199,4274,22378,Entity,Entity,False,74.0,mid_degree,True,True,both_correct,0,0,22378,22378,0.30771249532699585,0.2125406712293625,0.15401867032051086,0.3257281482219696,0.30771249532699585,0.21254068613052368,0.15401867032051086,0.3257281184196472,0.0,1.4901161193847656e-08,0.0,-2.9802322387695312e-08
1200,640,23626,Person,Person,False,166.0,high_degree,True,True,both_correct,0,0,23626,23626,0.27276286482810974,0.29330649971961975,0.15064534544944763,0.2832852602005005,0.19688233733177185,0.33265548944473267,0.10873948037624359,0.3617227077484131,-0.07588052749633789,0.039348989725112915,-0.04190586507320404,0.0784374475479126
1201,10118,17464,Entity,Entity,False,51.0,mid_degree,False,False,both_wrong,1,1,15443,15443,0.16820155084133148,0.1505630910396576,0.5113561153411865,0.1698792278766632,0.16820156574249268,0.1505631059408188,0.5113561153411865,0.16987921297550201,1.4901161193847656e-08,1.4901161193847656e-08,0.0,-1.4901161193847656e-08
1202,8686,22450,Person,Person,False,72.0,mid_degree,True,True,both_correct,0,0,22450,22450,0.28119197487831116,0.2901631295681,0.15043474733829498,0.2782101333141327,0.20385625958442688,0.3305342197418213,0.10906226187944412,0.3565472364425659,-0.07733571529388428,0.040371090173721313,-0.04137248545885086,0.07833710312843323
1203,14678,18273,Place,Place,False,7.0,low_degree,True,True,both_correct,0,0,18273,18273,0.2865539789199829,0.2441529780626297,0.1755591481924057,0.29373395442962646,0.18686412274837494,0.21227814257144928,0.17171092331409454,0.42914679646492004,-0.09968985617160797,-0.03187483549118042,-0.0038482248783111572,0.13541284203529358
1204,3393,24249,Event,Creative Work,True,220.0,high_degree,False,True,rescued,3,0,26336,24249,0.31775420904159546,0.21572811901569366,0.14427143335342407,0.3222462236881256,0.31409502029418945,0.2132275253534317,0.14271578192710876,0.3299616277217865,-0.003659188747406006,-0.002500593662261963,-0.0015556514263153076,0.007715404033660889
1205,4329,25038,Organization,Organization,False,41.0,mid_degree,True,True,both_correct,0,0,25038,25038,0.29134830832481384,0.23155561089515686,0.18392767012119293,0.2931683659553528,0.21920731663703918,0.19908754527568817,0.1581544131040573,0.4235507547855377,-0.07214099168777466,-0.03246806561946869,-0.02577325701713562,0.13038238883018494
1206,855,27422,Creative Work,Creative Work,False,70.0,mid_degree,False,True,rescued,1,0,24741,27422,0.3257959187030792,0.18941251933574677,0.1548946350812912,0.3298968970775604,0.19454190135002136,0.18849755823612213,0.10791841894388199,0.5090421438217163,-0.13125401735305786,-0.0009149610996246338,-0.04697621613740921,0.17914524674415588
1207,5475,24965,Creative Work,Creative Work,False,62.0,mid_degree,True,True,both_correct,0,0,24965,24965,0.3297804594039917,0.1868446320295334,0.1573452353477478,0.3260296583175659,0.1977861374616623,0.18675892055034637,0.11011098325252533,0.5053439736366272,-0.1319943219423294,-8.571147918701172e-05,-0.04723425209522247,0.17931431531906128
1208,1764,19861,Creative Work,Creative Work,False,97.0,high_degree,True,True,both_correct,0,0,19861,19861,0.3110593259334564,0.1922929286956787,0.15376245975494385,0.34288525581359863,0.18310196697711945,0.1886432021856308,0.10561932623386383,0.5226355791091919,-0.12795735895633698,-0.0036497265100479126,-0.04814313352108002,0.17975032329559326
1209,433,17194,Person,Creative Work,True,65.0,mid_degree,True,True,both_correct,0,0,17194,17194,0.28219667077064514,0.2791120409965515,0.15490320324897766,0.2837880849838257,0.20478035509586334,0.31824740767478943,0.11240988969802856,0.36456233263015747,-0.0774163156747818,0.039135366678237915,-0.0424933135509491,0.08077424764633179
1210,1496,25035,Person,Person,False,67.0,mid_degree,True,True,both_correct,0,0,25035,25035,0.2756224274635315,0.29548123478889465,0.14860044419765472,0.28029581904411316,0.1991233378648758,0.33542102575302124,0.10735981911420822,0.35809585452079773,-0.0764990895986557,0.03993979096412659,-0.0412406250834465,0.07780003547668457
1211,9855,24590,Organization,Organization,False,35.0,mid_degree,False,False,both_wrong,13,54,17349,17349,0.303680956363678,0.22095665335655212,0.16177470982074738,0.3135877251625061,0.22608233988285065,0.18797560036182404,0.1376422643661499,0.4482998251914978,-0.07759861648082733,-0.03298105299472809,-0.024132445454597473,0.1347121000289917
1212,8947,21307,Organization,Organization,False,29.0,low_degree,True,False,harmed,0,1,21307,19207,0.2987586557865143,0.23130744695663452,0.163975328207016,0.3059585690498352,0.22333408892154694,0.1975928097963333,0.1400892585515976,0.4389837980270386,-0.07542456686496735,-0.03371463716030121,-0.023886069655418396,0.13302522897720337
1213,11165,16323,Entity,Entity,False,96.0,high_degree,True,True,both_correct,0,0,16323,16323,0.31924957036972046,0.19730909168720245,0.14326928555965424,0.34017208218574524,0.31924957036972046,0.19730909168720245,0.14326928555965424,0.34017208218574524,0.0,0.0,0.0,0.0
1214,6062,22023,Entity,Entity,False,58.0,mid_degree,True,True,both_correct,0,0,22023,22023,0.3034442067146301,0.21181060373783112,0.1749678999185562,0.30977731943130493,0.30344417691230774,0.21181060373783112,0.17496788501739502,0.30977728962898254,-2.9802322387695312e-08,0.0,-1.4901161193847656e-08,-2.9802322387695312e-08
1215,12093,18290,Organization,Organization,False,51.0,mid_degree,True,True,both_correct,0,0,18290,18290,0.30758753418922424,0.23229020833969116,0.15827412903308868,0.3018481135368347,0.23065124452114105,0.1990509331226349,0.13564032316207886,0.434657484292984,-0.07693628966808319,-0.033239275217056274,-0.022633805871009827,0.1328093707561493
1216,4106,19603,Person,Person,False,67.0,mid_degree,True,True,both_correct,0,0,19603,19603,0.24286380410194397,0.2601284980773926,0.25203123688697815,0.24497641623020172,0.18166512250900269,0.30573734641075134,0.18857361376285553,0.3240238428115845,-0.061198681592941284,0.045608848333358765,-0.06345762312412262,0.07904742658138275
1217,2419,16785,Organization,Organization,False,78.0,high_degree,True,True,both_correct,0,0,16785,16785,0.29628193378448486,0.23643061518669128,0.17158181965351105,0.2957056164741516,0.22272442281246185,0.20310156047344208,0.14740988612174988,0.4267641603946686,-0.07355751097202301,-0.03332905471324921,-0.02417193353176117,0.13105854392051697
1218,13274,27201,Person,Person,False,66.0,mid_degree,True,True,both_correct,0,0,27201,27201,0.26693782210350037,0.30264586210250854,0.15123791992664337,0.2791784107685089,0.19241155683994293,0.34277427196502686,0.10901104658842087,0.35580310225486755,-0.07452626526355743,0.04012840986251831,-0.042226873338222504,0.07662469148635864
1219,753,16668,Place,Organization,True,255.0,high_degree,True,True,both_correct,0,0,16668,16668,0.26916807889938354,0.2138897329568863,0.24905778467655182,0.26788434386253357,0.17628376185894012,0.18676842749118805,0.24465659260749817,0.3922913074493408,-0.09288431704044342,-0.027121305465698242,-0.00440119206905365,0.12440696358680725
1220,5440,23977,Organization,Organization,False,56.0,mid_degree,True,True,both_correct,0,0,23977,23977,0.31379061937332153,0.19217267632484436,0.1499524563550949,0.3440842628479004,0.22978058457374573,0.16080889105796814,0.1254928857088089,0.48391759395599365,-0.0840100347995758,-0.03136378526687622,-0.02445957064628601,0.13983333110809326
1221,13296,18629,Event,Event,False,25.0,low_degree,True,True,both_correct,0,0,18629,18629,0.2942293882369995,0.2380586862564087,0.1728944331407547,0.2948174476623535,0.29123860597610474,0.2356245219707489,0.17120206356048584,0.3019348084926605,-0.0029907822608947754,-0.00243416428565979,-0.0016923695802688599,0.007117360830307007
1222,3917,27192,Creative Work,Creative Work,False,115.0,high_degree,True,True,both_correct,0,0,27192,27192,0.32921209931373596,0.18781138956546783,0.15086153149604797,0.33211496472358704,0.19618761539459229,0.1865295022726059,0.10491780936717987,0.5123650431632996,-0.13302448391914368,-0.0012818872928619385,-0.0459437221288681,0.18025007843971252
1223,1058,26061,Creative Work,Creative Work,False,90.0,high_degree,True,True,both_correct,0,0,26061,26061,0.31701502203941345,0.1882968693971634,0.15168032050132751,0.34300777316093445,0.18695609271526337,0.1850680559873581,0.10438062250614166,0.5235952734947205,-0.13005892932415009,-0.003228813409805298,-0.04729969799518585,0.180587500333786
1224,13747,25218,Entity,Entity,False,10.0,low_degree,True,True,both_correct,0,0,25218,25218,0.2999892234802246,0.20586177706718445,0.18001645803451538,0.31413254141807556,0.2999892234802246,0.20586177706718445,0.18001645803451538,0.31413254141807556,0.0,0.0,0.0,0.0
1225,6186,16622,Organization,Organization,False,86.0,high_degree,True,True,both_correct,0,0,16622,16622,0.3091029226779938,0.22646743059158325,0.15673817694187164,0.3076915144920349,0.23104923963546753,0.1934431940317154,0.13389641046524048,0.441611111164093,-0.07805368304252625,-0.03302423655986786,-0.022841766476631165,0.1339195966720581
1226,12858,26992,Creative Work,Creative Work,False,24.0,low_degree,True,True,both_correct,0,0,26992,26992,0.29251712560653687,0.2634686231613159,0.1556103676557541,0.28840386867523193,0.17650827765464783,0.26495593786239624,0.10957329720258713,0.448962539434433,-0.11600884795188904,0.0014873147010803223,-0.04603707045316696,0.16055867075920105
1227,14441,23615,Entity,Entity,False,2.0,low_degree,False,False,both_wrong,23,20,27756,27756,0.301576167345047,0.20892561972141266,0.19226637482643127,0.2972317934036255,0.3015761971473694,0.20892563462257385,0.19226635992527008,0.2972318232059479,2.9802322387695312e-08,1.4901161193847656e-08,-1.4901161193847656e-08,2.9802322387695312e-08
1228,13592,18820,Place,Place,False,25.0,low_degree,True,True,both_correct,0,0,18820,18820,0.2853417694568634,0.2496577352285385,0.16984300315380096,0.2951574921607971,0.18591806292533875,0.21688252687454224,0.16598087549209595,0.4312185049057007,-0.09942370653152466,-0.03277520835399628,-0.003862127661705017,0.13606101274490356
1229,3272,22418,Creative Work,Creative Work,False,87.0,high_degree,True,True,both_correct,0,0,22418,22418,0.3210393786430359,0.1910868138074875,0.15745487809181213,0.3304189443588257,0.19132043421268463,0.18978603184223175,0.1094980388879776,0.5093954801559448,-0.12971894443035126,-0.0013007819652557373,-0.047956839203834534,0.17897653579711914
1230,4569,23966,Organization,Organization,False,64.0,mid_degree,False,False,both_wrong,32,9,18304,16918,0.297852486371994,0.23941603302955627,0.16632318496704102,0.2964082956314087,0.22386112809181213,0.20562535524368286,0.14286400377750397,0.42764946818351746,-0.07399135828018188,-0.03379067778587341,-0.02345918118953705,0.13124117255210876
1231,13281,17379,Place,Place,False,16.0,low_degree,True,True,both_correct,0,0,17379,17379,0.2775329649448395,0.2503153085708618,0.17810453474521637,0.29404714703559875,0.1804981231689453,0.21705450117588043,0.17373470962047577,0.4287126660346985,-0.09703484177589417,-0.033260807394981384,-0.004369825124740601,0.13466551899909973
1232,8269,20003,Organization,Organization,False,70.0,mid_degree,True,True,both_correct,0,0,20003,20003,0.32283204793930054,0.20223918557167053,0.14579008519649506,0.3291386067867279,0.23870941996574402,0.17088523507118225,0.12320050597190857,0.4672048091888428,-0.08412262797355652,-0.03135395050048828,-0.022589579224586487,0.13806620240211487
1233,13843,25170,Person,Person,False,11.0,low_degree,True,True,both_correct,0,0,25170,25170,0.27413854002952576,0.28270334005355835,0.16346541047096252,0.279692679643631,0.19920216500759125,0.32278066873550415,0.11877842247486115,0.35923877358436584,-0.07493637502193451,0.0400773286819458,-0.04468698799610138,0.07954609394073486
1234,7438,26726,Person,Person,False,88.0,high_degree,True,True,both_correct,0,0,26726,26726,0.2723526060581207,0.29187721014022827,0.1527731865644455,0.2829970419406891,0.19667242467403412,0.3311767876148224,0.11032900959253311,0.3618218004703522,-0.07568018138408661,0.039299577474594116,-0.042444176971912384,0.07882475852966309
1235,12311,25760,Organization,Organization,False,28.0,low_degree,True,True,both_correct,0,0,25760,25760,0.29729363322257996,0.22923806309700012,0.16295906901359558,0.31050923466682434,0.22155477106571198,0.19522158801555634,0.13879245519638062,0.4444311559200287,-0.07573886215686798,-0.03401647508144379,-0.024166613817214966,0.13392192125320435
1236,174,25339,Entity,Entity,False,3850.0,high_degree,False,False,both_wrong,354,260,27752,22581,0.24391275644302368,0.18981370329856873,0.13886862993240356,0.42740488052368164,0.24391275644302368,0.18981371819972992,0.13886861503124237,0.42740488052368164,0.0,1.4901161193847656e-08,-1.4901161193847656e-08,0.0
1237,11837,24801,Organization,Organization,False,24.0,low_degree,False,False,both_wrong,17,27,25787,26891,0.3082420825958252,0.21002735197544098,0.1595795750617981,0.3221510350704193,0.22845561802387238,0.17788179218769073,0.1351696401834488,0.4584929943084717,-0.07978646457195282,-0.032145559787750244,-0.024409934878349304,0.13634195923805237
1238,1978,25195,Person,Person,False,79.0,high_degree,True,True,both_correct,0,0,25195,25195,0.27542468905448914,0.29098159074783325,0.15716998279094696,0.2764236629009247,0.19976773858070374,0.33161914348602295,0.11399800330400467,0.35461506247520447,-0.0756569504737854,0.0406375527381897,-0.04317197948694229,0.07819139957427979
1239,6123,16488,Entity,Entity,False,44.0,mid_degree,True,True,both_correct,0,0,16488,16488,0.30977463722229004,0.1963823288679123,0.1426045149564743,0.35123854875564575,0.30977463722229004,0.1963823288679123,0.1426045298576355,0.35123854875564575,0.0,0.0,1.4901161193847656e-08,0.0
1240,4508,19147,Entity,Entity,False,10.0,low_degree,True,True,both_correct,0,0,19147,19147,0.28823161125183105,0.21319638192653656,0.19584207236766815,0.30272990465164185,0.28823161125183105,0.21319641172885895,0.19584208726882935,0.30272990465164185,0.0,2.9802322387695312e-08,1.4901161193847656e-08,0.0
1241,2842,27327,Creative Work,Creative Work,False,188.0,high_degree,True,True,both_correct,0,0,27327,27327,0.3215859532356262,0.184708371758461,0.15384578704833984,0.3398599326610565,0.19030095636844635,0.18216253817081451,0.10624794661998749,0.5212885737419128,-0.13128499686717987,-0.0025458335876464844,-0.047597840428352356,0.18142864108085632
1242,5907,18254,Creative Work,Creative Work,False,72.0,mid_degree,True,True,both_correct,0,0,18254,18254,0.3236260414123535,0.18985706567764282,0.1594444215297699,0.3270724415779114,0.1935969889163971,0.18928325176239014,0.11130786687135696,0.5058118104934692,-0.13002905249595642,-0.0005738139152526855,-0.04813655465841293,0.17873936891555786
1243,2898,27465,Creative Work,Creative Work,False,76.0,high_degree,True,True,both_correct,0,0,27465,27465,0.3026161193847656,0.20613515377044678,0.20504885911941528,0.2861998975276947,0.18641690909862518,0.21162979304790497,0.1473633497953415,0.45458993315696716,-0.11619921028614044,0.005494639277458191,-0.05768550932407379,0.16839003562927246
1244,4829,18570,Person,Person,False,61.0,mid_degree,True,True,both_correct,0,0,18570,18570,0.27515465021133423,0.29167208075523376,0.15217246115207672,0.2810007929801941,0.19902832806110382,0.3315002918243408,0.11006783694028854,0.3594036102294922,-0.07612632215023041,0.039828211069107056,-0.04210462421178818,0.0784028172492981
1245,4004,25755,Place,Place,False,191.0,high_degree,False,False,both_wrong,2,3,15504,15504,0.2711459696292877,0.21382397413253784,0.2488161325454712,0.26621392369270325,0.177218496799469,0.18632927536964417,0.24420487880706787,0.3922472596168518,-0.09392747282981873,-0.027494698762893677,-0.00461125373840332,0.12603333592414856
1246,5105,16238,Person,Person,False,84.0,high_degree,True,True,both_correct,0,0,16238,16238,0.24569806456565857,0.25174573063850403,0.2502911388874054,0.2522650361061096,0.18363520503044128,0.2956421971321106,0.1870810091495514,0.3336416184902191,-0.062062859535217285,0.04389646649360657,-0.063210129737854,0.0813765823841095
1247,1761,24574,Creative Work,Creative Work,False,109.0,high_degree,True,True,both_correct,0,0,24574,24574,0.3221302628517151,0.18999618291854858,0.14896060526371002,0.3389129936695099,0.1904647946357727,0.1872217357158661,0.10279195755720139,0.5195214748382568,-0.13166546821594238,-0.002774447202682495,-0.046168647706508636,0.18060848116874695
1248,4667,18998,Person,Person,False,54.0,mid_degree,True,True,both_correct,0,0,18998,18998,0.2652185261249542,0.27031606435775757,0.1963491290807724,0.2681162357330322,0.1948658972978592,0.31207165122032166,0.14425623416900635,0.348806232213974,-0.07035262882709503,0.04175558686256409,-0.05209289491176605,0.08068999648094177
1249,13776,21412,Place,Place,False,21.0,low_degree,True,True,both_correct,0,0,21412,21412,0.2839498519897461,0.25095513463020325,0.17083536088466644,0.29425960779190063,0.18506838381290436,0.21807703375816345,0.16700246930122375,0.429852157831192,-0.09888146817684174,-0.032878100872039795,-0.003832891583442688,0.13559255003929138
1250,8916,22637,Person,Person,False,53.0,mid_degree,True,True,both_correct,0,0,22637,22637,0.2787848711013794,0.2878945767879486,0.14937114715576172,0.2839494049549103,0.2016410529613495,0.32718735933303833,0.1080414205789566,0.363130122423172,-0.07714381814002991,0.03929278254508972,-0.041329726576805115,0.07918071746826172
1251,1321,24721,Organization,Organization,False,28.0,low_degree,True,True,both_correct,0,0,24721,24721,0.3054361343383789,0.2024761587381363,0.15810257196426392,0.33398517966270447,0.22470439970493317,0.17021965980529785,0.13292951881885529,0.4721464514732361,-0.08073173463344574,-0.03225649893283844,-0.02517305314540863,0.13816127181053162
1252,12389,14962,Entity,Organization,True,10.0,low_degree,True,True,both_correct,0,0,14962,14962,0.25405943393707275,0.21618539094924927,0.27396783232688904,0.25578734278678894,0.25405943393707275,0.21618540585041046,0.27396783232688904,0.25578734278678894,0.0,1.4901161193847656e-08,0.0,0.0
1253,6054,24699,Person,Person,False,59.0,mid_degree,True,True,both_correct,0,0,24699,24699,0.27640417218208313,0.2930770218372345,0.15237438678741455,0.2781444787979126,0.20012277364730835,0.33341607451438904,0.11032760888338089,0.3561335504055023,-0.07628139853477478,0.04033905267715454,-0.04204677790403366,0.07798907160758972
1254,9506,16013,Entity,Entity,False,46.0,mid_degree,True,True,both_correct,0,0,16013,16013,0.3038228750228882,0.19726844131946564,0.1425016224384308,0.3564070165157318,0.3038228750228882,0.19726845622062683,0.1425016224384308,0.3564070165157318,0.0,1.4901161193847656e-08,0.0,0.0
1255,8714,27014,Person,Person,False,16.0,low_degree,True,True,both_correct,0,0,27014,27014,0.2740806043148041,0.2883699834346771,0.16080202162265778,0.2767474055290222,0.1990058869123459,0.3289954960346222,0.1167541965842247,0.3552444875240326,-0.07507471740245819,0.04062551259994507,-0.044047825038433075,0.07849708199501038
1256,5587,22800,Place,Place,False,23.0,low_degree,True,True,both_correct,0,0,22800,22800,0.3009161353111267,0.24141667783260345,0.16461612284183502,0.2930510640144348,0.19711834192276,0.21084927022457123,0.16173672676086426,0.4302956163883209,-0.1037977933883667,-0.030567407608032227,-0.002879396080970764,0.1372445523738861
1257,2150,27190,Creative Work,Creative Work,False,103.0,high_degree,True,True,both_correct,0,0,27190,27190,0.3232990801334381,0.19027000665664673,0.14735420048236847,0.3390766978263855,0.19115988910198212,0.1874953806400299,0.10168413817882538,0.5196605920791626,-0.132139191031456,-0.0027746260166168213,-0.04567006230354309,0.1805838942527771
1258,13636,15907,Place,Place,False,21.0,low_degree,True,True,both_correct,0,0,15907,15907,0.2933657765388489,0.23892180621623993,0.1676495373249054,0.3000629246234894,0.1909569501876831,0.20735035836696625,0.16367493569850922,0.4380177855491638,-0.10240882635116577,-0.03157144784927368,-0.003974601626396179,0.13795486092567444
1259,7961,20181,Place,Place,False,28.0,low_degree,True,True,both_correct,0,0,20181,20181,0.27262362837791443,0.24750755727291107,0.1923590749502182,0.2875097393989563,0.17754031717777252,0.21490435302257538,0.1878882199525833,0.41966712474823,-0.0950833112001419,-0.03260320425033569,-0.004470854997634888,0.13215738534927368
1260,12261,17724,Place,Place,False,7.0,low_degree,False,False,both_wrong,1,1,18241,16907,0.28201302886009216,0.24487334489822388,0.18884742259979248,0.2842661738395691,0.18446946144104004,0.21356025338172913,0.1852763593196869,0.41669389605522156,-0.09754356741905212,-0.03131309151649475,-0.003571063280105591,0.13242772221565247
1261,4722,27598,Creative Work,Creative Work,False,80.0,high_degree,True,True,both_correct,0,0,27598,27598,0.3197140097618103,0.19155582785606384,0.15934258699417114,0.3293875753879547,0.19071079790592194,0.1904313862323761,0.11090772598981857,0.5079501271247864,-0.12900321185588837,-0.0011244416236877441,-0.04843486100435257,0.17856255173683167
1262,2445,16606,Person,Person,False,73.0,mid_degree,True,True,both_correct,0,0,16606,16606,0.235113725066185,0.25600436329841614,0.26107603311538696,0.2478058785200119,0.17584970593452454,0.3008580803871155,0.19525527954101562,0.32803693413734436,-0.05926401913166046,0.04485371708869934,-0.06582075357437134,0.08023105561733246
1263,12457,23239,Person,Person,False,27.0,low_degree,True,True,both_correct,0,0,23239,23239,0.2774319350719452,0.2933693528175354,0.15247468650341034,0.2767240107059479,0.20102819800376892,0.33401674032211304,0.11048676073551178,0.35446831583976746,-0.07640373706817627,0.04064738750457764,-0.04198792576789856,0.07774430513381958
1264,8792,20273,Place,Place,False,27.0,low_degree,True,True,both_correct,0,0,20273,20273,0.2924400866031647,0.24564723670482635,0.1665240079164505,0.2953886091709137,0.19090573489665985,0.21380437910556793,0.16304679214954376,0.4322430491447449,-0.10153435170650482,-0.03184285759925842,-0.0034772157669067383,0.13685443997383118
1265,565,23413,Entity,Entity,False,156.0,high_degree,False,False,both_wrong,1,1,15996,15996,0.3124235272407532,0.18866050243377686,0.2105097621679306,0.2884061336517334,0.3124235272407532,0.18866050243377686,0.2105097621679306,0.2884061336517334,0.0,0.0,0.0,0.0
1266,8376,21490,Person,Person,False,109.0,high_degree,True,True,both_correct,0,0,21490,21490,0.2761457860469818,0.2949328124523163,0.14731939136981964,0.28160199522972107,0.19934676587581635,0.3345384895801544,0.10634902119636536,0.3597657382488251,-0.07679902017116547,0.039605677127838135,-0.040970370173454285,0.078163743019104
1267,5968,18115,Person,Person,False,37.0,mid_degree,True,True,both_correct,0,0,18115,18115,0.2789798974990845,0.28248512744903564,0.16200348734855652,0.27653148770332336,0.20302586257457733,0.32301729917526245,0.11789987981319427,0.35605689883232117,-0.07595403492450714,0.04053217172622681,-0.044103607535362244,0.0795254111289978
1268,14634,15092,Creative Work,Organization,True,13.0,low_degree,True,True,both_correct,0,0,15092,15092,0.2896624803543091,0.20321892201900482,0.17873874306678772,0.32837989926338196,0.17198526859283447,0.20109131932258606,0.12381283938884735,0.5031105875968933,-0.11767721176147461,-0.002127602696418762,-0.05492590367794037,0.17473068833351135
1269,1598,16265,Entity,Entity,False,168.0,high_degree,False,False,both_wrong,47,67,15996,15996,0.2940548062324524,0.19617699086666107,0.1423894315958023,0.36737877130508423,0.2940548062324524,0.19617697596549988,0.1423894315958023,0.36737877130508423,0.0,-1.4901161193847656e-08,0.0,0.0
1270,12907,15928,Person,Person,False,31.0,low_degree,True,True,both_correct,0,0,15928,15928,0.25686436891555786,0.2743232548236847,0.20317979156970978,0.26563259959220886,0.18870872259140015,0.31666630506515503,0.1492696851491928,0.34535524249076843,-0.06815564632415771,0.04234305024147034,-0.05391010642051697,0.07972264289855957
1271,5401,26143,Event,Event,False,105.0,high_degree,False,False,both_wrong,1,2,25286,25286,0.3241001069545746,0.20175126194953918,0.14469270408153534,0.3294559121131897,0.32033586502075195,0.19939307868480682,0.1431097537279129,0.3371613025665283,-0.003764241933822632,-0.002358183264732361,-0.0015829503536224365,0.007705390453338623
1272,4847,23127,Organization,Organization,False,42.0,mid_degree,False,False,both_wrong,13,17,23904,21655,0.2977240979671478,0.21858051419258118,0.18295012414455414,0.30074524879455566,0.2232312709093094,0.18728363513946533,0.15677106380462646,0.4327140152454376,-0.07449282705783844,-0.031296879053115845,-0.026179060339927673,0.13196876645088196
1273,223,15131,Entity,Entity,False,398.0,high_degree,True,True,both_correct,0,0,15131,15131,0.3108353316783905,0.21522675454616547,0.1578555554151535,0.31608229875564575,0.3108353614807129,0.21522675454616547,0.1578555703163147,0.31608229875564575,2.9802322387695312e-08,0.0,1.4901161193847656e-08,0.0
1274,668,23393,Person,Person,False,46.0,mid_degree,True,True,both_correct,0,0,23393,23393,0.2703048586845398,0.2950175404548645,0.1541515290737152,0.2805260717868805,0.19533713161945343,0.33498963713645935,0.11139468848705292,0.3582785725593567,-0.07496772706508636,0.03997209668159485,-0.04275684058666229,0.0777525007724762
1275,8349,21780,Person,Person,False,24.0,low_degree,True,True,both_correct,0,0,21780,21780,0.2647169530391693,0.27363350987434387,0.19541695713996887,0.26623257994651794,0.19450514018535614,0.3159152865409851,0.14359109103679657,0.3459884822368622,-0.07021181285381317,0.042281776666641235,-0.0518258661031723,0.07975590229034424
1276,8905,19173,Person,Person,False,33.0,low_degree,True,True,both_correct,0,0,19173,19173,0.27310892939567566,0.2860068380832672,0.16565003991127014,0.2752342224121094,0.19863972067832947,0.3268572688102722,0.12048053741455078,0.35402244329452515,-0.07446920871734619,0.040850430727005005,-0.04516950249671936,0.07878822088241577
1277,9017,17283,Entity,Entity,False,54.0,mid_degree,True,True,both_correct,0,0,17283,17283,0.3411371111869812,0.1969003528356552,0.1432238072156906,0.318738728761673,0.3411371111869812,0.1969003528356552,0.1432238221168518,0.318738728761673,0.0,0.0,1.4901161193847656e-08,0.0
1278,7207,20702,Place,Place,False,21.0,low_degree,True,True,both_correct,0,0,20702,20702,0.2817375659942627,0.2399410605430603,0.1929314136505127,0.2853900194168091,0.18407367169857025,0.20901383459568024,0.18906161189079285,0.4178508520126343,-0.09766389429569244,-0.030927225947380066,-0.0038698017597198486,0.1324608325958252
1279,13415,23499,Organization,Organization,False,27.0,low_degree,False,True,rescued,2,0,25819,23499,0.3076017200946808,0.2144639492034912,0.1635114699602127,0.3144228160381317,0.22908511757850647,0.18251970410346985,0.13917091488838196,0.4492242634296417,-0.07851660251617432,-0.03194424510002136,-0.02434055507183075,0.13480144739151
1280,11008,18041,Person,Person,False,80.0,high_degree,True,True,both_correct,0,0,18041,18041,0.27492696046829224,0.29039105772972107,0.15048377215862274,0.28419825434684753,0.19859613478183746,0.3296007513999939,0.10870718955993652,0.36309587955474854,-0.07633082568645477,0.03920969367027283,-0.04177658259868622,0.078897625207901
1281,7192,17047,Creative Work,Creative Work,False,62.0,mid_degree,True,True,both_correct,0,0,17047,17047,0.32068973779678345,0.18955247104167938,0.15425677597522736,0.3355009853839874,0.19051575660705566,0.18767453730106354,0.10692431777715683,0.514885425567627,-0.13017398118972778,-0.0018779337406158447,-0.047332458198070526,0.17938444018363953
1282,11514,27025,Person,Person,False,13.0,low_degree,True,True,both_correct,0,0,27025,27025,0.27007147669792175,0.287974089384079,0.16164705157279968,0.2803073525428772,0.1957273632287979,0.32792797684669495,0.11714807897806168,0.3591965436935425,-0.07434411346912384,0.03995388746261597,-0.04449897259473801,0.07888919115066528
1283,14764,25668,Entity,Organization,True,4.0,low_degree,False,False,both_wrong,176,221,23169,23169,0.28805994987487793,0.2075226604938507,0.2061338871717453,0.29828351736068726,0.28805992007255554,0.20752264559268951,0.2061339020729065,0.29828351736068726,-2.9802322387695312e-08,-1.4901161193847656e-08,1.4901161193847656e-08,0.0
1284,12598,23381,Entity,Organization,True,4.0,low_degree,False,False,both_wrong,12,23,19799,19799,0.29830577969551086,0.21063490211963654,0.1854269802570343,0.3056323826313019,0.2983057498931885,0.21063488721847534,0.1854269802570343,0.3056323826313019,-2.9802322387695312e-08,-1.4901161193847656e-08,0.0,0.0
1285,4632,17303,Place,Place,False,147.0,high_degree,True,True,both_correct,0,0,17303,17303,0.26028111577033997,0.23397961258888245,0.2504507899284363,0.2552884817123413,0.1710054725408554,0.20495855808258057,0.2468000203371048,0.37723588943481445,-0.08927564322948456,-0.02902105450630188,-0.003650769591331482,0.12194740772247314
1286,3824,16325,Entity,Entity,False,36.0,mid_degree,True,True,both_correct,0,0,16325,16325,0.32510530948638916,0.1989840716123581,0.1452532261610031,0.3306574523448944,0.32510530948638916,0.1989840716123581,0.1452532261610031,0.3306574523448944,0.0,0.0,0.0,0.0
1287,8695,18281,Place,Place,False,46.0,mid_degree,True,True,both_correct,0,0,18281,18281,0.25877901911735535,0.23111404478549957,0.2509442865848541,0.25916263461112976,0.16965754330158234,0.2020193636417389,0.246760293841362,0.3815627694129944,-0.08912147581577301,-0.02909468114376068,-0.0041839927434921265,0.12240013480186462
1288,2602,20724,Place,Place,False,8.0,low_degree,True,True,both_correct,0,0,20724,20724,0.26573628187179565,0.2284703105688095,0.19131258130073547,0.31448087096214294,0.17014384269714355,0.19503778219223022,0.18372277915477753,0.4510956108570099,-0.0955924391746521,-0.033432528376579285,-0.007589802145957947,0.13661473989486694
1289,11334,20470,Entity,Entity,False,52.0,mid_degree,False,False,both_wrong,59,53,17335,17335,0.31203365325927734,0.19656531512737274,0.15606513619422913,0.3353358805179596,0.31203365325927734,0.19656531512737274,0.15606513619422913,0.3353358805179596,0.0,0.0,0.0,0.0
1290,6866,17659,Person,Creative Work,True,53.0,mid_degree,True,True,both_correct,0,0,17659,17659,0.285323828458786,0.2698172330856323,0.15294772386550903,0.29191121459007263,0.20693427324295044,0.3074784278869629,0.1109309270977974,0.37465640902519226,-0.07838955521583557,0.037661194801330566,-0.04201679676771164,0.08274519443511963
1291,5469,27121,Creative Work,Creative Work,False,85.0,high_degree,True,True,both_correct,0,0,27121,27121,0.32115840911865234,0.190291166305542,0.1548241674900055,0.3337262272834778,0.19098083674907684,0.18858984112739563,0.10743846744298935,0.5129908323287964,-0.1301775723695755,-0.0017013251781463623,-0.047385700047016144,0.1792646050453186
1292,12103,22273,Person,Person,False,44.0,mid_degree,True,True,both_correct,0,0,22273,22273,0.278233140707016,0.28992125391960144,0.15307685732841492,0.27876877784729004,0.201666459441185,0.3301851451396942,0.11095081269741058,0.35719752311706543,-0.076566681265831,0.04026389122009277,-0.042126044631004333,0.07842874526977539
1293,5061,15364,Organization,Organization,False,111.0,high_degree,True,True,both_correct,0,0,15364,15364,0.3041576147079468,0.23695577681064606,0.14951591193675995,0.30937066674232483,0.2269885092973709,0.2020776867866516,0.1275220513343811,0.4434117078781128,-0.07716910541057587,-0.034878090023994446,-0.021993860602378845,0.13404104113578796
1294,7506,24456,Organization,Organization,False,34.0,mid_degree,True,True,both_correct,0,0,24456,24456,0.3020993769168854,0.2323281168937683,0.15692147612571716,0.3086510896682739,0.2255830615758896,0.198246568441391,0.13391561806201935,0.4422547221183777,-0.07651631534099579,-0.03408154845237732,-0.023005858063697815,0.13360363245010376
1295,2693,17398,Entity,Entity,False,90.0,high_degree,True,True,both_correct,0,0,17398,17398,0.31384652853012085,0.1962132602930069,0.14645475149154663,0.3434854745864868,0.31384652853012085,0.1962132602930069,0.14645475149154663,0.3434854745864868,0.0,0.0,0.0,0.0
1296,9010,25977,Organization,Organization,False,30.0,low_degree,True,True,both_correct,0,0,25977,25977,0.30031582713127136,0.2211003452539444,0.17096002399921417,0.30762386322021484,0.2243073284626007,0.1887127161026001,0.14593259990215302,0.4410473108291626,-0.07600849866867065,-0.0323876291513443,-0.025027424097061157,0.13342344760894775
1297,4949,16227,Person,Person,False,61.0,mid_degree,True,True,both_correct,0,0,16227,16227,0.24081771075725555,0.25683921575546265,0.25323399901390076,0.24910907447338104,0.17995432019233704,0.30156850814819336,0.18924172222614288,0.3292354941368103,-0.06086339056491852,0.04472929239273071,-0.06399227678775787,0.08012641966342926
1298,9044,27430,Person,Person,False,93.0,high_degree,False,True,rescued,1,0,27303,27430,0.27250027656555176,0.2987205386161804,0.15182051062583923,0.276958703994751,0.19699451327323914,0.3393167555332184,0.10975240170955658,0.3539363443851471,-0.07550576329231262,0.040596216917037964,-0.042068108916282654,0.07697764039039612
1299,2579,18449,Event,Event,False,40.0,mid_degree,True,True,both_correct,0,0,18449,18449,0.29255783557891846,0.2362832874059677,0.16317898035049438,0.30797991156578064,0.28944727778434753,0.23375672101974487,0.16151641309261322,0.3152795732021332,-0.003110557794570923,-0.0025265663862228394,-0.0016625672578811646,0.007299661636352539
1300,7114,18247,Person,Person,False,80.0,high_degree,True,True,both_correct,0,0,18247,18247,0.2723260819911957,0.2995893061161041,0.14870937168598175,0.27937522530555725,0.196485236287117,0.33963972330093384,0.10730374604463577,0.3565712869167328,-0.07584084570407867,0.04005041718482971,-0.04140562564134598,0.07719606161117554
1301,7858,21717,Person,Person,False,43.0,mid_degree,True,True,both_correct,0,0,21717,21717,0.2723418176174164,0.2893407642841339,0.16253407299518585,0.27578336000442505,0.19770492613315582,0.33003804087638855,0.11799054592847824,0.354266494512558,-0.07463689148426056,0.04069727659225464,-0.04454352706670761,0.07848313450813293
1302,7225,19969,Place,Place,False,28.0,low_degree,True,True,both_correct,0,0,19969,19969,0.284712553024292,0.245735764503479,0.19145989418029785,0.27809181809425354,0.18692880868911743,0.2151104211807251,0.18853865563869476,0.4094221293926239,-0.09778374433517456,-0.030625343322753906,-0.0029212385416030884,0.13133031129837036
1303,14559,24977,Place,Place,False,10.0,low_degree,False,True,rescued,1,0,17060,24977,0.2952616214752197,0.23504668474197388,0.17909930646419525,0.29059240221977234,0.19315871596336365,0.20501458644866943,0.1757337599992752,0.42609286308288574,-0.10210290551185608,-0.030032098293304443,-0.003365546464920044,0.1355004608631134
1304,12433,22024,Place,Place,False,18.0,low_degree,True,True,both_correct,0,0,22024,22024,0.29707926511764526,0.23479850590229034,0.17567478120326996,0.29244741797447205,0.19419632852077484,0.20463812351226807,0.1722385287284851,0.42892709374427795,-0.10288293659687042,-0.030160382390022278,-0.003436252474784851,0.1364796757698059
1305,7941,17976,Organization,Organization,False,87.0,high_degree,True,True,both_correct,0,0,17976,17976,0.2608933746814728,0.20601728558540344,0.14199185371398926,0.3910974860191345,0.1846611648797989,0.16663414239883423,0.11486122757196426,0.533843457698822,-0.07623220980167389,-0.039383143186569214,-0.027130626142024994,0.1427459716796875
1306,2575,22902,Person,Person,False,71.0,mid_degree,True,True,both_correct,0,0,22902,22902,0.27994459867477417,0.2859160602092743,0.1516239494085312,0.28251537680625916,0.202776700258255,0.32541388273239136,0.10982811450958252,0.3619813621044159,-0.07716789841651917,0.039497822523117065,-0.04179583489894867,0.07946598529815674
1307,1605,18304,Organization,Organization,False,78.0,high_degree,True,True,both_correct,0,0,18304,18304,0.3030214309692383,0.2443067729473114,0.15116888284683228,0.30150291323661804,0.22712677717208862,0.20925503969192505,0.129494309425354,0.4341239333152771,-0.07589465379714966,-0.03505173325538635,-0.02167457342147827,0.13262102007865906
1308,3447,17541,Event,Event,False,76.0,high_degree,False,False,both_wrong,57,40,14966,14966,0.2917299270629883,0.20484483242034912,0.1444341540336609,0.35899102687835693,0.28801578283309937,0.20222175121307373,0.14269940555095673,0.367063045501709,-0.003714144229888916,-0.0026230812072753906,-0.0017347484827041626,0.00807201862335205
1309,2297,27479,Person,Person,False,106.0,high_degree,False,False,both_wrong,6,11,23884,22008,0.27538368105888367,0.3030906021595001,0.1496163010597229,0.2719093859195709,0.19932252168655396,0.3447018265724182,0.1082974225282669,0.3476783037185669,-0.07606115937232971,0.04161122441291809,-0.041318878531455994,0.07576891779899597
1310,14052,26915,Person,Person,False,11.0,low_degree,True,True,both_correct,0,0,26915,26915,0.2732665538787842,0.28586480021476746,0.15780514478683472,0.28306353092193604,0.19790929555892944,0.32530608773231506,0.11428385972976685,0.36250075697898865,-0.07535725831985474,0.03944128751754761,-0.04352128505706787,0.07943722605705261
1311,9370,24081,Organization,Organization,False,36.0,mid_degree,False,False,both_wrong,9,4,18511,18511,0.30924198031425476,0.2287408411502838,0.16015267372131348,0.30186453461647034,0.23192067444324493,0.19603335857391357,0.13726724684238434,0.43477869033813477,-0.07732130587100983,-0.03270748257637024,-0.022885426878929138,0.13291415572166443
1312,7130,19466,Place,Place,False,77.0,high_degree,False,True,rescued,1,0,17390,19466,0.2823505401611328,0.2580837309360504,0.16417208313941956,0.2953936457633972,0.18399909138679504,0.2242390364408493,0.16046515107154846,0.4312966763973236,-0.09835144877433777,-0.03384469449520111,-0.0037069320678710938,0.1359030306339264
1313,13300,19981,Place,Place,False,6.0,low_degree,False,False,both_wrong,76,48,25416,18530,0.28496456146240234,0.2380487024784088,0.17772236466407776,0.2992643713951111,0.18512864410877228,0.20619212090969086,0.17317278683185577,0.43550652265548706,-0.09983591735363007,-0.03185658156871796,-0.004549577832221985,0.13624215126037598
1314,11665,26791,Place,Place,False,47.0,mid_degree,True,False,harmed,0,1,26791,23245,0.28838086128234863,0.24986182153224945,0.16424086689949036,0.29751643538475037,0.1879405975341797,0.2171078771352768,0.16054187715053558,0.43440961837768555,-0.10044026374816895,-0.032753944396972656,-0.003698989748954773,0.13689318299293518
1315,8476,16799,Place,Place,False,29.0,low_degree,True,True,both_correct,0,0,16799,16799,0.2834957540035248,0.25937965512275696,0.16933108866214752,0.28779345750808716,0.1854608803987503,0.2262372523546219,0.1661481112241745,0.4221538007259369,-0.09803487360477448,-0.03314240276813507,-0.0031829774379730225,0.13436034321784973
1316,6002,18309,Organization,Organization,False,84.0,high_degree,True,True,both_correct,0,0,18309,18309,0.3010524809360504,0.2417459785938263,0.14653390645980835,0.31066760420799255,0.2243572473526001,0.20587404072284698,0.12480400502681732,0.4449647068977356,-0.07669523358345032,-0.03587193787097931,-0.021729901432991028,0.13429710268974304
1317,3275,25235,Organization,Organization,False,36.0,mid_degree,True,True,both_correct,0,0,25235,25235,0.31049424409866333,0.20177848637104034,0.15681962668895721,0.3309076130390167,0.2290322482585907,0.17008398473262787,0.13220123946666718,0.46868255734443665,-0.08146199584007263,-0.031694501638412476,-0.02461838722229004,0.13777494430541992
1318,1642,27270,Creative Work,Creative Work,False,141.0,high_degree,True,True,both_correct,0,0,27270,27270,0.32837751507759094,0.1863613873720169,0.1546325832605362,0.33062857389450073,0.19591544568538666,0.18530188500881195,0.10766655206680298,0.5111161470413208,-0.13246206939220428,-0.001059502363204956,-0.046966031193733215,0.18048757314682007
1319,6930,17323,Person,Person,False,93.0,high_degree,True,True,both_correct,0,0,17323,17323,0.2739676535129547,0.2936095595359802,0.1475221812725067,0.28490063548088074,0.19754764437675476,0.3326554596424103,0.10637865215539932,0.3634182810783386,-0.07642000913619995,0.039045900106430054,-0.04114352911710739,0.07851764559745789
1320,4570,22778,Person,Person,False,105.0,high_degree,True,True,both_correct,0,0,22778,22778,0.27199316024780273,0.296565979719162,0.15282975137233734,0.27861109375953674,0.1966065764427185,0.3368319571018219,0.1104721650481224,0.356089323759079,-0.07538658380508423,0.04026597738265991,-0.042357586324214935,0.07747822999954224
1321,9739,27744,Entity,Event,True,102.0,high_degree,False,False,both_wrong,3,3,27782,27728,0.36981436610221863,0.19352416694164276,0.14343006908893585,0.29323142766952515,0.36981436610221863,0.19352416694164276,0.14343006908893585,0.29323142766952515,0.0,0.0,0.0,0.0
1322,4734,27510,Event,Event,False,116.0,high_degree,False,False,both_wrong,40,38,23969,25915,0.2974795401096344,0.21548642218112946,0.17942267656326294,0.3076113760471344,0.294319748878479,0.21318286657333374,0.17759324610233307,0.31490418314933777,-0.0031597912311553955,-0.0023035556077957153,-0.0018294304609298706,0.007292807102203369
1323,4182,22048,Person,Person,False,65.0,mid_degree,True,True,both_correct,0,0,22048,22048,0.2846410870552063,0.28774499893188477,0.15034224092960358,0.27727165818214417,0.2066415697336197,0.32823091745376587,0.10914336889982224,0.3559841215610504,-0.07799951732158661,0.040485918521881104,-0.04119887202978134,0.07871246337890625
1324,12989,20125,Entity,Entity,False,14.0,low_degree,True,True,both_correct,0,0,20125,20125,0.29272639751434326,0.20534992218017578,0.16576004028320312,0.33616361021995544,0.29272639751434326,0.20534993708133698,0.16576004028320312,0.33616361021995544,0.0,1.4901161193847656e-08,0.0,0.0
1325,12027,15074,Person,Person,False,50.0,mid_degree,True,True,both_correct,0,0,15074,15074,0.26643988490104675,0.2760809063911438,0.18530230224132538,0.2721768915653229,0.19498446583747864,0.31746140122413635,0.1356050670146942,0.3519490361213684,-0.07145541906356812,0.041380494832992554,-0.049697235226631165,0.07977214455604553
1326,3416,19168,Person,Person,False,84.0,high_degree,True,True,both_correct,0,0,19168,19168,0.2560115158557892,0.27340978384017944,0.21499137580394745,0.2555873394012451,0.18918216228485107,0.3174574673175812,0.15886788070201874,0.3344924747943878,-0.06682935357093811,0.04404768347740173,-0.05612349510192871,0.0789051353931427
1327,1822,16504,Person,Person,False,68.0,mid_degree,True,True,both_correct,0,0,16504,16504,0.270049124956131,0.2986985146999359,0.15309806168079376,0.27815428376197815,0.19504912197589874,0.33898839354515076,0.11057769507169724,0.3553847372531891,-0.07500000298023224,0.040289878845214844,-0.04252036660909653,0.07723045349121094
1328,4825,18724,Person,Person,False,58.0,mid_degree,True,True,both_correct,0,0,18724,18724,0.2586662173271179,0.2716236412525177,0.21026991307735443,0.25944027304649353,0.19090701639652252,0.3149929344654083,0.15519188344478607,0.3389081358909607,-0.0677592009305954,0.043369293212890625,-0.05507802963256836,0.07946786284446716
1329,5923,22492,Person,Person,False,81.0,high_degree,True,True,both_correct,0,0,22492,22492,0.27628016471862793,0.2936287522315979,0.15340420603752136,0.2766868472099304,0.2001345455646515,0.33421245217323303,0.11111743748188019,0.35453563928604126,-0.07614561915397644,0.04058369994163513,-0.042286768555641174,0.07784879207611084
1330,11020,15617,Entity,Entity,False,20.0,low_degree,True,False,harmed,0,1,15617,17641,0.3082660734653473,0.20606617629528046,0.16440235078334808,0.32126542925834656,0.3082660734653473,0.20606617629528046,0.16440235078334808,0.32126542925834656,0.0,0.0,0.0,0.0
1331,138,15443,Entity,Entity,False,7827.0,high_degree,True,True,both_correct,0,0,15443,15443,0.12299501895904541,0.20278452336788177,0.5512254238128662,0.12299501895904541,0.1229950338602066,0.20278452336788177,0.5512253642082214,0.1229950338602066,1.4901161193847656e-08,0.0,-5.960464477539063e-08,1.4901161193847656e-08
1332,6197,18342,Person,Person,False,113.0,high_degree,True,True,both_correct,0,0,18342,18342,0.2698051929473877,0.2956691086292267,0.15153717994689941,0.2829885482788086,0.1945943534374237,0.3350718021392822,0.10929035395383835,0.3610435128211975,-0.07521083950996399,0.03940269351005554,-0.042246825993061066,0.07805496454238892
1333,1802,17484,Entity,Entity,False,498.0,high_degree,True,True,both_correct,0,0,17484,17484,0.34557780623435974,0.1946568489074707,0.14242435991764069,0.31734099984169006,0.34557780623435974,0.1946568489074707,0.14242435991764069,0.3173409700393677,0.0,0.0,0.0,-2.9802322387695312e-08
1334,2346,24266,Creative Work,Creative Work,False,76.0,high_degree,True,True,both_correct,0,0,24266,24266,0.32743537425994873,0.18624435365200043,0.15390418469905853,0.3324161469936371,0.19523224234580994,0.18507103621959686,0.10707763582468033,0.5126190781593323,-0.1322031319141388,-0.0011733174324035645,-0.046826548874378204,0.1802029311656952
1335,13199,18153,Person,Person,False,36.0,mid_degree,True,True,both_correct,0,0,18153,18153,0.2775847911834717,0.2889308035373688,0.15727625787258148,0.27620816230773926,0.20154646039009094,0.3296287953853607,0.11419598758220673,0.3546287715435028,-0.07603833079338074,0.04069799184799194,-0.043080270290374756,0.07842060923576355
1336,13649,20632,Place,Place,False,24.0,low_degree,True,True,both_correct,0,0,20632,20632,0.29480186104774475,0.23774667084217072,0.16356803476810455,0.30388343334198,0.19164350628852844,0.2060634195804596,0.1594836264848709,0.44280940294265747,-0.10315835475921631,-0.03168325126171112,-0.004084408283233643,0.1389259696006775
1337,8630,24141,Entity,Creative Work,True,102.0,high_degree,False,False,both_wrong,17,40,20125,24693,0.31874245405197144,0.19555245339870453,0.14300182461738586,0.342703253030777,0.3187424838542938,0.19555245339870453,0.14300182461738586,0.342703253030777,2.9802322387695312e-08,0.0,0.0,0.0
1338,3686,24608,Person,Person,False,53.0,mid_degree,True,True,both_correct,0,0,24608,24608,0.2768515348434448,0.2888985574245453,0.1551523208618164,0.2790975272655487,0.20071540772914886,0.3291030526161194,0.11248745769262314,0.3576941192150116,-0.07613612711429596,0.0402044951915741,-0.04266486316919327,0.07859659194946289
1339,11430,25178,Person,Person,False,14.0,low_degree,True,True,both_correct,0,0,25178,25178,0.2758413553237915,0.2892772853374481,0.15839233994483948,0.2764890491962433,0.20024438202381134,0.3299649655818939,0.1149836927652359,0.35480692982673645,-0.07559697329998016,0.0406876802444458,-0.04340864717960358,0.07831788063049316
1340,2590,17059,Organization,Organization,False,64.0,mid_degree,True,True,both_correct,0,0,17059,17059,0.2903617322444916,0.23809897899627686,0.17822878062725067,0.2933105528354645,0.21844066679477692,0.20469091832637787,0.15323716402053833,0.4236312508583069,-0.07192106544971466,-0.03340806066989899,-0.02499161660671234,0.1303206980228424
1341,10742,27102,Place,Place,False,81.0,high_degree,True,True,both_correct,0,0,27102,27102,0.29934778809547424,0.24569903314113617,0.15442132949829102,0.300531804561615,0.19548816978931427,0.21393045783042908,0.1512535810470581,0.43932780623435974,-0.10385961830615997,-0.03176857531070709,-0.00316774845123291,0.13879600167274475
1342,4480,24917,Person,Person,False,97.0,high_degree,True,True,both_correct,0,0,24917,24917,0.27590158581733704,0.2929615378379822,0.14680065214633942,0.2843362092971802,0.19902952015399933,0.33206605911254883,0.10590983927249908,0.36299461126327515,-0.07687206566333771,0.03910452127456665,-0.04089081287384033,0.07865840196609497
1343,8412,26573,Person,Person,False,19.0,low_degree,True,True,both_correct,0,0,26573,26573,0.2751913368701935,0.2870599329471588,0.16007910668849945,0.27766963839530945,0.19981737434864044,0.3275090754032135,0.1162300556898117,0.35644349455833435,-0.07537396252155304,0.04044914245605469,-0.043849050998687744,0.0787738561630249
1344,10907,17375,Entity,Entity,False,73.0,mid_degree,False,False,both_wrong,6,10,15456,15456,0.27149760723114014,0.20691365003585815,0.24848239123821259,0.27310633659362793,0.27149757742881775,0.20691365003585815,0.24848239123821259,0.2731063663959503,-2.9802322387695312e-08,0.0,0.0,2.9802322387695312e-08
1345,5053,24511,Creative Work,Creative Work,False,87.0,high_degree,True,True,both_correct,0,0,24511,24511,0.32735851407051086,0.18781796097755432,0.15511751174926758,0.32970598340034485,0.19552354514598846,0.1869567632675171,0.10812018066644669,0.5093995332717896,-0.1318349689245224,-0.0008611977100372314,-0.04699733108282089,0.1796935498714447
1346,9912,21893,Entity,Entity,False,37.0,mid_degree,True,True,both_correct,0,0,21893,21893,0.3175000250339508,0.2020193636417389,0.15831297636032104,0.32216763496398926,0.3175000250339508,0.2020193636417389,0.15831296145915985,0.32216760516166687,0.0,0.0,-1.4901161193847656e-08,-2.9802322387695312e-08
1347,12829,25173,Person,Person,False,40.0,mid_degree,False,False,both_wrong,1,1,25678,22388,0.27668818831443787,0.2854461371898651,0.15707062184810638,0.2807950973510742,0.20070518553256989,0.32534557580947876,0.11393477022647858,0.3600144386291504,-0.07598300278186798,0.03989943861961365,-0.04313585162162781,0.07921934127807617
1348,12506,23890,Place,Place,False,20.0,low_degree,False,False,both_wrong,7,37,19071,19071,0.2973687946796417,0.2407212257385254,0.16299764811992645,0.29891231656074524,0.19396811723709106,0.2093495875597,0.1594667285680771,0.43721553683280945,-0.10340067744255066,-0.03137163817882538,-0.0035309195518493652,0.1383032202720642
1349,5668,25594,Organization,Organization,False,30.0,low_degree,True,True,both_correct,0,0,25594,25594,0.2906371057033539,0.23445330560207367,0.16834726929664612,0.30656230449676514,0.216958686709404,0.19999925792217255,0.1436232030391693,0.43941885232925415,-0.07367841899394989,-0.03445404767990112,-0.024724066257476807,0.132856547832489
1350,11636,25427,Creative Work,Creative Work,False,14.0,low_degree,True,True,both_correct,0,0,25427,25427,0.2717568278312683,0.2558192312717438,0.19843940436840057,0.27398452162742615,0.1659926176071167,0.2604180574417114,0.1414249688386917,0.43216434121131897,-0.10576421022415161,0.004598826169967651,-0.05701443552970886,0.15817981958389282
1351,7460,21634,Person,Person,False,97.0,high_degree,True,True,both_correct,0,0,21634,21634,0.253129780292511,0.2922091484069824,0.14776962995529175,0.30689141154289246,0.18035878241062164,0.32714107632637024,0.105293408036232,0.3872067332267761,-0.07277099788188934,0.03493192791938782,-0.04247622191905975,0.08031532168388367
1352,6900,20968,Person,Person,False,37.0,mid_degree,True,True,both_correct,0,0,20968,20968,0.2813478708267212,0.2872050106525421,0.15319155156612396,0.2782556116580963,0.2041948288679123,0.32752513885498047,0.11118635535240173,0.3570936918258667,-0.0771530419588089,0.040320128202438354,-0.04200519621372223,0.07883808016777039
1353,6259,16998,Person,Creative Work,True,73.0,mid_degree,True,True,both_correct,0,0,16998,16998,0.27935418486595154,0.2813458740711212,0.14683179557323456,0.29246819019317627,0.20151987671852112,0.3188987374305725,0.10592284798622131,0.37365853786468506,-0.07783430814743042,0.037552863359451294,-0.040908947587013245,0.08119034767150879
1354,7996,16515,Person,Person,False,35.0,mid_degree,True,True,both_correct,0,0,16515,16515,0.2702508270740509,0.285780131816864,0.16465917229652405,0.2793098986148834,0.19614648818969727,0.3259098529815674,0.11950108408927917,0.35844266414642334,-0.07410433888435364,0.04012972116470337,-0.04515808820724487,0.07913276553153992
1355,9118,18576,Person,Creative Work,True,86.0,high_degree,True,True,both_correct,0,0,18576,18576,0.2854776680469513,0.2674413323402405,0.1484106332063675,0.29867038130760193,0.20642609894275665,0.30385822057724,0.10731596499681473,0.3823997378349304,-0.07905156910419464,0.03641688823699951,-0.041094668209552765,0.08372935652732849
1356,1896,18931,Person,Person,False,35.0,mid_degree,True,True,both_correct,0,0,18931,18931,0.2764400541782379,0.28602835536003113,0.15673622488975525,0.2807953357696533,0.20042867958545685,0.3258519470691681,0.11363209038972855,0.3600873053073883,-0.07601137459278107,0.03982359170913696,-0.0431041345000267,0.07929196953773499
1357,3858,27341,Creative Work,Creative Work,False,80.0,high_degree,False,True,rescued,1,0,27468,27341,0.3170304298400879,0.18787173926830292,0.15859739482402802,0.3365004062652588,0.18810293078422546,0.1857742965221405,0.10979930311441422,0.5163235068321228,-0.12892749905586243,-0.0020974427461624146,-0.0487980917096138,0.179823100566864
1358,13137,26857,Entity,Place,True,22.0,low_degree,True,True,both_correct,0,0,26857,26857,0.2704423666000366,0.20519445836544037,0.2566918134689331,0.2676713168621063,0.270442396402359,0.20519444346427917,0.2566918134689331,0.2676713466644287,2.9802322387695312e-08,-1.4901161193847656e-08,0.0,2.9802322387695312e-08
1359,14741,15788,Entity,Entity,False,4.0,low_degree,True,True,both_correct,0,0,15788,15788,0.3167538642883301,0.21338717639446259,0.16317051649093628,0.30668842792510986,0.3167538344860077,0.21338720619678497,0.16317050158977509,0.30668845772743225,-2.9802322387695312e-08,2.9802322387695312e-08,-1.4901161193847656e-08,2.9802322387695312e-08
1360,2306,21958,Place,Organization,True,70.0,mid_degree,True,True,both_correct,0,0,21958,21958,0.3016522228717804,0.24494872987270355,0.15183839201927185,0.301560640335083,0.1968565732240677,0.21312810480594635,0.148621067404747,0.44139426946640015,-0.10479564964771271,-0.0318206250667572,-0.0032173246145248413,0.13983362913131714
1361,7238,19652,Entity,Entity,False,24.0,low_degree,True,True,both_correct,0,0,19652,19652,0.2992671728134155,0.21903017163276672,0.16666197776794434,0.3150406777858734,0.2992671728134155,0.21903017163276672,0.16666197776794434,0.3150406777858734,0.0,0.0,0.0,0.0
1362,9011,23969,Entity,Creative Work,True,72.0,mid_degree,False,False,both_wrong,204,183,25277,22654,0.31016644835472107,0.20502102375030518,0.16931578516960144,0.3154967129230499,0.31016647815704346,0.20502103865146637,0.16931580007076263,0.3154967427253723,2.9802322387695312e-08,1.4901161193847656e-08,1.4901161193847656e-08,2.9802322387695312e-08
1363,14544,18170,Event,Event,False,8.0,low_degree,False,False,both_wrong,343,237,17866,17866,0.2846437990665436,0.21213525533676147,0.20914790034294128,0.29407304525375366,0.2817976176738739,0.21000130474567413,0.20712891221046448,0.3010721504688263,-0.0028461813926696777,-0.0021339505910873413,-0.0020189881324768066,0.006999105215072632
1364,13033,22497,Creative Work,Creative Work,False,62.0,mid_degree,False,True,rescued,1,0,24418,22497,0.27809610962867737,0.25990861654281616,0.18086934089660645,0.28112587332725525,0.1687564104795456,0.26285526156425476,0.12806345522403717,0.4403248131275177,-0.10933969914913177,0.0029466450214385986,-0.052805885672569275,0.15919893980026245
1365,2997,24342,Organization,Organization,False,55.0,mid_degree,True,True,both_correct,0,0,24342,24342,0.3071262538433075,0.1994618922472,0.15260440111160278,0.34080740809440613,0.22515986859798431,0.16710086166858673,0.127859428524971,0.47987979650497437,-0.08196638524532318,-0.03236103057861328,-0.024744972586631775,0.13907238841056824
1366,11830,17706,Place,Place,False,25.0,low_degree,True,True,both_correct,0,0,17706,17706,0.29049402475357056,0.25088486075401306,0.16276989877223969,0.2958512008190155,0.18949958682060242,0.2182065099477768,0.15925690531730652,0.4330369532108307,-0.10099443793296814,-0.03267835080623627,-0.0035129934549331665,0.13718575239181519
1367,14297,27264,Person,Person,False,18.0,low_degree,False,False,both_wrong,2,1,27172,27172,0.27701517939567566,0.2787354588508606,0.16238835453987122,0.28186094760894775,0.2013791799545288,0.3183872103691101,0.11804564297199249,0.36218804121017456,-0.07563599944114685,0.03965175151824951,-0.04434271156787872,0.0803270936012268
1368,2420,21095,Person,Person,False,233.0,high_degree,True,True,both_correct,0,0,21095,21095,0.2765757143497467,0.29517388343811035,0.14755797386169434,0.2806923985481262,0.19979320466518402,0.33504027128219604,0.10659370571374893,0.3585728108882904,-0.07678250968456268,0.03986638784408569,-0.040964268147945404,0.07788041234016418
1369,9684,26063,Organization,Organization,False,26.0,low_degree,True,True,both_correct,0,0,26063,26063,0.3224050998687744,0.19879736006259918,0.16139400005340576,0.31740349531173706,0.24003668129444122,0.16913475096225739,0.13732685148715973,0.45350170135498047,-0.08236841857433319,-0.029662609100341797,-0.024067148566246033,0.1360982060432434
1370,13159,24468,Organization,Organization,False,33.0,low_degree,False,False,both_wrong,1,1,23299,23299,0.304738849401474,0.22755314409732819,0.16572979092597961,0.3019781708717346,0.2284238487482071,0.19491347670555115,0.1419731229543686,0.4346894919872284,-0.0763150006532669,-0.03263966739177704,-0.023756667971611023,0.13271132111549377
1371,7461,18594,Organization,Organization,False,30.0,low_degree,True,True,both_correct,0,0,18594,18594,0.2995660603046417,0.2234097123146057,0.17207278311252594,0.3049514591693878,0.22408820688724518,0.1909744143486023,0.14710623025894165,0.43783116340637207,-0.07547785341739655,-0.03243529796600342,-0.02496655285358429,0.13287970423698425
1372,5292,18679,Person,Person,False,125.0,high_degree,True,True,both_correct,0,0,18679,18679,0.25420257449150085,0.24858395755290985,0.249989315867424,0.2472241371870041,0.1910068541765213,0.29349401593208313,0.18800076842308044,0.3274983763694763,-0.06319572031497955,0.04491005837917328,-0.06198854744434357,0.08027423918247223
1373,11734,20088,Place,Place,False,14.0,low_degree,True,True,both_correct,0,0,20088,20088,0.25572896003723145,0.2286425083875656,0.1912856549024582,0.32434290647506714,0.16242454946041107,0.1936209499835968,0.18222518265247345,0.4617293179035187,-0.09330441057682037,-0.03502155840396881,-0.009060472249984741,0.13738641142845154
1374,10109,27243,Person,Person,False,50.0,mid_degree,True,True,both_correct,0,0,27243,27243,0.28309372067451477,0.28000348806381226,0.15313036739826202,0.28377243876457214,0.20547924935817719,0.3193393647670746,0.1111401617527008,0.36404117941856384,-0.07761447131633759,0.03933587670326233,-0.04199020564556122,0.0802687406539917
1375,13406,18515,Organization,Organization,False,41.0,mid_degree,False,True,rescued,6,0,24786,18515,0.3114698529243469,0.21815460920333862,0.15920647978782654,0.3111691176891327,0.23243889212608337,0.18603874742984772,0.13578307628631592,0.4457393288612366,-0.07903096079826355,-0.032115861773490906,-0.02342340350151062,0.13457021117210388
1376,6556,26775,Person,Person,False,32.0,low_degree,True,True,both_correct,0,0,26775,26775,0.2752954363822937,0.28755471110343933,0.1575450599193573,0.27960479259490967,0.1996196210384369,0.3276247978210449,0.11423499137163162,0.35852062702178955,-0.07567581534385681,0.04007008671760559,-0.04331006854772568,0.07891583442687988
1377,6913,21295,Entity,Entity,False,8.0,low_degree,False,False,both_wrong,2,1,17640,17640,0.27584344148635864,0.21831738948822021,0.22901177406311035,0.2768274247646332,0.27584344148635864,0.21831737458705902,0.22901177406311035,0.2768274247646332,0.0,-1.4901161193847656e-08,0.0,0.0
1378,1295,22823,Person,Person,False,79.0,high_degree,True,True,both_correct,0,0,22823,22823,0.27722659707069397,0.28906047344207764,0.15017996728420258,0.2835329473018646,0.20046000182628632,0.3284229338169098,0.1085922047495842,0.3625248670578003,-0.07676659524440765,0.03936246037483215,-0.04158776253461838,0.07899191975593567
1379,3730,22312,Person,Person,False,81.0,high_degree,True,True,both_correct,0,0,22312,22312,0.276794970035553,0.2962385416030884,0.1485445648431778,0.27842193841934204,0.2000855803489685,0.33647364377975464,0.10738292336463928,0.35605794191360474,-0.07670938968658447,0.04023510217666626,-0.04116164147853851,0.0776360034942627
1380,8015,15996,Entity,Entity,False,166.0,high_degree,True,True,both_correct,0,0,15996,15996,0.28621000051498413,0.19590167701244354,0.1427985429763794,0.37508976459503174,0.28621000051498413,0.19590167701244354,0.1427985429763794,0.37508976459503174,0.0,0.0,0.0,0.0
1381,2452,24555,Creative Work,Creative Work,False,114.0,high_degree,True,True,both_correct,0,0,24555,24555,0.32263559103012085,0.18747012317180634,0.1523975133895874,0.3374967873096466,0.19121350347995758,0.18516838550567627,0.10541021078824997,0.518207848072052,-0.13142208755016327,-0.002301737666130066,-0.04698730260133743,0.1807110607624054
1382,1824,22592,Person,Person,False,59.0,mid_degree,True,True,both_correct,0,0,22592,22592,0.27273333072662354,0.29483991861343384,0.1489148586988449,0.2835119068622589,0.19671742618083954,0.3341514766216278,0.10741135478019714,0.3617197573184967,-0.076015904545784,0.03931155800819397,-0.041503503918647766,0.07820785045623779
1383,14171,18624,Place,Place,False,15.0,low_degree,True,True,both_correct,0,0,18624,18624,0.29217788577079773,0.23138710856437683,0.17664945125579834,0.2997855544090271,0.1899747997522354,0.20059052109718323,0.17227177321910858,0.43716296553611755,-0.10220308601856232,-0.030796587467193604,-0.004377678036689758,0.13737741112709045
1384,5145,21458,Creative Work,Creative Work,False,77.0,high_degree,True,True,both_correct,0,0,21458,21458,0.3172636032104492,0.19100284576416016,0.15231767296791077,0.33941587805747986,0.18753068149089813,0.18815693259239197,0.10506705939769745,0.5192453265190125,-0.1297329217195511,-0.0028459131717681885,-0.04725061357021332,0.1798294484615326
1385,11110,16754,Place,Place,False,11.0,low_degree,False,False,both_wrong,5,4,17706,23881,0.27810776233673096,0.24836036562919617,0.17717212438583374,0.29635968804359436,0.18073083460330963,0.21519151329994202,0.17269065976142883,0.4313869774341583,-0.09737692773342133,-0.03316885232925415,-0.004481464624404907,0.13502728939056396
1386,6747,15456,Entity,Event,True,268.0,high_degree,False,False,both_wrong,32,28,24864,18895,0.3960408568382263,0.19185343384742737,0.14080531895160675,0.27130037546157837,0.3960408568382263,0.19185343384742737,0.14080531895160675,0.271300345659256,0.0,0.0,0.0,-2.9802322387695312e-08
1387,6847,21467,Person,Person,False,218.0,high_degree,True,True,both_correct,0,0,21467,21467,0.2775079607963562,0.29111939668655396,0.1471439152956009,0.28422877192497253,0.2003936469554901,0.33031800389289856,0.10625997185707092,0.36302828788757324,-0.07711431384086609,0.039198607206344604,-0.04088394343852997,0.07879951596260071
1388,65,27197,Event,Event,False,456.0,high_degree,False,False,both_wrong,13,11,24158,27045,0.296475887298584,0.21625696122646332,0.1448081135749817,0.34245896339416504,0.292665034532547,0.2134605050086975,0.14304442703723907,0.350830078125,-0.0038108527660369873,-0.002796456217765808,-0.0017636865377426147,0.008371114730834961
1389,4430,25299,Organization,Organization,False,120.0,high_degree,True,True,both_correct,0,0,25299,25299,0.17169469594955444,0.15806755423545837,0.4952687919139862,0.17496901750564575,0.13690215349197388,0.14402799308300018,0.4513273239135742,0.2677425146102905,-0.034792542457580566,-0.014039561152458191,-0.04394146800041199,0.09277349710464478
1390,5659,15407,Person,Person,False,56.0,mid_degree,True,True,both_correct,0,0,15407,15407,0.2519886791706085,0.24603624641895294,0.25220784544944763,0.2497672587633133,0.18911097943782806,0.2901257872581482,0.18928377330303192,0.33147943019866943,-0.06287769973278046,0.04408954083919525,-0.06292407214641571,0.08171217143535614
1391,8952,25758,Organization,Organization,False,26.0,low_degree,True,False,harmed,0,2,25758,26585,0.31563901901245117,0.20426200330257416,0.16001299023628235,0.32008597254753113,0.2344532012939453,0.17338018119335175,0.13583531975746155,0.4563312530517578,-0.08118581771850586,-0.030881822109222412,-0.0241776704788208,0.13624528050422668
1392,5538,26897,Creative Work,Creative Work,False,73.0,mid_degree,True,True,both_correct,0,0,26897,26897,0.33200204372406006,0.19120392203330994,0.14877206087112427,0.32802194356918335,0.19854189455509186,0.1905623972415924,0.10381671041250229,0.507079005241394,-0.1334601491689682,-0.0006415247917175293,-0.04495535045862198,0.1790570616722107
1393,1087,20044,Person,Person,False,150.0,high_degree,True,True,both_correct,0,0,20044,20044,0.24280141294002533,0.2610343396663666,0.2503068149089813,0.24585740268230438,0.18146824836730957,0.3065485954284668,0.18715067207813263,0.3248324990272522,-0.06133316457271576,0.04551425576210022,-0.0631561428308487,0.07897509634494781
1394,7616,27477,Creative Work,Creative Work,False,98.0,high_degree,True,True,both_correct,0,0,27477,27477,0.32391199469566345,0.1899309754371643,0.1522667109966278,0.3338904082775116,0.1925249546766281,0.18814130127429962,0.10562124848365784,0.5137125253677368,-0.13138704001903534,-0.001789674162864685,-0.04664546251296997,0.17982211709022522
1395,6854,20256,Person,Person,False,35.0,mid_degree,True,True,both_correct,0,0,20256,20256,0.277748703956604,0.29308032989501953,0.15738944709300995,0.27178147435188293,0.20180481672286987,0.3345937728881836,0.11434897780418396,0.34925246238708496,-0.07594388723373413,0.04151344299316406,-0.04304046928882599,0.07747098803520203
1396,5819,25046,Person,Person,False,27.0,low_degree,True,True,both_correct,0,0,25046,25046,0.25909003615379333,0.26952216029167175,0.20803922414779663,0.2633485794067383,0.19100579619407654,0.3122071921825409,0.15336816012859344,0.3434188663959503,-0.0680842399597168,0.04268503189086914,-0.054671064019203186,0.08007028698921204
1397,252,27126,Creative Work,Creative Work,False,68.0,mid_degree,True,True,both_correct,0,0,27126,27126,0.3150213062763214,0.19621415436267853,0.15158464014530182,0.33717992901802063,0.18631063401699066,0.1933995932340622,0.1046007052063942,0.5156890749931335,-0.12871067225933075,-0.002814561128616333,-0.04698393493890762,0.17850914597511292
1398,9184,18953,Person,Person,False,70.0,mid_degree,True,True,both_correct,0,0,18953,18953,0.2701544165611267,0.280036062002182,0.18163788318634033,0.26817163825035095,0.19773828983306885,0.32206520438194275,0.1329437643289566,0.347252756357193,-0.07241612672805786,0.04202914237976074,-0.04869411885738373,0.07908111810684204
1399,9164,21129,Creative Work,Creative Work,False,72.0,mid_degree,True,True,both_correct,0,0,21129,21129,0.3254033327102661,0.19763588905334473,0.1525653898715973,0.32439538836479187,0.19463622570037842,0.1970142424106598,0.10648152977228165,0.5018680691719055,-0.1307671070098877,-0.0006216466426849365,-0.04608386009931564,0.17747268080711365
1400,10102,20484,Entity,Organization,True,44.0,mid_degree,False,False,both_wrong,2,1,16350,19785,0.24133649468421936,0.19286538660526276,0.3194362223148346,0.2463618963956833,0.24133649468421936,0.19286537170410156,0.3194361925125122,0.2463618963956833,0.0,-1.4901161193847656e-08,-2.9802322387695312e-08,0.0
1401,1243,27004,Creative Work,Creative Work,False,84.0,high_degree,True,True,both_correct,0,0,27004,27004,0.3234974145889282,0.1900894194841385,0.15299774706363678,0.3334154188632965,0.19243557751178741,0.18845272064208984,0.1062026098370552,0.5129090547561646,-0.1310618370771408,-0.001636698842048645,-0.046795137226581573,0.17949363589286804
1402,132,20409,Person,Person,False,68.0,mid_degree,True,True,both_correct,0,0,20409,20409,0.27672210335731506,0.2929265797138214,0.15215851366519928,0.2781928479671478,0.20034803450107574,0.33323588967323303,0.11015830934047699,0.35625773668289185,-0.07637406885623932,0.04030930995941162,-0.04200020432472229,0.07806488871574402
1403,7274,20999,Person,Person,False,34.0,mid_degree,True,True,both_correct,0,0,20999,20999,0.2753385007381439,0.28373968601226807,0.15619458258152008,0.2847272455692291,0.1994045376777649,0.3228793442249298,0.11311624199151993,0.36459988355636597,-0.07593396306037903,0.03913965821266174,-0.04307834059000015,0.07987263798713684
1404,5385,27475,Entity,Entity,False,36.0,mid_degree,False,False,both_wrong,3,3,14973,14973,0.3066418468952179,0.2127862274646759,0.14598628878593445,0.334585577249527,0.3066418468952179,0.2127862274646759,0.14598628878593445,0.334585577249527,0.0,0.0,0.0,0.0
1405,4545,15747,Place,Place,False,272.0,high_degree,True,True,both_correct,0,0,15747,15747,0.2607341706752777,0.22544895112514496,0.24952323734760284,0.2642936408519745,0.17037340998649597,0.1964147686958313,0.24479706585407257,0.3884147107601166,-0.09036076068878174,-0.02903418242931366,-0.0047261714935302734,0.12412106990814209
1406,1897,24787,Creative Work,Creative Work,False,79.0,high_degree,True,True,both_correct,0,0,24787,24787,0.32699793577194214,0.18996194005012512,0.15119975805282593,0.3318403661251068,0.19481247663497925,0.18861104547977448,0.105101078748703,0.5114753842353821,-0.1321854591369629,-0.001350894570350647,-0.046098679304122925,0.17963501811027527
1407,11413,21873,Person,Person,False,48.0,mid_degree,True,True,both_correct,0,0,21873,21873,0.2784281373023987,0.2838132381439209,0.1552467942237854,0.28251180052757263,0.2018464356660843,0.3232903778553009,0.11254508048295975,0.36231812834739685,-0.07658170163631439,0.039477139711380005,-0.04270171374082565,0.07980632781982422
1408,14310,20223,Place,Place,False,9.0,low_degree,False,False,both_wrong,12,11,15062,20425,0.28978437185287476,0.23323006927967072,0.17805887758731842,0.29892662167549133,0.1884675920009613,0.20224136114120483,0.17369204759597778,0.4355989992618561,-0.10131677985191345,-0.03098870813846588,-0.004366829991340637,0.13667237758636475
1409,6933,16072,Creative Work,Creative Work,False,104.0,high_degree,True,True,both_correct,0,0,16072,16072,0.3394034802913666,0.19342747330665588,0.14605765044689178,0.32111141085624695,0.20398598909378052,0.19374550879001617,0.1024426594376564,0.4998258948326111,-0.13541749119758606,0.00031803548336029053,-0.04361499100923538,0.17871448397636414
1410,10915,23646,Person,Person,False,33.0,low_degree,True,True,both_correct,0,0,23646,23646,0.28426700830459595,0.2818129062652588,0.15241026878356934,0.2815098166465759,0.2063928097486496,0.32150009274482727,0.11065921187400818,0.361447811126709,-0.07787419855594635,0.03968718647956848,-0.04175105690956116,0.07993799448013306
1411,4594,22997,Place,Place,False,24.0,low_degree,True,True,both_correct,0,0,22997,22997,0.2887454032897949,0.23674452304840088,0.16972510516643524,0.30478495359420776,0.18719927966594696,0.2046404927968979,0.16503949463367462,0.44312068819999695,-0.10154612362384796,-0.03210403025150299,-0.00468561053276062,0.13833573460578918
1412,1867,24552,Organization,Organization,False,31.0,low_degree,False,False,both_wrong,47,179,27761,27759,0.3121796250343323,0.206589013338089,0.15910468995571136,0.3221266269683838,0.2314811646938324,0.175050750374794,0.13482977449893951,0.45863834023475647,-0.08069846034049988,-0.03153826296329498,-0.02427491545677185,0.13651171326637268
1413,13602,19098,Entity,Entity,False,9.0,low_degree,True,False,harmed,0,1,19098,22654,0.30840784311294556,0.21147394180297852,0.1825440675020218,0.29757410287857056,0.30840784311294556,0.21147394180297852,0.1825440675020218,0.29757410287857056,0.0,0.0,0.0,0.0
1414,864,17792,Person,Person,False,28.0,low_degree,True,True,both_correct,0,0,17792,17792,0.2741912603378296,0.2907825708389282,0.15798169374465942,0.27704453468322754,0.1988562047481537,0.33136460185050964,0.11457560211420059,0.35520362854003906,-0.0753350555896759,0.04058203101158142,-0.04340609163045883,0.07815909385681152
1415,7427,20231,Person,Person,False,30.0,low_degree,True,True,both_correct,0,0,20231,20231,0.2784433960914612,0.28922316431999207,0.15604686737060547,0.27628660202026367,0.20216155052185059,0.32994914054870605,0.11328963190317154,0.3545997142791748,-0.0762818455696106,0.04072597622871399,-0.04275723546743393,0.07831311225891113
1416,9433,21751,Person,Person,False,44.0,mid_degree,True,True,both_correct,0,0,21751,21751,0.2598845362663269,0.2841787338256836,0.18539732694625854,0.2705394923686981,0.18965980410575867,0.3258652687072754,0.1352919489145279,0.34918302297592163,-0.07022473216056824,0.0416865348815918,-0.05010537803173065,0.07864353060722351
1417,6106,26075,Person,Person,False,94.0,high_degree,True,True,both_correct,0,0,26075,26075,0.27738580107688904,0.2952328026294708,0.15363062918186188,0.27375078201293945,0.20116518437862396,0.33642295002937317,0.11141697317361832,0.35099488496780396,-0.07622061669826508,0.041190147399902344,-0.04221365600824356,0.0772441029548645
1418,3173,27010,Creative Work,Creative Work,False,40.0,mid_degree,True,True,both_correct,0,0,27010,27010,0.27005869150161743,0.26104140281677246,0.19444440305233002,0.2744554877281189,0.16467240452766418,0.2652794122695923,0.1383376270532608,0.43171054124832153,-0.10538628697395325,0.004238009452819824,-0.056106775999069214,0.15725505352020264
1419,7816,18283,Organization,Organization,False,92.0,high_degree,True,True,both_correct,0,0,18283,18283,0.2927706241607666,0.23802804946899414,0.17400860786437988,0.295192688703537,0.22001375257968903,0.20440705120563507,0.14944647252559662,0.4261327087879181,-0.07275687158107758,-0.03362099826335907,-0.024562135338783264,0.1309400200843811
1420,4455,27710,Place,Place,False,56.0,mid_degree,True,True,both_correct,0,0,27710,27710,0.3017057478427887,0.22319920361042023,0.17005464434623718,0.3050403892993927,0.1962141990661621,0.19353680312633514,0.16587917506694794,0.4443698525428772,-0.10549154877662659,-0.029662400484085083,-0.004175469279289246,0.1393294632434845
1421,9572,23095,Person,Person,False,137.0,high_degree,True,True,both_correct,0,0,23095,23095,0.28359049558639526,0.29105621576309204,0.14858725666999817,0.2767660915851593,0.20562048256397247,0.331590861082077,0.10773342102766037,0.3550552427768707,-0.07797001302242279,0.040534645318984985,-0.0408538356423378,0.07828915119171143
1422,1756,21241,Place,Place,False,22.0,low_degree,True,True,both_correct,0,0,21241,21241,0.29498404264450073,0.23956485092639923,0.1749740093946457,0.29047709703445435,0.19307711720466614,0.2090637981891632,0.17177502810955048,0.426084041595459,-0.1019069254398346,-0.030501052737236023,-0.003198981285095215,0.13560694456100464
1423,12022,17762,Entity,Organization,True,8.0,low_degree,False,False,both_wrong,12,33,17908,27164,0.2961267828941345,0.21371689438819885,0.18808455765247345,0.30207180976867676,0.2961267828941345,0.21371687948703766,0.18808455765247345,0.30207180976867676,0.0,-1.4901161193847656e-08,0.0,0.0
1424,7670,17082,Organization,Organization,False,46.0,mid_degree,True,True,both_correct,0,0,17082,17082,0.30386194586753845,0.23248699307441711,0.15098106861114502,0.31266993284225464,0.22633738815784454,0.197890043258667,0.12852703034877777,0.44724559783935547,-0.07752455770969391,-0.03459694981575012,-0.02245403826236725,0.13457566499710083
1425,4679,25304,Person,Person,False,96.0,high_degree,True,True,both_correct,0,0,25304,25304,0.18974412977695465,0.19790787994861603,0.41983339190483093,0.1925145536661148,0.15051740407943726,0.24668046832084656,0.3330173194408417,0.2697848379611969,-0.039226725697517395,0.04877258837223053,-0.08681607246398926,0.07727028429508209
1426,1201,25050,Creative Work,Creative Work,False,52.0,mid_degree,True,True,both_correct,0,0,25050,25050,0.31195068359375,0.19103845953941345,0.1740347445011139,0.3229760527610779,0.18705780804157257,0.19091545045375824,0.12177640199661255,0.5002503991127014,-0.12489287555217743,-0.0001230090856552124,-0.05225834250450134,0.17727434635162354
1427,14292,19516,Place,Place,False,22.0,low_degree,True,False,harmed,0,2,19516,20643,0.2857934832572937,0.2419654279947281,0.17331485450267792,0.29892629384994507,0.18577195703983307,0.2097027748823166,0.16897305846214294,0.4355522692203522,-0.10002152621746063,-0.0322626531124115,-0.004341796040534973,0.1366259753704071
1428,1508,15130,Entity,Entity,False,397.0,high_degree,True,True,both_correct,0,0,15130,15130,0.2737322151660919,0.20553235709667206,0.24985016882419586,0.2708852291107178,0.2737322151660919,0.20553235709667206,0.24985016882419586,0.2708852291107178,0.0,0.0,0.0,0.0
1429,14776,27122,Person,Person,False,4.0,low_degree,True,False,harmed,0,1,27122,23620,0.270382821559906,0.2911784052848816,0.16059675812721252,0.2778420150279999,0.19598260521888733,0.33162733912467957,0.11640267819166183,0.3559873402118683,-0.07440021634101868,0.040448933839797974,-0.04419407993555069,0.07814532518386841
1430,6794,25501,Person,Person,False,65.0,mid_degree,True,True,both_correct,0,0,25501,25501,0.2768213450908661,0.30170854926109314,0.15053462982177734,0.27093541622161865,0.20050005614757538,0.34336337447166443,0.10903532058000565,0.34710124135017395,-0.07632128894329071,0.04165482521057129,-0.0414993092417717,0.0761658251285553
1431,908,19812,Person,Person,False,188.0,high_degree,True,True,both_correct,0,0,19812,19812,0.27632710337638855,0.2924690842628479,0.14754365384578705,0.2836601734161377,0.19940228760242462,0.3316183090209961,0.10647980868816376,0.3624995946884155,-0.07692481577396393,0.03914922475814819,-0.04106384515762329,0.07883942127227783
1432,9577,25303,Organization,Organization,False,31.0,low_degree,True,True,both_correct,0,0,25303,25303,0.3129798471927643,0.2229943871498108,0.15648941695690155,0.30753639340400696,0.23404090106487274,0.19055257737636566,0.13373717665672302,0.4416693449020386,-0.07893894612789154,-0.03244180977344513,-0.022752240300178528,0.13413295149803162
1433,617,17248,Place,Place,False,99.0,high_degree,False,False,both_wrong,8,6,17249,17249,0.28117266297340393,0.25469115376472473,0.17441964149475098,0.28971657156944275,0.18358242511749268,0.22171594202518463,0.17080757021903992,0.42389407753944397,-0.09759023785591125,-0.0329752117395401,-0.0036120712757110596,0.13417750597000122
1434,14701,25089,Place,Place,False,6.0,low_degree,True,False,harmed,0,1,25089,21385,0.280266672372818,0.24396315217018127,0.18588325381278992,0.2898869812488556,0.18269769847393036,0.2120358943939209,0.18174199759960175,0.4235244393348694,-0.09756897389888763,-0.031927257776260376,-0.004141256213188171,0.1336374580860138
1435,13698,24389,Place,Place,False,35.0,mid_degree,True,True,both_correct,0,0,24389,24389,0.30205053091049194,0.23578044772148132,0.15665677189826965,0.30551227927207947,0.19667689502239227,0.20469367504119873,0.15299513936042786,0.4456343352794647,-0.10537363588809967,-0.031086772680282593,-0.003661632537841797,0.14012205600738525
1436,8734,23204,Organization,Organization,False,51.0,mid_degree,True,True,both_correct,0,0,23204,23204,0.30964750051498413,0.22039887309074402,0.15947052836418152,0.3104831278324127,0.2310924381017685,0.18796345591545105,0.13601620495319366,0.4449278712272644,-0.07855506241321564,-0.03243541717529297,-0.023454323410987854,0.13444474339485168
1437,12928,23734,Person,Person,False,78.0,high_degree,True,True,both_correct,0,0,23734,23734,0.2834472060203552,0.28651362657546997,0.14969679713249207,0.28034231066703796,0.20549340546131134,0.3263787031173706,0.10852891206741333,0.35959896445274353,-0.07795380055904388,0.039865076541900635,-0.041167885065078735,0.07925665378570557
1438,1527,21636,Organization,Organization,False,56.0,mid_degree,True,True,both_correct,0,0,21636,21636,0.3104002773761749,0.19955193996429443,0.15614813566207886,0.3338996171951294,0.2284819334745407,0.16785338521003723,0.1313583105802536,0.47230637073516846,-0.08191834390163422,-0.0316985547542572,-0.024789825081825256,0.13840675354003906
1439,9400,16893,Person,Person,False,69.0,mid_degree,True,True,both_correct,0,0,16893,16893,0.2795940041542053,0.2880401015281677,0.1545354276895523,0.27783045172691345,0.20286749303340912,0.32838916778564453,0.11213614791631699,0.35660719871520996,-0.0767265111207962,0.04034906625747681,-0.04239927977323532,0.07877674698829651
1440,12545,20910,Organization,Organization,False,31.0,low_degree,False,False,both_wrong,61,78,22882,23923,0.3020772635936737,0.22886322438716888,0.17163591086864471,0.2974236011505127,0.22697262465953827,0.196506530046463,0.14738577604293823,0.4291350841522217,-0.07510463893413544,-0.03235669434070587,-0.024250134825706482,0.13171148300170898
1441,11498,22473,Creative Work,Creative Work,False,81.0,high_degree,True,True,both_correct,0,0,22473,22473,0.31907418370246887,0.18594953417778015,0.15622660517692566,0.3387496769428253,0.18902842700481415,0.18359462916851044,0.10800786316394806,0.5193690657615662,-0.13004575669765472,-0.0023549050092697144,-0.0482187420129776,0.18061938881874084
1442,8445,27657,Entity,Person,True,81.0,high_degree,False,False,both_wrong,19,18,23899,23899,0.31879350543022156,0.21221469342708588,0.14996284246444702,0.31902894377708435,0.31879350543022156,0.21221469342708588,0.14996284246444702,0.31902894377708435,0.0,0.0,0.0,0.0
1443,2261,18587,Person,Person,False,124.0,high_degree,True,True,both_correct,0,0,18587,18587,0.2832656800746918,0.2855331301689148,0.14772936701774597,0.2834717929363251,0.20509208738803864,0.32483452558517456,0.10695913434028625,0.36311420798301697,-0.07817359268665314,0.039301395416259766,-0.04077023267745972,0.0796424150466919
1444,14139,21840,Place,Place,False,12.0,low_degree,True,True,both_correct,0,0,21840,21840,0.29110196232795715,0.2192617505788803,0.17495368421077728,0.31468260288238525,0.18765701353549957,0.1884542852640152,0.169159397482872,0.4547293186187744,-0.10344494879245758,-0.030807465314865112,-0.0057942867279052734,0.14004671573638916
1445,7974,21903,Organization,Organization,False,31.0,low_degree,True,True,both_correct,0,0,21903,21903,0.3086491525173187,0.22045449912548065,0.16573689877986908,0.30515941977500916,0.23105521500110626,0.18858864903450012,0.14179548621177673,0.4385605752468109,-0.07759393751621246,-0.03186585009098053,-0.023941412568092346,0.13340115547180176
1446,2024,17807,Person,Person,False,66.0,mid_degree,False,True,rescued,1,0,17804,17807,0.2760087847709656,0.290376752614975,0.1495637148618698,0.28405076265335083,0.19940495491027832,0.3296301066875458,0.10804930329322815,0.362915575504303,-0.07660382986068726,0.0392533540725708,-0.04151441156864166,0.07886481285095215
1447,635,15171,Place,Place,False,3356.0,high_degree,True,True,both_correct,0,0,15171,15171,0.2621512711048126,0.22223930060863495,0.24938641488552094,0.2662230134010315,0.17110273241996765,0.19339489936828613,0.24475796520709991,0.3907444179058075,-0.09104853868484497,-0.028844401240348816,-0.0046284496784210205,0.124521404504776
1448,6608,17949,Organization,Organization,False,193.0,high_degree,True,True,both_correct,0,0,17949,17949,0.3288823068141937,0.19705043733119965,0.14322970807552338,0.3308374881744385,0.24291294813156128,0.16631530225276947,0.12090551853179932,0.4698662757873535,-0.08596935868263245,-0.030735135078430176,-0.02232418954372406,0.13902878761291504
1449,5513,23356,Person,Person,False,51.0,mid_degree,True,True,both_correct,0,0,23356,23356,0.27692511677742004,0.2892608046531677,0.1523524820804596,0.28146159648895264,0.20042714476585388,0.3289540410041809,0.11027167737483978,0.36034709215164185,-0.07649797201156616,0.039693236351013184,-0.04208080470561981,0.07888549566268921
1450,6392,18793,Creative Work,Creative Work,False,84.0,high_degree,True,True,both_correct,0,0,18793,18793,0.3308543264865875,0.1854964643716812,0.1492108255624771,0.33443841338157654,0.19699028134346008,0.1840653121471405,0.10367026180028915,0.5152741074562073,-0.13386404514312744,-0.0014311522245407104,-0.04554056376218796,0.18083569407463074
1451,14122,22652,Entity,Entity,False,4.0,low_degree,False,False,both_wrong,62,47,17711,17711,0.3029048442840576,0.2119918167591095,0.18086105585098267,0.3042422831058502,0.3029048442840576,0.2119918316602707,0.18086105585098267,0.3042422831058502,0.0,1.4901161193847656e-08,0.0,0.0
1452,6895,20575,Person,Person,False,44.0,mid_degree,True,True,both_correct,0,0,20575,20575,0.2718040347099304,0.29187339544296265,0.15049408376216888,0.28582850098609924,0.1960589736700058,0.33080899715423584,0.10855481773614883,0.3645772635936737,-0.07574506103992462,0.03893560171127319,-0.04193926602602005,0.07874876260757446
1453,11057,25627,Person,Person,False,17.0,low_degree,False,True,rescued,1,0,26019,25627,0.2695142924785614,0.284584641456604,0.16255201399326324,0.28334903717041016,0.19526609778404236,0.32397282123565674,0.11776770651340485,0.36299338936805725,-0.07424819469451904,0.039388179779052734,-0.0447843074798584,0.0796443521976471
1454,11050,19994,Organization,Organization,False,72.0,mid_degree,True,True,both_correct,0,0,19994,19994,0.31927207112312317,0.20327089726924896,0.14986838400363922,0.32758864760398865,0.23608775436878204,0.17176422476768494,0.12665238976478577,0.4654955565929413,-0.08318431675434113,-0.031506672501564026,-0.023215994238853455,0.13790690898895264
1455,270,24901,Creative Work,Creative Work,False,88.0,high_degree,True,True,both_correct,0,0,24901,24901,0.32335713505744934,0.19267763197422028,0.1497155725955963,0.3342495858669281,0.19194172322750092,0.19061018526554108,0.10370027273893356,0.5137478709220886,-0.13141541182994843,-0.0020674467086791992,-0.04601529985666275,0.17949828505516052
1456,4922,22876,Creative Work,Creative Work,False,84.0,high_degree,True,True,both_correct,0,0,22876,22876,0.3208599388599396,0.19185255467891693,0.15644487738609314,0.3308427035808563,0.19109658896923065,0.19042964279651642,0.10872208327054977,0.5097517371177673,-0.12976334989070892,-0.0014229118824005127,-0.047722794115543365,0.178909033536911
1457,7245,22389,Person,Person,False,45.0,mid_degree,True,True,both_correct,0,0,22389,22389,0.27441632747650146,0.2919318377971649,0.1541881561279297,0.27946361899375916,0.19863088428974152,0.33202487230300903,0.11160329729318619,0.3577409088611603,-0.07578544318675995,0.040093034505844116,-0.0425848588347435,0.07827728986740112
1458,4245,17801,Entity,Entity,False,160.0,high_degree,True,True,both_correct,0,0,17801,17801,0.3214068114757538,0.1960991472005844,0.14507675170898438,0.33741724491119385,0.3214068114757538,0.1960991621017456,0.14507676661014557,0.33741724491119385,0.0,1.4901161193847656e-08,1.4901161193847656e-08,0.0
1459,8877,25115,Organization,Organization,False,24.0,low_degree,False,False,both_wrong,90,40,25787,26891,0.3093365728855133,0.21260060369968414,0.15868589282035828,0.31937694549560547,0.22968226671218872,0.18038763105869293,0.13465625047683716,0.45527389645576477,-0.07965430617332458,-0.03221297264099121,-0.024029642343521118,0.1358969509601593
1460,10096,26395,Creative Work,Creative Work,False,95.0,high_degree,False,False,both_wrong,2,1,26178,26178,0.3297208845615387,0.1879381239414215,0.15223900973796844,0.33010202646255493,0.19691041111946106,0.18705390393733978,0.10608990490436554,0.5099457502365112,-0.13281047344207764,-0.0008842200040817261,-0.046149104833602905,0.1798437237739563
1461,8250,18511,Organization,Organization,False,34.0,mid_degree,False,False,both_wrong,20,6,24476,24476,0.3055751919746399,0.22783112525939941,0.16555139422416687,0.3010422885417938,0.22924131155014038,0.1953144669532776,0.14193831384181976,0.43350598216056824,-0.07633388042449951,-0.032516658306121826,-0.023613080382347107,0.13246369361877441
1462,1388,15577,Organization,Organization,False,85.0,high_degree,False,False,both_wrong,14,2,15531,15531,0.3494776785373688,0.1936454176902771,0.1445499211549759,0.31232699751853943,0.26164230704307556,0.16566874086856842,0.12367941439151764,0.4490095376968384,-0.08783537149429321,-0.02797667682170868,-0.020870506763458252,0.13668254017829895
1463,8859,16109,Entity,Creative Work,True,18.0,low_degree,True,True,both_correct,0,0,16109,16109,0.27776771783828735,0.2213432937860489,0.22049200534820557,0.2803969383239746,0.27776774764060974,0.22134330868721008,0.22049202024936676,0.280396968126297,2.9802322387695312e-08,1.4901161193847656e-08,1.4901161193847656e-08,2.9802322387695312e-08
1464,9348,26544,Creative Work,Creative Work,False,69.0,mid_degree,True,True,both_correct,0,0,26544,26544,0.3275945484638214,0.19048023223876953,0.1542101800441742,0.32771506905555725,0.19586412608623505,0.18980076909065247,0.10757941752672195,0.5067557096481323,-0.13173042237758636,-0.0006794631481170654,-0.04663076251745224,0.17904064059257507
1465,6817,19171,Creative Work,Creative Work,False,161.0,high_degree,True,True,both_correct,0,0,19171,19171,0.33074256777763367,0.18654215335845947,0.14780031144618988,0.33491501212120056,0.19670918583869934,0.18490146100521088,0.10258423537015915,0.5158051252365112,-0.13403338193893433,-0.0016406923532485962,-0.04521607607603073,0.18089011311531067
1466,9031,22661,Person,Person,False,31.0,low_degree,True,True,both_correct,0,0,22661,22661,0.2729034721851349,0.29884767532348633,0.1572609692811966,0.270987868309021,0.1979193389415741,0.3405503034591675,0.11405222117900848,0.34747815132141113,-0.07498413324356079,0.04170262813568115,-0.04320874810218811,0.07649028301239014
1467,9078,23475,Organization,Organization,False,25.0,low_degree,True,True,both_correct,0,0,23475,23475,0.29424867033958435,0.23032012581825256,0.16994349658489227,0.305487722158432,0.2199205905199051,0.1967116892337799,0.14516034722328186,0.43820732831954956,-0.07432807981967926,-0.033608436584472656,-0.024783149361610413,0.13271960616111755
1468,6879,22390,Person,Person,False,77.0,high_degree,True,True,both_correct,0,0,22390,22390,0.2763094902038574,0.29170018434524536,0.15326601266860962,0.2787243127822876,0.20007477700710297,0.33188313245773315,0.11098456382751465,0.35705751180648804,-0.07623471319675446,0.04018294811248779,-0.04228144884109497,0.07833319902420044
1469,4936,22366,Person,Person,False,81.0,high_degree,True,True,both_correct,0,0,22366,22366,0.2759357988834381,0.3005755543708801,0.14810916781425476,0.2753795087337494,0.19948308169841766,0.34143179655075073,0.10707477480173111,0.3520103693008423,-0.07645271718502045,0.040856242179870605,-0.04103439301252365,0.0766308605670929
1470,9222,21797,Person,Person,False,81.0,high_degree,True,True,both_correct,0,0,21797,21797,0.26524618268013,0.27921056747436523,0.18543505668640137,0.2701081931591034,0.19395731389522552,0.3208037316799164,0.135599285364151,0.3496395945549011,-0.07128886878490448,0.04159316420555115,-0.049835771322250366,0.07953140139579773
1471,2995,21176,Place,Place,False,22.0,low_degree,True,True,both_correct,0,0,21176,21176,0.2748546600341797,0.23442378640174866,0.19464728236198425,0.2960742712020874,0.17808577418327332,0.20251193642616272,0.1891588568687439,0.4302434027194977,-0.09676888585090637,-0.03191184997558594,-0.0054884254932403564,0.13416913151741028
1472,5343,15410,Person,Person,False,80.0,high_degree,True,True,both_correct,0,0,15410,15410,0.2485799491405487,0.2542608380317688,0.24818788468837738,0.24897131323814392,0.1859496384859085,0.2988537549972534,0.18566371500492096,0.3295328617095947,-0.0626303106546402,0.04459291696548462,-0.06252416968345642,0.0805615484714508
1473,12646,18939,Person,Person,False,50.0,mid_degree,True,True,both_correct,0,0,18939,18939,0.26763227581977844,0.2839772403240204,0.18103288114070892,0.2673576772212982,0.19569730758666992,0.32627344131469727,0.13237085938453674,0.34565839171409607,-0.07193496823310852,0.04229620099067688,-0.04866202175617218,0.07830071449279785
1474,12345,26874,Person,Person,False,20.0,low_degree,True,True,both_correct,0,0,26874,26874,0.2720947563648224,0.29691994190216064,0.15745750069618225,0.2735278606414795,0.1972498595714569,0.33821216225624084,0.1141420304775238,0.35039588809013367,-0.07484489679336548,0.0412922203540802,-0.04331547021865845,0.07686802744865417
1475,656,27756,Entity,Entity,False,99.0,high_degree,False,False,both_wrong,8,9,27728,27728,0.32005974650382996,0.19662263989448547,0.1467285305261612,0.33658909797668457,0.32005974650382996,0.19662263989448547,0.1467285454273224,0.33658909797668457,0.0,0.0,1.4901161193847656e-08,0.0
1476,11390,22970,Person,Person,False,49.0,mid_degree,True,True,both_correct,0,0,22970,22970,0.2683236598968506,0.30509188771247864,0.15090052783489227,0.2756839692592621,0.19360265135765076,0.3458884358406067,0.10887667536735535,0.3516322076320648,-0.07472100853919983,0.04079654812812805,-0.042023852467536926,0.07594823837280273
1477,10419,23472,Person,Person,False,52.0,mid_degree,True,True,both_correct,0,0,23472,23472,0.27694955468177795,0.29934900999069214,0.15174996852874756,0.27195146679878235,0.200693741440773,0.34084951877593994,0.10995983332395554,0.34849685430526733,-0.07625581324100494,0.0415005087852478,-0.04179013520479202,0.07654538750648499
1478,9051,23300,Organization,Organization,False,27.0,low_degree,True,True,both_correct,0,0,23300,23300,0.30822479724884033,0.21905307471752167,0.16508452594280243,0.30763760209083557,0.23040293157100677,0.18711836636066437,0.14103244245052338,0.4414462447166443,-0.07782186567783356,-0.0319347083568573,-0.024052083492279053,0.13380864262580872
1479,4497,20605,Place,Place,False,22.0,low_degree,True,True,both_correct,0,0,20605,20605,0.28718265891075134,0.2539837658405304,0.1598813682794571,0.29895228147506714,0.18701773881912231,0.2205226868391037,0.15616221725940704,0.43629729747772217,-0.10016492009162903,-0.0334610790014267,-0.003719151020050049,0.13734501600265503
1480,4437,19303,Creative Work,Creative Work,False,108.0,high_degree,False,False,both_wrong,2,1,23396,23396,0.3205191195011139,0.1880834549665451,0.15759995579719543,0.333797425031662,0.19045650959014893,0.18626071512699127,0.1092904806137085,0.5139923095703125,-0.13006260991096497,-0.001822739839553833,-0.04830947518348694,0.1801948845386505
1481,12310,22224,Entity,Entity,False,6.0,low_degree,True,True,both_correct,0,0,22224,22224,0.2909765839576721,0.21044392883777618,0.1848490685224533,0.3137304186820984,0.2909765839576721,0.21044392883777618,0.1848490685224533,0.3137304186820984,0.0,0.0,0.0,0.0
1482,6138,24308,Entity,Entity,False,4.0,low_degree,False,False,both_wrong,56,40,27475,27475,0.29321688413619995,0.21374809741973877,0.18823809921741486,0.30479690432548523,0.29321688413619995,0.21374809741973877,0.18823809921741486,0.30479690432548523,0.0,0.0,0.0,0.0
1483,2836,21843,Person,Person,False,110.0,high_degree,True,True,both_correct,0,0,21843,21843,0.2706468105316162,0.31378671526908875,0.14881132543087006,0.2667551338672638,0.19550469517707825,0.3561563193798065,0.1074950248003006,0.34084391593933105,-0.07514211535453796,0.04236960411071777,-0.04131630063056946,0.07408878207206726
1484,6767,21399,Place,Place,False,21.0,low_degree,True,True,both_correct,0,0,21399,21399,0.2970220446586609,0.2467869520187378,0.17186085879802704,0.28433018922805786,0.19530260562896729,0.21635395288467407,0.16949287056922913,0.4188506305217743,-0.1017194390296936,-0.03043299913406372,-0.0023679882287979126,0.13452044129371643
1485,8690,24575,Person,Person,False,37.0,mid_degree,True,True,both_correct,0,0,24575,24575,0.2751634120941162,0.289045512676239,0.15614743530750275,0.27964359521865845,0.19934621453285217,0.32902973890304565,0.1131189689040184,0.35850510001182556,-0.07581719756126404,0.03998422622680664,-0.043028466403484344,0.07886150479316711
1486,2561,16303,Place,Place,False,250.0,high_degree,True,True,both_correct,0,0,16303,16303,0.25908297300338745,0.23087002336978912,0.24995823204517365,0.2600887715816498,0.16975480318069458,0.20168337225914001,0.2456480711698532,0.382913738489151,-0.08932816982269287,-0.02918665111064911,-0.004310160875320435,0.12282496690750122
1487,9705,25564,Creative Work,Creative Work,False,54.0,mid_degree,True,True,both_correct,0,0,25564,25564,0.3211710751056671,0.19290009140968323,0.15372468531131744,0.3322041928768158,0.19110389053821564,0.19129067659378052,0.10672499239444733,0.5108804702758789,-0.13006718456745148,-0.00160941481590271,-0.04699969291687012,0.1786762773990631
1488,9658,26121,Creative Work,Creative Work,False,60.0,mid_degree,True,True,both_correct,0,0,26121,26121,0.29276028275489807,0.25649598240852356,0.1486414670944214,0.30210229754447937,0.1748446375131607,0.2552989423274994,0.1035817489027977,0.46627458930015564,-0.11791564524173737,-0.00119704008102417,-0.04505971819162369,0.16417229175567627
1489,4665,27046,Person,Person,False,50.0,mid_degree,True,True,both_correct,0,0,27046,27046,0.2753225266933441,0.2774512767791748,0.1719299852848053,0.2752961814403534,0.2009056806564331,0.31811726093292236,0.125473290681839,0.35550373792648315,-0.07441684603691101,0.04066598415374756,-0.04645669460296631,0.08020755648612976
1490,6540,19845,Place,Place,False,23.0,low_degree,True,True,both_correct,0,0,19845,19845,0.2871757447719574,0.2500007748603821,0.16406525671482086,0.29875820875167847,0.18689483404159546,0.21692703664302826,0.16014738380908966,0.436030775308609,-0.10028091073036194,-0.03307373821735382,-0.003917872905731201,0.13727256655693054
1491,8094,22797,Person,Person,False,31.0,low_degree,True,True,both_correct,0,0,22797,22797,0.275430828332901,0.28278660774230957,0.1653161644935608,0.27646636962890625,0.20045670866966248,0.32338371872901917,0.12031743675470352,0.35584214329719543,-0.07497411966323853,0.040597110986709595,-0.04499872773885727,0.07937577366828918
1492,3521,15185,Entity,Entity,False,492.0,high_degree,False,False,both_wrong,1,1,15102,15102,0.2703299820423126,0.2071148008108139,0.24868132174015045,0.2738739252090454,0.2703299820423126,0.2071147859096527,0.24868132174015045,0.2738739252090454,0.0,-1.4901161193847656e-08,0.0,0.0
1493,5692,20731,Creative Work,Creative Work,False,77.0,high_degree,True,True,both_correct,0,0,20731,20731,0.3203542232513428,0.19250990450382233,0.1552238166332245,0.3319120407104492,0.1905892938375473,0.19087529182434082,0.1077655702829361,0.5107698440551758,-0.12976492941379547,-0.0016346126794815063,-0.04745824635028839,0.17885780334472656
1494,12054,16313,Person,Person,False,59.0,mid_degree,True,True,both_correct,0,0,16313,16313,0.24810415506362915,0.25098785758018494,0.25285792350769043,0.24805007874965668,0.1859811693429947,0.2956235706806183,0.18956124782562256,0.32883402705192566,-0.06212298572063446,0.04463571310043335,-0.06329667568206787,0.08078394830226898
1495,10665,24924,Person,Person,False,29.0,low_degree,True,True,both_correct,0,0,24924,24924,0.2755979299545288,0.2865533232688904,0.1563146412372589,0.2815340757369995,0.19970186054706573,0.32625994086265564,0.11326881498098373,0.3607693612575531,-0.07589606940746307,0.03970661759376526,-0.04304582625627518,0.07923528552055359
1496,10679,27323,Person,Person,False,45.0,mid_degree,True,True,both_correct,0,0,27323,27323,0.26893487572669983,0.28480663895606995,0.1749686598777771,0.2712898552417755,0.19612951576709747,0.326360285282135,0.12760649621486664,0.34990376234054565,-0.07280535995960236,0.041553646326065063,-0.04736216366291046,0.07861390709877014
1497,10945,17655,Person,Person,False,53.0,mid_degree,True,True,both_correct,0,0,17655,17655,0.279876172542572,0.29483044147491455,0.1530313789844513,0.27226200699806213,0.2031264305114746,0.3362201750278473,0.11105884611606598,0.34959450364112854,-0.07674974203109741,0.04138973355293274,-0.041972532868385315,0.0773324966430664
1498,1545,21793,Organization,Organization,False,102.0,high_degree,True,True,both_correct,0,0,21793,21793,0.2978815734386444,0.23434698581695557,0.1691838502883911,0.2985876202583313,0.22350060939788818,0.2009275108575821,0.1450730711221695,0.43049877882003784,-0.07438096404075623,-0.033419474959373474,-0.02411077916622162,0.13191115856170654
1499,2566,26922,Person,Person,False,55.0,mid_degree,True,True,both_correct,0,0,26922,26922,0.2742580473423004,0.29225313663482666,0.16796615719795227,0.26552268862724304,0.20013657212257385,0.33510494232177734,0.12257065623998642,0.3421877920627594,-0.07412147521972656,0.042851805686950684,-0.04539550095796585,0.07666510343551636
1500,885,19361,Creative Work,Creative Work,False,124.0,high_degree,True,True,both_correct,0,0,19361,19361,0.32129234075546265,0.1884455382823944,0.15566308796405792,0.3345990478992462,0.19089624285697937,0.1866002082824707,0.10793572664260864,0.5145678520202637,-0.13039609789848328,-0.001845329999923706,-0.04772736132144928,0.17996880412101746
1501,2235,27608,Creative Work,Creative Work,False,122.0,high_degree,True,True,both_correct,0,0,27608,27608,0.3323470950126648,0.1893138438463211,0.15504728257656097,0.3232917785644531,0.1996382772922516,0.18952365219593048,0.108670674264431,0.5021673440933228,-0.1327088177204132,0.000209808349609375,-0.046376608312129974,0.17887556552886963
1502,6411,24736,Organization,Organization,False,41.0,mid_degree,True,True,both_correct,0,0,24736,24736,0.30339497327804565,0.22864308953285217,0.16525988280773163,0.3027020990848541,0.22730502486228943,0.19575099647045135,0.1415012776851654,0.435442715883255,-0.07608994841575623,-0.03289209306240082,-0.023758605122566223,0.13274061679840088
1503,13501,17709,Place,Place,False,29.0,low_degree,True,True,both_correct,0,0,17709,17709,0.2922084927558899,0.2519586384296417,0.1639413833618164,0.29189151525497437,0.19119399785995483,0.2198031097650528,0.16088831424713135,0.42811456322669983,-0.10101449489593506,-0.03215552866458893,-0.0030530691146850586,0.13622304797172546
1504,12344,23079,Organization,Organization,False,44.0,mid_degree,False,False,both_wrong,3,4,25038,25038,0.3048046827316284,0.22913730144500732,0.15821485221385956,0.3078432083129883,0.22770728170871735,0.1956125944852829,0.13508114218711853,0.4415990114212036,-0.07709740102291107,-0.033524706959724426,-0.023133710026741028,0.13375580310821533
1505,2439,19796,Person,Person,False,271.0,high_degree,True,True,both_correct,0,0,19796,19796,0.24635049700737,0.2551274299621582,0.2490599900484085,0.2494620680809021,0.1841408908367157,0.2996441125869751,0.1861882209777832,0.330026775598526,-0.0622096061706543,0.044516682624816895,-0.0628717690706253,0.0805647075176239
1506,2545,26834,Creative Work,Creative Work,False,116.0,high_degree,True,True,both_correct,0,0,26834,26834,0.3274734318256378,0.19158460199832916,0.15137195587158203,0.3295700252056122,0.19544905424118042,0.19056738913059235,0.10542499274015427,0.5085585713386536,-0.1320243775844574,-0.0010172128677368164,-0.045946963131427765,0.17898854613304138
1507,11675,17463,Place,Place,False,31.0,low_degree,False,False,both_wrong,1,1,16416,16416,0.2944607734680176,0.24296002089977264,0.157680481672287,0.304898738861084,0.19149640202522278,0.21066470444202423,0.15380311012268066,0.44403573870658875,-0.1029643714427948,-0.03229531645774841,-0.0038773715496063232,0.13913699984550476
1508,2180,23494,Creative Work,Creative Work,False,72.0,mid_degree,True,True,both_correct,0,0,23494,23494,0.3324078619480133,0.18679000437259674,0.15324603021144867,0.3275561034679413,0.19911031424999237,0.18646816909313202,0.10711515694856644,0.5073063969612122,-0.13329754769802094,-0.0003218352794647217,-0.04613087326288223,0.17975029349327087
1509,2222,22388,Person,Person,False,98.0,high_degree,True,True,both_correct,0,0,22388,22388,0.2703804075717926,0.2775905728340149,0.1772552728652954,0.2747737467288971,0.1974237859249115,0.3184800148010254,0.1294262707233429,0.3546698987483978,-0.0729566216468811,0.0408894419670105,-0.047829002141952515,0.07989615201950073
1510,4151,27399,Creative Work,Creative Work,False,70.0,mid_degree,False,False,both_wrong,200,47,22418,27106,0.33029553294181824,0.1923707127571106,0.15307480096817017,0.3242589235305786,0.1980457603931427,0.19223442673683167,0.10710079222917557,0.5026190876960754,-0.13224977254867554,-0.00013628602027893066,-0.0459740087389946,0.17836016416549683
1511,10153,18011,Person,Person,False,62.0,mid_degree,False,False,both_wrong,1,1,17172,17172,0.2522990107536316,0.22642624378204346,0.2522350549697876,0.26903972029685974,0.18881963193416595,0.2662622928619385,0.18875983357429504,0.3561582565307617,-0.06347937881946564,0.03983604907989502,-0.06347522139549255,0.08711853623390198
1512,3142,24731,Person,Person,False,88.0,high_degree,True,True,both_correct,0,0,24731,24731,0.2797899842262268,0.28965094685554504,0.151136577129364,0.2794225215911865,0.20272913575172424,0.32977014780044556,0.10951218754053116,0.35798850655555725,-0.07706084847450256,0.04011920094490051,-0.041624389588832855,0.07856598496437073
1513,1492,17227,Place,Place,False,108.0,high_degree,True,True,both_correct,0,0,17227,17227,0.3025650978088379,0.25224921107292175,0.14731071889400482,0.29787495732307434,0.19792231917381287,0.2200021594762802,0.14453117549419403,0.4375443458557129,-0.10464277863502502,-0.03224705159664154,-0.002779543399810791,0.13966938853263855
1514,9431,24034,Creative Work,Creative Work,False,104.0,high_degree,True,True,both_correct,0,0,24034,24034,0.32609665393829346,0.1886029839515686,0.1564541906118393,0.32884612679481506,0.19488525390625,0.18784986436367035,0.10909489542245865,0.5081700086593628,-0.13121140003204346,-0.0007531195878982544,-0.047359295189380646,0.17932388186454773
1515,3979,24519,Person,Person,False,67.0,mid_degree,True,True,both_correct,0,0,24519,24519,0.2731691300868988,0.2964225113391876,0.15327370166778564,0.27713456749916077,0.19761799275875092,0.33694422245025635,0.11088100075721741,0.3545567989349365,-0.07555113732814789,0.040521711111068726,-0.04239270091056824,0.07742223143577576
1516,14372,16022,Entity,Entity,False,6.0,low_degree,True,True,both_correct,0,0,16022,16022,0.31806686520576477,0.20070888102054596,0.15511171519756317,0.3261125087738037,0.31806686520576477,0.20070888102054596,0.15511171519756317,0.3261125087738037,0.0,0.0,0.0,0.0
1517,920,15518,Place,Place,False,264.0,high_degree,True,True,both_correct,0,0,15518,15518,0.262349933385849,0.2326391339302063,0.24975456297397614,0.2552563548088074,0.17239053547382355,0.20381559431552887,0.24645383656024933,0.37734001874923706,-0.08995939791202545,-0.02882353961467743,-0.0033007264137268066,0.12208366394042969
1518,8140,17711,Creative Work,Entity,True,66.0,mid_degree,False,False,both_wrong,57,24,16616,16616,0.3046351671218872,0.18909722566604614,0.14525771141052246,0.3610098958015442,0.17725472152233124,0.1833719164133072,0.09860389679670334,0.5407695174217224,-0.12738044559955597,-0.005725309252738953,-0.04665381461381912,0.17975962162017822
1519,10286,23103,Person,Person,False,59.0,mid_degree,True,True,both_correct,0,0,23103,23103,0.28102391958236694,0.2876950204372406,0.14834003150463104,0.2829410135746002,0.20335052907466888,0.3271048665046692,0.10733360797166824,0.3622110188007355,-0.07767339050769806,0.03940984606742859,-0.0410064235329628,0.07927000522613525
1520,3019,21830,Person,Person,False,90.0,high_degree,True,True,both_correct,0,0,21830,21830,0.281859427690506,0.28505071997642517,0.1531742513179779,0.27991557121276855,0.2045879065990448,0.3251041769981384,0.11117961257696152,0.35912832617759705,-0.07727152109146118,0.04005345702171326,-0.04199463874101639,0.07921275496482849
1521,1040,23946,Event,Event,False,156.0,high_degree,True,True,both_correct,0,0,23946,23946,0.3039730489253998,0.22502653300762177,0.16036294400691986,0.3106374442577362,0.3006667196750641,0.2225635051727295,0.15868236124515533,0.3180873990058899,-0.0033063292503356934,-0.002463027834892273,-0.0016805827617645264,0.0074499547481536865
1522,2114,17595,Place,Place,False,183.0,high_degree,True,True,both_correct,0,0,17595,17595,0.31324172019958496,0.23913165926933289,0.1468699723482132,0.3007566034793854,0.2050655633211136,0.20872335135936737,0.14421039819717407,0.4420006275177002,-0.10817615687847137,-0.030408307909965515,-0.0026595741510391235,0.14124402403831482
1523,7692,18566,Person,Person,False,133.0,high_degree,True,True,both_correct,0,0,18566,18566,0.2859291732311249,0.28275927901268005,0.15074439346790314,0.2805671989917755,0.20764783024787903,0.3226549029350281,0.10947225242853165,0.3602250814437866,-0.07828134298324585,0.03989562392234802,-0.04127214103937149,0.07965788245201111
1524,903,20419,Person,Person,False,73.0,mid_degree,True,True,both_correct,0,0,20419,20419,0.2705610692501068,0.29381296038627625,0.15210935473442078,0.28351667523384094,0.19524361193180084,0.33314570784568787,0.1097668781876564,0.3618437647819519,-0.07531745731830597,0.03933274745941162,-0.042342476546764374,0.07832708954811096
1525,595,21006,Person,Person,False,229.0,high_degree,True,True,both_correct,0,0,21006,21006,0.27757835388183594,0.28520622849464417,0.1552138477563858,0.2820016145706177,0.20111098885536194,0.32468360662460327,0.11246170103549957,0.3617437779903412,-0.076467365026474,0.039477378129959106,-0.04275214672088623,0.07974216341972351
1526,6628,27194,Event,Event,False,50.0,mid_degree,False,False,both_wrong,3,3,26664,26664,0.29401805996894836,0.2283584326505661,0.16179125010967255,0.315832257270813,0.29076218605041504,0.22581404447555542,0.16008837521076202,0.3233354389667511,-0.003255873918533325,-0.002544388175010681,-0.0017028748989105225,0.00750318169593811
1527,7076,27738,Place,Place,False,14.0,low_degree,True,False,harmed,0,2,27738,16639,0.3103591203689575,0.20022772252559662,0.17585346102714539,0.31355974078178406,0.20095008611679077,0.17285026609897614,0.1707768589258194,0.4554227888584137,-0.10940903425216675,-0.027377456426620483,-0.005076602101325989,0.14186304807662964
1528,10448,18670,Person,Person,False,75.0,high_degree,True,True,both_correct,0,0,18670,18670,0.2521086037158966,0.2660062611103058,0.22063176333904266,0.26125338673591614,0.18623663485050201,0.3087582588195801,0.16298334300518036,0.34202179312705994,-0.06587196886539459,0.04275199770927429,-0.057648420333862305,0.0807684063911438
1529,3127,26548,Creative Work,Creative Work,False,129.0,high_degree,True,True,both_correct,0,0,26548,26548,0.3286953866481781,0.18920084834098816,0.16104061901569366,0.32106319069862366,0.19784235954284668,0.18979255855083466,0.1131104901432991,0.4992544949054718,-0.13085302710533142,0.0005917102098464966,-0.04793012887239456,0.17819130420684814
1530,5381,23113,Organization,Organization,False,99.0,high_degree,True,True,both_correct,0,0,23113,23113,0.30864548683166504,0.234612837433815,0.1467074155807495,0.31003430485725403,0.23029270768165588,0.20003975927829742,0.1251021921634674,0.44456541538238525,-0.07835277915000916,-0.03457307815551758,-0.021605223417282104,0.13453111052513123
1531,5388,23352,Creative Work,Creative Work,False,72.0,mid_degree,True,True,both_correct,0,0,23352,23352,0.32736462354660034,0.1900821477174759,0.15208794176578522,0.33046531677246094,0.19521492719650269,0.18890884518623352,0.1058373898267746,0.5100387930870056,-0.13214969635009766,-0.0011733025312423706,-0.04625055193901062,0.17957347631454468
1532,269,17405,Organization,Organization,False,946.0,high_degree,True,True,both_correct,0,0,17405,17405,0.2449570596218109,0.2007056623697281,0.14019621908664703,0.4141409993171692,0.1711050570011139,0.1602114588022232,0.11192312836647034,0.5567602515220642,-0.07385200262069702,-0.04049420356750488,-0.028273090720176697,0.14261925220489502
1533,2167,24505,Creative Work,Creative Work,False,133.0,high_degree,True,True,both_correct,0,0,24505,24505,0.3204931318759918,0.186064675450325,0.14718149602413177,0.346260666847229,0.18853811919689178,0.18241988122463226,0.10105139017105103,0.5279906392097473,-0.13195501267910004,-0.003644794225692749,-0.04613010585308075,0.1817299723625183
1534,9008,17334,Place,Place,False,40.0,mid_degree,True,True,both_correct,0,0,17334,17334,0.26792651414871216,0.22289533913135529,0.23805809020996094,0.27112001180648804,0.17509785294532776,0.19421817362308502,0.23334744572639465,0.39733651280403137,-0.0928286612033844,-0.028677165508270264,-0.004710644483566284,0.12621650099754333
1535,4740,19207,Place,Place,False,25.0,low_degree,False,False,both_wrong,4,3,21308,21308,0.291861891746521,0.23644934594631195,0.16571062803268433,0.3059781491756439,0.18933841586112976,0.2045137882232666,0.1612377017736435,0.4449101388454437,-0.10252347588539124,-0.03193555772304535,-0.0044729262590408325,0.1389319896697998
1536,9439,17320,Place,Place,False,41.0,mid_degree,True,True,both_correct,0,0,17320,17320,0.2699018716812134,0.23162728548049927,0.21358919143676758,0.2848816215991974,0.17542287707328796,0.20072124898433685,0.20821607112884521,0.41563981771469116,-0.09447899460792542,-0.030906036496162415,-0.005373120307922363,0.13075819611549377
1537,12026,23620,Person,Person,False,30.0,low_degree,True,False,harmed,0,1,23620,27122,0.27717477083206177,0.2948116660118103,0.15356026589870453,0.2744533121585846,0.20095229148864746,0.33584269881248474,0.11132444441318512,0.35188058018684387,-0.0762224793434143,0.04103103280067444,-0.04223582148551941,0.07742726802825928
1538,3694,21148,Organization,Organization,False,73.0,mid_degree,True,True,both_correct,0,0,21148,21148,0.3030473589897156,0.24000105261802673,0.1554679423570633,0.301483690738678,0.2271810919046402,0.20559895038604736,0.1331971436738968,0.43402281403541565,-0.07586626708507538,-0.03440210223197937,-0.022270798683166504,0.13253912329673767
1539,184,20311,Person,Person,False,108.0,high_degree,True,True,both_correct,0,0,20311,20311,0.2647908926010132,0.31480318307876587,0.14711716771125793,0.27328869700431824,0.1904819756746292,0.35582882165908813,0.10583823919296265,0.3478509485721588,-0.07430891692638397,0.041025638580322266,-0.04127892851829529,0.07456225156784058
1540,1101,24609,Person,Person,False,105.0,high_degree,True,True,both_correct,0,0,24609,24609,0.2829822599887848,0.2892734706401825,0.15054093301296234,0.2772032916545868,0.20533140003681183,0.32980501651763916,0.10923455655574799,0.35562899708747864,-0.07765085995197296,0.040531545877456665,-0.041306376457214355,0.07842570543289185
1541,7864,16432,Person,Person,False,68.0,mid_degree,True,True,both_correct,0,0,16432,16432,0.26956361532211304,0.2772846221923828,0.18443234264850616,0.26871946454048157,0.1974937915802002,0.3192044198513031,0.13511791825294495,0.34818390011787415,-0.07206982374191284,0.04191979765892029,-0.04931442439556122,0.07946443557739258
1542,12101,17349,Organization,Organization,False,48.0,mid_degree,True,True,both_correct,0,0,17349,17349,0.3017209768295288,0.22625002264976501,0.16143719851970673,0.31059178709983826,0.22496652603149414,0.19277311861515045,0.13756509125232697,0.4446953237056732,-0.07675445079803467,-0.03347690403461456,-0.02387210726737976,0.13410353660583496
1543,11025,16264,Person,Person,False,49.0,mid_degree,False,False,both_wrong,38,13,19173,19173,0.2654094994068146,0.27912256121635437,0.18914012610912323,0.266327828168869,0.19455119967460632,0.32148686051368713,0.1386493593454361,0.34531256556510925,-0.07085829973220825,0.042364299297332764,-0.050490766763687134,0.07898473739624023
1544,11483,26183,Person,Person,False,52.0,mid_degree,True,True,both_correct,0,0,26183,26183,0.2787087857723236,0.29004040360450745,0.14984536170959473,0.2814054489135742,0.20165392756462097,0.3297356963157654,0.10841984301805496,0.36019057035446167,-0.07705485820770264,0.039695292711257935,-0.041425518691539764,0.07878512144088745
1545,14787,21505,Entity,Entity,False,4.0,low_degree,True,True,both_correct,0,0,21505,21505,0.2990240752696991,0.20755843818187714,0.1868055909872055,0.30661189556121826,0.2990240752696991,0.20755843818187714,0.1868055909872055,0.30661189556121826,0.0,0.0,0.0,0.0
1546,1597,17643,Creative Work,Creative Work,False,120.0,high_degree,False,False,both_wrong,11,1,15352,15352,0.3088081181049347,0.2037023901939392,0.15104804933071136,0.33644139766693115,0.1830674409866333,0.20125965774059296,0.1044660434126854,0.5112068057060242,-0.1257406771183014,-0.0024427324533462524,-0.04658200591802597,0.17476540803909302
1547,9773,25578,Person,Person,False,61.0,mid_degree,False,True,rescued,1,0,15475,25578,0.24363520741462708,0.25869446992874146,0.24940824508666992,0.24826206266880035,0.1820218563079834,0.3036842346191406,0.18636158108711243,0.32793232798576355,-0.06161335110664368,0.04498976469039917,-0.0630466639995575,0.0796702653169632
1548,2271,17640,Entity,Entity,False,27.0,low_degree,True,True,both_correct,0,0,17640,17640,0.2657131552696228,0.2074156552553177,0.2512894570827484,0.2755817472934723,0.2657131552696228,0.2074156552553177,0.2512894570827484,0.2755817472934723,0.0,0.0,0.0,0.0
1549,7111,19665,Creative Work,Creative Work,False,90.0,high_degree,True,True,both_correct,0,0,19665,19665,0.3133292496204376,0.18802602589130402,0.15640731155872345,0.34223735332489014,0.18497690558433533,0.18499621748924255,0.10774615406990051,0.5222806930541992,-0.1283523440361023,-0.0030298084020614624,-0.04866115748882294,0.18004333972930908
1550,4554,24788,Person,Person,False,97.0,high_degree,True,True,both_correct,0,0,24788,24788,0.28109458088874817,0.2856017053127289,0.14969728887081146,0.28360646963119507,0.20352375507354736,0.3249196708202362,0.10838806629180908,0.36316850781440735,-0.0775708258152008,0.039317965507507324,-0.04130922257900238,0.07956203818321228
1551,3705,18343,Person,Person,False,97.0,high_degree,True,True,both_correct,0,0,18343,18343,0.2782221734523773,0.2961841821670532,0.1485278308391571,0.27706578373908997,0.20129510760307312,0.33670973777770996,0.10746654868125916,0.3545285761356354,-0.0769270658493042,0.04052555561065674,-0.04106128215789795,0.07746279239654541
1552,8641,19682,Place,Place,False,20.0,low_degree,True,True,both_correct,0,0,19682,19682,0.29276448488235474,0.2332427203655243,0.165526881814003,0.30846595764160156,0.1896490454673767,0.20144794881343842,0.16082507371902466,0.448077917098999,-0.10311543941497803,-0.031794771552085876,-0.0047018080949783325,0.13961195945739746
1553,3425,18289,Place,Place,False,27.0,low_degree,False,True,rescued,3,0,18290,18289,0.29272645711898804,0.23151080310344696,0.16522082686424255,0.31054186820983887,0.1894148886203766,0.19973120093345642,0.16035082936286926,0.45050308108329773,-0.10331156849861145,-0.03177960216999054,-0.004869997501373291,0.13996121287345886
1554,9416,19584,Person,Person,False,77.0,high_degree,True,True,both_correct,0,0,19584,19584,0.2639254629611969,0.2734214663505554,0.19932323694229126,0.2633298933506012,0.19434669613838196,0.31636083126068115,0.14676716923713684,0.34252530336380005,-0.06957876682281494,0.04293936491012573,-0.05255606770515442,0.07919541001319885
1555,4530,18014,Organization,Organization,False,153.0,high_degree,False,False,both_wrong,22,75,22538,22538,0.3248644769191742,0.2016928642988205,0.14409102499485016,0.32935166358947754,0.2401755154132843,0.17039737105369568,0.12174626439809799,0.4676809012889862,-0.08468896150588989,-0.03129549324512482,-0.022344760596752167,0.13832923769950867
1556,13446,20630,Place,Place,False,28.0,low_degree,False,False,both_wrong,4,11,19481,19481,0.28222471475601196,0.2570333480834961,0.1679176688194275,0.29282426834106445,0.1841123402118683,0.22356311976909637,0.16430051624774933,0.428024023771286,-0.09811237454414368,-0.03347022831439972,-0.0036171525716781616,0.13519975543022156
1557,11299,24301,Creative Work,Creative Work,False,70.0,mid_degree,True,True,both_correct,0,0,24301,24301,0.3415958285331726,0.18340371549129486,0.15316475927829742,0.3218357264995575,0.20602016150951385,0.18434661626815796,0.10778721421957016,0.5018460154533386,-0.13557566702365875,0.0009429007768630981,-0.045377545058727264,0.18001028895378113
1558,5845,20126,Place,Place,False,29.0,low_degree,True,True,both_correct,0,0,20126,20126,0.28366148471832275,0.2529066801071167,0.18041540682315826,0.28301647305488586,0.18587149679660797,0.22095085680484772,0.1773122400045395,0.41586536169052124,-0.09778998792171478,-0.03195582330226898,-0.0031031668186187744,0.13284888863563538
1559,2342,25349,Creative Work,Creative Work,False,54.0,mid_degree,True,True,both_correct,0,0,25349,25349,0.3128965497016907,0.19311128556728363,0.16490931808948517,0.3290828466415405,0.18659232556819916,0.19192415475845337,0.11473511904478073,0.5067484378814697,-0.12630422413349152,-0.0011871308088302612,-0.05017419904470444,0.1776655912399292
1560,6136,27445,Creative Work,Creative Work,False,90.0,high_degree,False,False,both_wrong,96,19,25196,27570,0.3101394474506378,0.1893070638179779,0.1506028026342392,0.3499507009983063,0.18161530792713165,0.1847526729106903,0.10291276127099991,0.5307192802429199,-0.12852413952350616,-0.004554390907287598,-0.04769004136323929,0.18076857924461365
1561,6833,18229,Person,Person,False,106.0,high_degree,True,True,both_correct,0,0,18229,18229,0.267772376537323,0.3053201735019684,0.14810596406459808,0.27880147099494934,0.1927967369556427,0.34541505575180054,0.10663771629333496,0.3551504909992218,-0.0749756395816803,0.04009488224983215,-0.04146824777126312,0.07634902000427246
1562,309,22720,Creative Work,Creative Work,False,55.0,mid_degree,True,True,both_correct,0,0,22720,22720,0.31137317419052124,0.1955394744873047,0.1492525190114975,0.3438348174095154,0.18298152089118958,0.1915087252855301,0.1023511067032814,0.523158609867096,-0.12839165329933167,-0.004030749201774597,-0.046901412308216095,0.17932379245758057
1563,4206,22878,Creative Work,Creative Work,False,166.0,high_degree,False,False,both_wrong,2,1,19303,19303,0.3295944035053253,0.1864817887544632,0.15265923738479614,0.33126458525657654,0.19660291075706482,0.18538568913936615,0.10627377778291702,0.5117376446723938,-0.1329914927482605,-0.001096099615097046,-0.04638545960187912,0.18047305941581726
1564,8592,27520,Creative Work,Creative Work,False,98.0,high_degree,True,True,both_correct,0,0,27520,27520,0.3186039924621582,0.19197247922420502,0.15323619544506073,0.3361872732639313,0.18889202177524567,0.18968398869037628,0.10601291060447693,0.5154111385345459,-0.12971197068691254,-0.0022884905338287354,-0.0472232848405838,0.17922386527061462
1565,13687,17612,Entity,Entity,False,14.0,low_degree,True,False,harmed,0,1,17612,17606,0.3262014091014862,0.2022317349910736,0.15258990228176117,0.31897690892219543,0.3262014091014862,0.2022317349910736,0.15258990228176117,0.31897690892219543,0.0,0.0,0.0,0.0
1566,4634,18404,Place,Place,False,20.0,low_degree,True,True,both_correct,0,0,18404,18404,0.2814781665802002,0.24824418127536774,0.1764221489429474,0.2938554584980011,0.18334166705608368,0.215585857629776,0.17235508561134338,0.4287174344062805,-0.09813649952411652,-0.032658323645591736,-0.004067063331604004,0.13486197590827942
1567,6029,19967,Entity,Entity,False,16.0,low_degree,True,True,both_correct,0,0,19967,19967,0.2973707914352417,0.21220213174819946,0.1846400648355484,0.30578699707984924,0.2973707914352417,0.21220213174819946,0.1846400648355484,0.30578699707984924,0.0,0.0,0.0,0.0
1568,10265,23979,Organization,Organization,False,44.0,mid_degree,True,True,both_correct,0,0,23979,23979,0.2996843159198761,0.22684377431869507,0.16263781487941742,0.3108340799808502,0.22337716817855835,0.19321802258491516,0.13854411244392395,0.44486069679260254,-0.07630714774131775,-0.03362575173377991,-0.02409370243549347,0.13402661681175232
1569,7847,17742,Organization,Organization,False,56.0,mid_degree,True,True,both_correct,0,0,17742,17742,0.3119480311870575,0.22324928641319275,0.15187717974185944,0.31292545795440674,0.2324991673231125,0.1901405304670334,0.12936705350875854,0.44799327850341797,-0.07944886386394501,-0.03310875594615936,-0.02251012623310089,0.13506782054901123
1570,14821,18643,Place,Place,False,3.0,low_degree,True,True,both_correct,0,0,18643,18643,0.2786093056201935,0.2423115223646164,0.18140695989131927,0.2976721227169037,0.18084540963172913,0.20970521867275238,0.17661234736442566,0.43283694982528687,-0.09776389598846436,-0.032606303691864014,-0.004794612526893616,0.13516482710838318
1571,13600,16760,Entity,Entity,False,25.0,low_degree,True,True,both_correct,0,0,16760,16760,0.2716793417930603,0.2077951729297638,0.2517571449279785,0.2687683403491974,0.2716793417930603,0.207795187830925,0.2517571449279785,0.2687683403491974,0.0,1.4901161193847656e-08,0.0,0.0
1572,7578,24048,Creative Work,Creative Work,False,79.0,high_degree,True,True,both_correct,0,0,24048,24048,0.3212340474128723,0.18962962925434113,0.15885861217975616,0.330277681350708,0.19150380790233612,0.1884046345949173,0.11051341146230698,0.5095781087875366,-0.1297302395105362,-0.0012249946594238281,-0.04834520071744919,0.1793004274368286
1573,6192,22517,Person,Person,False,34.0,mid_degree,True,True,both_correct,0,0,22517,22517,0.2759183347225189,0.2864925265312195,0.16244788467884064,0.27514123916625977,0.20066553354263306,0.32738417387008667,0.11814303696155548,0.3538073003292084,-0.07525280117988586,0.04089164733886719,-0.044304847717285156,0.07866606116294861
1574,5690,26192,Person,Person,False,83.0,high_degree,True,True,both_correct,0,0,26192,26192,0.26886892318725586,0.2923428416252136,0.16216471791267395,0.27662354707717896,0.19492098689079285,0.33301451802253723,0.11756186932325363,0.35450267791748047,-0.07394793629646301,0.04067167639732361,-0.04460284858942032,0.07787913084030151
1575,4736,15591,Organization,Organization,False,351.0,high_degree,True,True,both_correct,0,0,15591,15591,0.2666987180709839,0.20989730954170227,0.25793442130088806,0.2654695510864258,0.20332859456539154,0.18286967277526855,0.2248721420764923,0.3889295756816864,-0.06337012350559235,-0.027027636766433716,-0.03306227922439575,0.12346002459526062
1576,14922,27708,Entity,Organization,True,2.0,low_degree,False,False,both_wrong,50,117,27523,27523,0.29547828435897827,0.21133597195148468,0.18944735825061798,0.30373838543891907,0.29547828435897827,0.2113359570503235,0.18944735825061798,0.30373838543891907,0.0,-1.4901161193847656e-08,0.0,0.0
1577,5325,24856,Creative Work,Creative Work,False,30.0,low_degree,True,True,both_correct,0,0,24856,24856,0.28560498356819153,0.2616279721260071,0.1635507494211197,0.2892162799835205,0.17219042778015137,0.262879878282547,0.11504419147968292,0.4498854875564575,-0.11341455578804016,0.001251906156539917,-0.04850655794143677,0.160669207572937
1578,6957,16733,Creative Work,Entity,True,38.0,mid_degree,True,True,both_correct,0,0,16733,16733,0.3231392204761505,0.20761673152446747,0.1447240561246872,0.3245199918746948,0.19270333647727966,0.20634353160858154,0.10071131587028503,0.5002418160438538,-0.13043588399887085,-0.0012731999158859253,-0.04401274025440216,0.17572182416915894
1579,13928,23700,Entity,Organization,True,13.0,low_degree,True,True,both_correct,0,0,23700,23700,0.26247042417526245,0.20862974226474762,0.2507112920284271,0.2781885266304016,0.26247042417526245,0.20862971246242523,0.2507112920284271,0.2781885266304016,0.0,-2.9802322387695312e-08,0.0,0.0
1580,11943,19275,Place,Place,False,11.0,low_degree,True,True,both_correct,0,0,19275,19275,0.2770528793334961,0.26179301738739014,0.15924662351608276,0.3019074499607086,0.1797105222940445,0.22640830278396606,0.15493008494377136,0.4389510452747345,-0.0973423570394516,-0.03538471460342407,-0.004316538572311401,0.13704359531402588
1581,12908,24914,Organization,Organization,False,38.0,mid_degree,False,False,both_wrong,1,1,25525,25525,0.3184059262275696,0.2024942934513092,0.15838459134101868,0.3207152187824249,0.23642241954803467,0.17181682586669922,0.13440380990505219,0.4573569595813751,-0.08198350667953491,-0.030677467584609985,-0.02398078143596649,0.1366417407989502
1582,4592,21638,Organization,Organization,False,64.0,mid_degree,True,True,both_correct,0,0,21638,21638,0.30770018696784973,0.19362075626850128,0.15030798316001892,0.34837105870246887,0.22456081211566925,0.1614738553762436,0.12536606192588806,0.4885993003845215,-0.08313937485218048,-0.03214690089225769,-0.02494192123413086,0.1402282416820526
1583,6292,17973,Person,Person,False,130.0,high_degree,True,True,both_correct,0,0,17973,17973,0.24835152924060822,0.25568750500679016,0.2475799322128296,0.24838101863861084,0.1857420653104782,0.30047234892845154,0.1851532757282257,0.32863226532936096,-0.06260946393013,0.04478484392166138,-0.06242665648460388,0.08025124669075012
1584,4771,18202,Person,Person,False,145.0,high_degree,True,True,both_correct,0,0,18202,18202,0.2492092251777649,0.25225216150283813,0.25001293420791626,0.2485257089138031,0.18672102689743042,0.296974241733551,0.18746550381183624,0.3288392722606659,-0.06248819828033447,0.04472208023071289,-0.06254743039608002,0.08031356334686279
1585,13336,24237,Entity,Organization,True,12.0,low_degree,True,True,both_correct,0,0,24237,24237,0.29842624068260193,0.21341796219348907,0.1849057674407959,0.3032500445842743,0.29842624068260193,0.21341797709465027,0.1849057823419571,0.3032500445842743,0.0,1.4901161193847656e-08,1.4901161193847656e-08,0.0
1586,2343,21606,Person,Person,False,111.0,high_degree,True,True,both_correct,0,0,21606,21606,0.28383296728134155,0.29306694865226746,0.1468943953514099,0.27620574831962585,0.20565345883369446,0.33364906907081604,0.10643426328897476,0.35426321625709534,-0.0781795084476471,0.040582120418548584,-0.04046013206243515,0.07805746793746948
1587,3074,26380,Creative Work,Creative Work,False,121.0,high_degree,True,True,both_correct,0,0,26380,26380,0.32700902223587036,0.19224166870117188,0.15023529529571533,0.33051395416259766,0.1949065625667572,0.19096055626869202,0.104493647813797,0.5096392035484314,-0.13210245966911316,-0.0012811124324798584,-0.045741647481918335,0.17912524938583374
1588,11950,23231,Person,Person,False,35.0,mid_degree,True,True,both_correct,0,0,23231,23231,0.27552247047424316,0.2980331480503082,0.15047192573547363,0.27597248554229736,0.1993071585893631,0.3387526869773865,0.10885123908519745,0.3530888855457306,-0.07621531188488007,0.04071953892707825,-0.041620686650276184,0.07711640000343323
1589,6404,24324,Person,Person,False,41.0,mid_degree,True,True,both_correct,0,0,24324,24324,0.2785274088382721,0.2923957407474518,0.15120188891887665,0.2778749167919159,0.20177236199378967,0.3328258693218231,0.10952866077423096,0.35587307810783386,-0.07675504684448242,0.04043012857437134,-0.04167322814464569,0.07799816131591797
1590,2687,19592,Place,Place,False,25.0,low_degree,True,True,both_correct,0,0,19592,19592,0.2891308069229126,0.24925369024276733,0.17205938696861267,0.2895561158657074,0.18902555108070374,0.2172652631998062,0.16871599853038788,0.4249931275844574,-0.10010525584220886,-0.03198842704296112,-0.0033433884382247925,0.13543701171875
1591,5561,18656,Entity,Entity,False,70.0,mid_degree,True,True,both_correct,0,0,18656,18656,0.30026668310165405,0.2165566235780716,0.17648103833198547,0.3066956102848053,0.30026668310165405,0.2165566235780716,0.17648103833198547,0.3066956102848053,0.0,0.0,0.0,0.0
1592,5728,22478,Creative Work,Creative Work,False,91.0,high_degree,True,True,both_correct,0,0,22478,22478,0.3141181766986847,0.18616105616092682,0.18242527544498444,0.31729546189308167,0.18958617746829987,0.18725459277629852,0.128469318151474,0.49468985199928284,-0.12453199923038483,0.001093536615371704,-0.05395595729351044,0.17739439010620117
1593,9691,26631,Creative Work,Creative Work,False,81.0,high_degree,True,True,both_correct,0,0,26631,26631,0.3292884826660156,0.18851187825202942,0.15170598030090332,0.33049365878105164,0.19655387103557587,0.18753090500831604,0.10566604882478714,0.5102491974830627,-0.13273461163043976,-0.000980973243713379,-0.04603993147611618,0.1797555387020111
1594,13750,18060,Person,Person,False,25.0,low_degree,True,True,both_correct,0,0,18060,18060,0.27736708521842957,0.2916567325592041,0.15432842075824738,0.27664774656295776,0.20108778774738312,0.33224183320999146,0.11187922954559326,0.35479113459587097,-0.07627929747104645,0.040585100650787354,-0.042449191212654114,0.07814338803291321
1595,11927,22848,Person,Person,False,62.0,mid_degree,True,True,both_correct,0,0,22848,22848,0.2739628255367279,0.28762009739875793,0.15938740968704224,0.2790296971797943,0.19869114458560944,0.32776138186454773,0.11560024321079254,0.3579472303390503,-0.07527168095111847,0.040141284465789795,-0.043787166476249695,0.07891753315925598
1596,6360,20807,Place,Place,False,27.0,low_degree,True,True,both_correct,0,0,20807,20807,0.2847907543182373,0.2446187138557434,0.18285605311393738,0.2877345085144043,0.1861308217048645,0.2131596952676773,0.17924843728542328,0.4214610755443573,-0.0986599326133728,-0.0314590185880661,-0.003607615828514099,0.133726567029953
1597,12349,24011,Organization,Organization,False,38.0,mid_degree,False,True,rescued,1,0,23204,24011,0.30627381801605225,0.22795231640338898,0.16378915309906006,0.3019847273826599,0.2296130657196045,0.19528831541538239,0.14033426344394684,0.4347643256187439,-0.07666075229644775,-0.03266400098800659,-0.02345488965511322,0.13277959823608398
1598,13516,17295,Place,Place,False,14.0,low_degree,True,True,both_correct,0,0,17295,17295,0.2868862450122833,0.24469463527202606,0.17427502572536469,0.2941440939903259,0.18703778088092804,0.2126998007297516,0.1704155057668686,0.4298468828201294,-0.09984846413135529,-0.031994834542274475,-0.0038595199584960938,0.13570278882980347
1599,7608,25808,Organization,Organization,False,24.0,low_degree,False,False,both_wrong,10,114,25787,25787,0.31078264117240906,0.2084086686372757,0.1593877524137497,0.32142093777656555,0.23051699995994568,0.17664770781993866,0.1351117491722107,0.4577234983444214,-0.08026564121246338,-0.031760960817337036,-0.024276003241539,0.13630256056785583
1600,14381,23457,Place,Place,False,2.0,low_degree,True,False,harmed,0,2,23457,22653,0.29337310791015625,0.22607651352882385,0.19163723289966583,0.28891316056251526,0.19182689487934113,0.19709163904190063,0.18794186413288116,0.4231396019458771,-0.10154621303081512,-0.028984874486923218,-0.003695368766784668,0.13422644138336182
1601,5005,20883,Person,Person,False,68.0,mid_degree,True,True,both_correct,0,0,20883,20883,0.2789590060710907,0.2844676375389099,0.15853986144065857,0.27803346514701843,0.20268462598323822,0.3247615694999695,0.11519826948642731,0.3573554754257202,-0.07627438008785248,0.04029393196105957,-0.04334159195423126,0.07932201027870178
1602,12743,26589,Entity,Organization,True,14.0,low_degree,False,False,both_wrong,13,8,15432,16633,0.29183682799339294,0.22434969246387482,0.18985280394554138,0.2939606308937073,0.29183682799339294,0.224349707365036,0.18985283374786377,0.29396066069602966,0.0,1.4901161193847656e-08,2.9802322387695312e-08,2.9802322387695312e-08
1603,11977,20022,Entity,Entity,False,8.0,low_degree,True,True,both_correct,0,0,20022,20022,0.31023359298706055,0.20049288868904114,0.15127111971378326,0.33800241351127625,0.31023359298706055,0.20049288868904114,0.15127111971378326,0.33800241351127625,0.0,0.0,0.0,0.0
1604,11258,24633,Person,Person,False,35.0,mid_degree,True,True,both_correct,0,0,24633,24633,0.2873467206954956,0.28449204564094543,0.15346668660640717,0.274694561958313,0.20920099318027496,0.32544630765914917,0.11172442883253098,0.3536282777786255,-0.07814572751522064,0.040954262018203735,-0.04174225777387619,0.0789337158203125
1605,6721,21978,Person,Creative Work,True,65.0,mid_degree,True,True,both_correct,0,0,21978,21978,0.2593856155872345,0.25431960821151733,0.22974765300750732,0.25654712319374084,0.19315512478351593,0.2975709140300751,0.17110376060009003,0.3381701707839966,-0.06623049080371857,0.04325130581855774,-0.0586438924074173,0.08162304759025574
1606,5254,22769,Event,Event,False,92.0,high_degree,False,False,both_wrong,25,17,27211,18337,0.3054055869579315,0.21018588542938232,0.14833419024944305,0.3360743224620819,0.3020787537097931,0.20788386464118958,0.14676856994628906,0.34326887130737305,-0.0033268332481384277,-0.002302020788192749,-0.0015656203031539917,0.007194548845291138
1607,6327,25222,Person,Person,False,52.0,mid_degree,True,True,both_correct,0,0,25222,25222,0.2723882496356964,0.29514917731285095,0.153480663895607,0.2789819538593292,0.19695082306861877,0.3353227972984314,0.11097987741231918,0.35674646496772766,-0.07543742656707764,0.040173619985580444,-0.04250078648328781,0.07776451110839844
1608,10161,24744,Person,Person,False,50.0,mid_degree,True,True,both_correct,0,0,24744,24744,0.2772485613822937,0.2848845422267914,0.15412575006484985,0.28374114632606506,0.2007984220981598,0.32419928908348083,0.11163002252578735,0.363372266292572,-0.07645013928413391,0.03931474685668945,-0.0424957275390625,0.07963111996650696
1609,8763,26786,Entity,Organization,True,76.0,high_degree,True,True,both_correct,0,0,26786,26786,0.30259695649147034,0.19765429198741913,0.14641539752483368,0.3533332645893097,0.3025970160961151,0.19765430688858032,0.14641541242599487,0.35333332419395447,5.960464477539063e-08,1.4901161193847656e-08,1.4901161193847656e-08,5.960464477539063e-08
1610,927,20772,Place,Place,False,29.0,low_degree,False,False,both_wrong,4,3,20777,20766,0.2812805473804474,0.2571382224559784,0.17959757149219513,0.2819836735725403,0.1843990534543991,0.22475485503673553,0.17659275233745575,0.4142533242702484,-0.09688149392604828,-0.03238336741924286,-0.00300481915473938,0.13226965069770813
1611,5676,18146,Person,Person,False,50.0,mid_degree,True,True,both_correct,0,0,18146,18146,0.28116604685783386,0.28739607334136963,0.15261510014533997,0.27882274985313416,0.20397967100143433,0.3276101052761078,0.11071902513504028,0.35769122838974,-0.07718637585639954,0.04021403193473816,-0.04189607501029968,0.07886847853660583
1612,6198,20057,Person,Person,False,85.0,high_degree,True,True,both_correct,0,0,20057,20057,0.24784226715564728,0.254108726978302,0.24972917139530182,0.2483198493719101,0.18544115126132965,0.29874587059020996,0.1868406981229782,0.32897230982780457,-0.06240111589431763,0.04463714361190796,-0.06288847327232361,0.08065246045589447
1613,1326,21949,Person,Person,False,108.0,high_degree,True,True,both_correct,0,0,21949,21949,0.27943354845046997,0.2896886169910431,0.15075574815273285,0.2801220715045929,0.20240066945552826,0.3296988308429718,0.10919647663831711,0.3587040901184082,-0.07703287899494171,0.04001021385192871,-0.04155927151441574,0.07858201861381531
1614,7745,25012,Creative Work,Creative Work,False,121.0,high_degree,True,True,both_correct,0,0,25012,25012,0.33455783128738403,0.18918964266777039,0.15234965085983276,0.3239028751850128,0.20085689425468445,0.18929624557495117,0.10671823471784592,0.5031286478042603,-0.13370093703269958,0.00010660290718078613,-0.04563141614198685,0.17922577261924744
1615,8944,27124,Creative Work,Creative Work,False,74.0,mid_degree,True,True,both_correct,0,0,27124,27124,0.3209923803806305,0.1889033168554306,0.15383653342723846,0.33626773953437805,0.19045132398605347,0.18679119646549225,0.10649852454662323,0.516258955001831,-0.13054105639457703,-0.0021121203899383545,-0.047338008880615234,0.179991215467453
1616,14318,19033,Place,Place,False,14.0,low_degree,True,True,both_correct,0,0,19033,19033,0.261645644903183,0.23691745102405548,0.22845445573329926,0.2729824483394623,0.17072851955890656,0.20611606538295746,0.22358769178390503,0.39956772327423096,-0.09091712534427643,-0.030801385641098022,-0.004866763949394226,0.12658527493476868
1617,9393,17768,Entity,Entity,False,40.0,mid_degree,False,False,both_wrong,1,1,19753,19753,0.3161792457103729,0.19617486000061035,0.14268679916858673,0.3449590802192688,0.31617921590805054,0.19617484509944916,0.14268679916858673,0.3449590504169464,-2.9802322387695312e-08,-1.4901161193847656e-08,0.0,-2.9802322387695312e-08
1618,9097,18448,Place,Place,False,22.0,low_degree,True,True,both_correct,0,0,18448,18448,0.2963036894798279,0.23468071222305298,0.1793418824672699,0.28967374563217163,0.19398345053195953,0.20484644174575806,0.176101416349411,0.425068736076355,-0.10232023894786835,-0.029834270477294922,-0.0032404661178588867,0.13539499044418335
1619,7654,24580,Organization,Organization,False,57.0,mid_degree,True,True,both_correct,0,0,24580,24580,0.307285338640213,0.22747322916984558,0.15744055807590485,0.30780091881752014,0.2296397089958191,0.19425922632217407,0.13446640968322754,0.4416346549987793,-0.07764562964439392,-0.03321400284767151,-0.022974148392677307,0.13383373618125916
1620,4032,25210,Person,Person,False,43.0,mid_degree,True,True,both_correct,0,0,25210,25210,0.2740841507911682,0.28608569502830505,0.16688787937164307,0.27294233441352844,0.19960308074951172,0.32736465334892273,0.12153708934783936,0.3514952063560486,-0.0744810700416565,0.041278958320617676,-0.04535079002380371,0.07855287194252014
1621,293,23481,Person,Person,False,75.0,high_degree,True,True,both_correct,0,0,23481,23481,0.27898845076560974,0.2939448654651642,0.1486031711101532,0.2784634828567505,0.2018577605485916,0.3341766595840454,0.10752018541097641,0.3564453721046448,-0.07713069021701813,0.040231794118881226,-0.04108298569917679,0.07798188924789429
1622,986,15386,Entity,Entity,False,275.0,high_degree,True,True,both_correct,0,0,15386,15386,0.26894548535346985,0.20708510279655457,0.24932092428207397,0.274648517370224,0.26894548535346985,0.20708508789539337,0.24932092428207397,0.274648517370224,0.0,-1.4901161193847656e-08,0.0,0.0
1623,1639,22406,Person,Person,False,84.0,high_degree,True,True,both_correct,0,0,22406,22406,0.26531246304512024,0.29295629262924194,0.16574451327323914,0.2759867012500763,0.19231869280338287,0.333670437335968,0.1201808899641037,0.3538300096988678,-0.07299377024173737,0.040714144706726074,-0.04556362330913544,0.0778433084487915
1624,6931,16909,Person,Person,False,154.0,high_degree,True,True,both_correct,0,0,16909,16909,0.27647703886032104,0.29108917713165283,0.1535172313451767,0.27891650795936584,0.2002144753932953,0.33121857047080994,0.11117048561573029,0.35739651322364807,-0.07626256346702576,0.040129393339157104,-0.04234674572944641,0.07848000526428223
1625,10425,17172,Person,Person,False,51.0,mid_degree,True,True,both_correct,0,0,17172,17172,0.24224624037742615,0.2537256181240082,0.25356408953666687,0.2504640519618988,0.18109819293022156,0.2980387508869171,0.18954740464687347,0.3313156068325043,-0.06114804744720459,0.044313132762908936,-0.0640166848897934,0.08085155487060547
1626,7055,26289,Creative Work,Creative Work,False,73.0,mid_degree,True,True,both_correct,0,0,26289,26289,0.32038161158561707,0.19254879653453827,0.15871600806713104,0.3283536434173584,0.1912066489458084,0.19151632487773895,0.11052665114402771,0.5067504048347473,-0.12917496263980865,-0.0010324716567993164,-0.04818935692310333,0.17839676141738892
1627,10856,24477,Organization,Organization,False,83.0,high_degree,False,False,both_wrong,7,7,23537,23537,0.3285087049007416,0.20466847717761993,0.1441323310136795,0.3226904571056366,0.2435515820980072,0.17339672148227692,0.1221243143081665,0.4609273672103882,-0.08495712280273438,-0.03127175569534302,-0.022008016705513,0.1382369101047516
1628,12166,18063,Person,Person,False,39.0,mid_degree,True,True,both_correct,0,0,18063,18063,0.2746403217315674,0.29154908657073975,0.15489612519741058,0.27891451120376587,0.19889380037784576,0.3317570686340332,0.1121683195233345,0.3571808338165283,-0.07574652135372162,0.04020798206329346,-0.04272780567407608,0.07826632261276245
1629,7650,16506,Place,Place,False,22.0,low_degree,True,True,both_correct,0,0,16506,16506,0.2769603431224823,0.25192442536354065,0.18535926938056946,0.2857559323310852,0.18084512650966644,0.21932275593280792,0.18153391778469086,0.4182981848716736,-0.09611521661281586,-0.03260166943073273,-0.003825351595878601,0.13254225254058838
1630,2368,19250,Person,Person,False,226.0,high_degree,True,True,both_correct,0,0,19250,19250,0.27019619941711426,0.2730628550052643,0.18691600859165192,0.26982495188713074,0.19811341166496277,0.3145923912525177,0.1370614618062973,0.3502327501773834,-0.07208278775215149,0.04152953624725342,-0.049854546785354614,0.08040779829025269
1631,10114,16648,Entity,Entity,False,20.0,low_degree,True,True,both_correct,0,0,16648,16648,0.310043066740036,0.2171448916196823,0.16608826816082,0.30672377347946167,0.310043066740036,0.21714487671852112,0.1660882830619812,0.30672377347946167,0.0,-1.4901161193847656e-08,1.4901161193847656e-08,0.0
1632,2843,15423,Place,Place,False,87.0,high_degree,False,False,both_wrong,2,5,17952,17952,0.27253493666648865,0.2442064881324768,0.20745356380939484,0.2758049964904785,0.17850738763809204,0.21326319873332977,0.20380271971225739,0.4044266641139984,-0.0940275490283966,-0.030943289399147034,-0.003650844097137451,0.1286216676235199
1633,12947,23301,Person,Person,False,28.0,low_degree,True,True,both_correct,0,0,23301,23301,0.19943088293075562,0.20498020946979523,0.3945949077606201,0.20099399983882904,0.15688158571720123,0.25336408615112305,0.31038734316825867,0.27936694025993347,-0.04254929721355438,0.04838387668132782,-0.08420756459236145,0.07837294042110443
1634,2483,26590,Entity,Entity,False,102.0,high_degree,False,False,both_wrong,2,2,16958,16958,0.31705358624458313,0.20732998847961426,0.15007054805755615,0.32554590702056885,0.31705352663993835,0.20732997357845306,0.15007051825523376,0.32554590702056885,-5.960464477539063e-08,-1.4901161193847656e-08,-2.9802322387695312e-08,0.0
1635,8698,15003,Place,Place,False,38.0,mid_degree,True,True,both_correct,0,0,15003,15003,0.29031577706336975,0.25097692012786865,0.1627829521894455,0.2959243059158325,0.1892767995595932,0.21816350519657135,0.15917906165122986,0.433380663394928,-0.10103897750377655,-0.0328134149312973,-0.003603890538215637,0.13745635747909546
1636,2770,23169,Entity,Entity,False,92.0,high_degree,False,False,both_wrong,5,3,15902,15902,0.2959461510181427,0.2058425396680832,0.1884595900774002,0.3097517192363739,0.2959461510181427,0.2058425396680832,0.1884595900774002,0.3097517192363739,0.0,0.0,0.0,0.0
1637,13850,21275,Place,Place,False,19.0,low_degree,True,True,both_correct,0,0,21275,21275,0.2841329872608185,0.23817338049411774,0.1994294971227646,0.2782641053199768,0.18639948964118958,0.20832447707653046,0.19623054563999176,0.409045547246933,-0.0977334976196289,-0.02984890341758728,-0.003198951482772827,0.13078144192695618
1638,7188,24768,Person,Person,False,109.0,high_degree,True,True,both_correct,0,0,24768,24768,0.28136947751045227,0.29069623351097107,0.15143941342830658,0.27649495005607605,0.2041255682706833,0.3313691318035126,0.10986202955245972,0.354643315076828,-0.07724390923976898,0.040672898292541504,-0.04157738387584686,0.07814836502075195
1639,6373,16540,Person,Person,False,95.0,high_degree,False,False,both_wrong,1,1,23081,23081,0.274983286857605,0.29685360193252563,0.14899465441703796,0.27916842699050903,0.1986679583787918,0.3369889557361603,0.10764775425195694,0.3566953241825104,-0.07631532847881317,0.040135353803634644,-0.041346900165081024,0.07752689719200134
1640,5386,16065,Person,Person,False,8.0,low_degree,True,True,both_correct,0,0,16065,16065,0.2731272578239441,0.2926468253135681,0.15978942811489105,0.27443650364875793,0.1982070654630661,0.33369526267051697,0.11595419049263,0.3521435260772705,-0.07492019236087799,0.04104843735694885,-0.04383523762226105,0.07770702242851257
1641,5295,15177,Organization,Organization,False,44.0,mid_degree,True,True,both_correct,0,0,15177,15177,0.31441181898117065,0.2280123382806778,0.15548059344291687,0.3020952641963959,0.235948845744133,0.1955346316099167,0.1333484798669815,0.4351680278778076,-0.07846297323703766,-0.03247770667076111,-0.022132113575935364,0.13307276368141174
1642,13542,21108,Place,Place,False,18.0,low_degree,True,True,both_correct,0,0,21108,21108,0.29201605916023254,0.2488938271999359,0.17184142768383026,0.2872487008571625,0.19145621359348297,0.21757066249847412,0.16898368299007416,0.42198947072029114,-0.10055984556674957,-0.03132316470146179,-0.0028577446937561035,0.13474076986312866
1643,14704,24786,Organization,Organization,False,4.0,low_degree,False,False,both_wrong,2,2,22656,22656,0.26663506031036377,0.20528768002986908,0.17936201393604279,0.348715215921402,0.19383209943771362,0.17053662240505219,0.14901532232761383,0.48661595582962036,-0.07280296087265015,-0.034751057624816895,-0.030346691608428955,0.13790073990821838
1644,8169,19164,Person,Person,False,83.0,high_degree,True,True,both_correct,0,0,19164,19164,0.2779705226421356,0.28875091671943665,0.15041013062000275,0.28286847472190857,0.20100434124469757,0.32808101177215576,0.10877437144517899,0.3621402680873871,-0.07696618139743805,0.039330095052719116,-0.04163575917482376,0.07927179336547852
1645,10903,20848,Place,Place,False,20.0,low_degree,True,True,both_correct,0,0,20848,20848,0.2813701629638672,0.2428022027015686,0.19109970331192017,0.28472793102264404,0.18388918042182922,0.21156977117061615,0.1873229444026947,0.41721808910369873,-0.09748098254203796,-0.031232431530952454,-0.003776758909225464,0.1324901580810547
1646,13980,26891,Organization,Organization,False,12.0,low_degree,False,False,both_wrong,11,12,23763,23763,0.3016688823699951,0.21704716980457306,0.17093156278133392,0.3103523850440979,0.22495083510875702,0.18495111167430878,0.1456703096628189,0.4444277882575989,-0.0767180472612381,-0.03209605813026428,-0.025261253118515015,0.13407540321350098
1647,3199,21598,Entity,Entity,False,98.0,high_degree,False,False,both_wrong,6,3,17801,17801,0.29337987303733826,0.19653667509555817,0.14658015966415405,0.36350327730178833,0.29337987303733826,0.19653667509555817,0.14658015966415405,0.36350327730178833,0.0,0.0,0.0,0.0
1648,14684,23614,Entity,Entity,False,2.0,low_degree,False,False,both_wrong,40,25,25000,27164,0.2823358476161957,0.2099509984254837,0.19698232412338257,0.31073084473609924,0.2823358178138733,0.2099509835243225,0.19698232412338257,0.31073081493377686,-2.9802322387695312e-08,-1.4901161193847656e-08,0.0,-2.9802322387695312e-08
1649,7063,23399,Creative Work,Creative Work,False,65.0,mid_degree,True,True,both_correct,0,0,23399,23399,0.3349549174308777,0.19281736016273499,0.1535169780254364,0.31871071457862854,0.20190823078155518,0.19370590150356293,0.10796921700239182,0.4964166283607483,-0.1330466866493225,0.0008885413408279419,-0.045547761023044586,0.17770591378211975
1650,12815,18626,Entity,Entity,False,21.0,low_degree,True,False,harmed,0,1,18626,18536,0.29730719327926636,0.22450754046440125,0.17884305119514465,0.29934224486351013,0.29730719327926636,0.22450754046440125,0.17884305119514465,0.29934224486351013,0.0,0.0,0.0,0.0
1651,13971,23387,Organization,Organization,False,12.0,low_degree,True,True,both_correct,0,0,23387,23387,0.2892662286758423,0.23540370166301727,0.1761341542005539,0.29919588565826416,0.21689538657665253,0.20170332491397858,0.15093445777893066,0.43046680092811584,-0.07237084209918976,-0.033700376749038696,-0.02519969642162323,0.13127091526985168
1652,12117,23336,Place,Place,False,13.0,low_degree,True,True,both_correct,0,0,23336,23336,0.2797675132751465,0.24361111223697662,0.17113645374774933,0.30548492074012756,0.18099014461040497,0.21012502908706665,0.16605620086193085,0.4428286552429199,-0.09877736866474152,-0.03348608314990997,-0.0050802528858184814,0.13734373450279236
1653,2863,19785,Entity,Organization,True,36.0,mid_degree,False,True,rescued,2,0,19147,19785,0.32848915457725525,0.19772543013095856,0.1427711546421051,0.3310141861438751,0.32848915457725525,0.19772543013095856,0.1427711546421051,0.3310141861438751,0.0,0.0,0.0,0.0
1654,12644,17954,Place,Place,False,15.0,low_degree,True,True,both_correct,0,0,17954,17954,0.2910071313381195,0.2477506697177887,0.1640826165676117,0.2971595823764801,0.1897454857826233,0.21538017690181732,0.16046655178070068,0.4344077706336975,-0.10126164555549622,-0.032370492815971375,-0.0036160647869110107,0.1372481882572174
1655,9895,27045,Entity,Person,True,83.0,high_degree,True,False,harmed,0,3,27045,27457,0.31804007291793823,0.20623405277729034,0.1462925672531128,0.32943326234817505,0.31804007291793823,0.20623405277729034,0.1462925672531128,0.32943326234817505,0.0,0.0,0.0,0.0
1656,10873,18337,Entity,Organization,True,3.0,low_degree,False,False,both_wrong,408,277,19571,19571,0.3030332028865814,0.21552054584026337,0.18223461508750916,0.29921168088912964,0.3030332028865814,0.21552053093910217,0.18223461508750916,0.29921168088912964,0.0,-1.4901161193847656e-08,0.0,0.0
1657,13311,23526,Entity,Entity,False,5.0,low_degree,True,True,both_correct,0,0,23526,23526,0.28849560022354126,0.20937754213809967,0.19694265723228455,0.3051842153072357,0.28849560022354126,0.20937752723693848,0.19694267213344574,0.3051842153072357,0.0,-1.4901161193847656e-08,1.4901161193847656e-08,0.0
1658,6527,24095,Creative Work,Creative Work,False,91.0,high_degree,True,True,both_correct,0,0,24095,24095,0.3138653039932251,0.1881675273180008,0.15057995915412903,0.3473872244358063,0.18436335027217865,0.18420590460300446,0.10321354120969772,0.5282171964645386,-0.12950195372104645,-0.003961622714996338,-0.047366417944431305,0.1808299720287323
1659,8014,20855,Place,Place,False,26.0,low_degree,True,True,both_correct,0,0,20855,20855,0.28272756934165955,0.2394525110721588,0.18727603554725647,0.29054391384124756,0.18423646688461304,0.20804136991500854,0.1830386370420456,0.42468348145484924,-0.09849110245704651,-0.03141114115715027,-0.0042373985052108765,0.13413956761360168
1660,834,27504,Creative Work,Creative Work,False,89.0,high_degree,False,False,both_wrong,73,17,24505,27350,0.32433608174324036,0.18845243752002716,0.15655465424060822,0.33065685629844666,0.19348984956741333,0.18736815452575684,0.1089894101023674,0.5101526379585266,-0.13084623217582703,-0.0010842829942703247,-0.047565244138240814,0.17949578166007996
1661,9157,27527,Creative Work,Creative Work,False,68.0,mid_degree,True,True,both_correct,0,0,27527,27527,0.31843337416648865,0.18780846893787384,0.15748043358325958,0.33627769351005554,0.18888822197914124,0.18566513061523438,0.10900622606277466,0.5164404511451721,-0.1295451521873474,-0.0021433383226394653,-0.048474207520484924,0.18016275763511658
1662,10715,24354,Organization,Organization,False,86.0,high_degree,True,True,both_correct,0,0,24354,24354,0.27519145607948303,0.19537204504013062,0.15022654831409454,0.3792099952697754,0.19668173789978027,0.1595638394355774,0.12270623445510864,0.5210481882095337,-0.07850971817970276,-0.03580820560455322,-0.0275203138589859,0.1418381929397583
1663,8150,20747,Place,Place,False,16.0,low_degree,True,True,both_correct,0,0,20747,20747,0.28867048025131226,0.2555569112300873,0.16054707765579224,0.2952255308628082,0.1884606033563614,0.22244803607463837,0.15720802545547485,0.4318833351135254,-0.10020987689495087,-0.033108875155448914,-0.003339052200317383,0.13665780425071716
1664,96,15241,Place,Place,False,110.0,high_degree,False,True,rescued,1,0,19466,15241,0.281222403049469,0.2529714107513428,0.18340164422988892,0.2824046015739441,0.18426741659641266,0.22100113332271576,0.1802416890859604,0.4144897758960724,-0.09695498645305634,-0.031970277428627014,-0.003159955143928528,0.1320851743221283
1665,10545,25803,Person,Person,False,53.0,mid_degree,False,False,both_wrong,3,1,22684,22684,0.2692141830921173,0.27971580624580383,0.17426761984825134,0.2768023610115051,0.1961977779865265,0.32030707597732544,0.1269981563091278,0.35649704933166504,-0.07301640510559082,0.040591269731521606,-0.047269463539123535,0.07969468832015991
1666,120,27271,Event,Event,False,432.0,high_degree,False,False,both_wrong,53,46,27232,27232,0.3019893765449524,0.21517953276634216,0.14506202936172485,0.33776912093162537,0.29817745089530945,0.21244682371616364,0.1433282196521759,0.3460475504398346,-0.0038119256496429443,-0.002732709050178528,-0.0017338097095489502,0.008278429508209229
1667,2142,20669,Place,Place,False,23.0,low_degree,True,True,both_correct,0,0,20669,20669,0.28710559010505676,0.2468561977148056,0.18189853429794312,0.2841396927833557,0.1881146878004074,0.21564950048923492,0.17875729501247406,0.4174785315990448,-0.09899090230464935,-0.03120669722557068,-0.003141239285469055,0.1333388388156891
1668,8125,14976,Entity,Person,True,82.0,high_degree,False,False,both_wrong,5,8,15407,16265,0.2676328420639038,0.207718625664711,0.2521671652793884,0.27248135209083557,0.2676328122615814,0.207718625664711,0.2521671652793884,0.27248135209083557,-2.9802322387695312e-08,0.0,0.0,0.0
1669,1400,25196,Creative Work,Creative Work,False,96.0,high_degree,True,True,both_correct,0,0,25196,25196,0.3155245780944824,0.18729643523693085,0.14316575229167938,0.35401320457458496,0.18418344855308533,0.182210773229599,0.09752219915390015,0.5360836386680603,-0.1313411295413971,-0.005085662007331848,-0.045643553137779236,0.18207043409347534
1670,8985,18508,Entity,Entity,False,30.0,low_degree,False,False,both_wrong,5,5,26865,26865,0.30881986021995544,0.21580742299556732,0.15941031277179718,0.31596240401268005,0.30881986021995544,0.21580742299556732,0.159410297870636,0.31596237421035767,0.0,0.0,-1.4901161193847656e-08,-2.9802322387695312e-08
1671,281,23248,Person,Person,False,43.0,mid_degree,True,True,both_correct,0,0,23248,23248,0.27277788519859314,0.2957923412322998,0.15023362636566162,0.28119614720344543,0.19694426655769348,0.33556222915649414,0.10846469551324844,0.35902881622314453,-0.07583361864089966,0.039769887924194336,-0.04176893085241318,0.0778326690196991
1672,8954,25820,Creative Work,Creative Work,False,50.0,mid_degree,True,True,both_correct,0,0,25820,25820,0.3107600510120392,0.18826356530189514,0.1648651510477066,0.33611124753952026,0.18437771499156952,0.18615704774856567,0.11412541568279266,0.5153398513793945,-0.12638233602046967,-0.0021065175533294678,-0.05073973536491394,0.17922860383987427
1673,5617,16042,Place,Place,False,32.0,low_degree,True,True,both_correct,0,0,16042,16042,0.28560391068458557,0.2408537119626999,0.18529903888702393,0.2882433235645294,0.18647760152816772,0.2096712589263916,0.18146279454231262,0.42238837480545044,-0.09912630915641785,-0.03118245303630829,-0.0038362443447113037,0.13414505124092102
1674,14830,19071,Place,Place,False,2.0,low_degree,False,False,both_wrong,32,136,21868,27761,0.285847008228302,0.23331406712532043,0.1924772411584854,0.28836169838905334,0.18666990101337433,0.20314466953277588,0.18852753937244415,0.421657919883728,-0.09917710721492767,-0.030169397592544556,-0.00394970178604126,0.13329622149467468
1675,6873,22235,Person,Person,False,79.0,high_degree,True,True,both_correct,0,0,22235,22235,0.2743513882160187,0.2898397147655487,0.15580524504184723,0.2800036072731018,0.19872350990772247,0.32987725734710693,0.11285467445850372,0.3585445284843445,-0.0756278783082962,0.04003754258155823,-0.042950570583343506,0.07854092121124268
1676,8504,15141,Place,Organization,True,17.0,low_degree,True,True,both_correct,0,0,15141,15141,0.2697277069091797,0.2420639991760254,0.2175486534833908,0.2706596553325653,0.176818385720253,0.2115706503391266,0.2139005810022354,0.3977103531360626,-0.0929093211889267,-0.030493348836898804,-0.0036480724811553955,0.12705069780349731
1677,9981,25015,Person,Person,False,32.0,low_degree,True,True,both_correct,0,0,25015,25015,0.278349906206131,0.29002389311790466,0.1538083851337433,0.27781781554222107,0.20183992385864258,0.3304472863674164,0.1115313321352005,0.35618147253990173,-0.0765099823474884,0.04042339324951172,-0.042277052998542786,0.07836365699768066
1678,2214,17413,Person,Person,False,57.0,mid_degree,True,True,both_correct,0,0,17413,17413,0.2776285707950592,0.2931273877620697,0.14945295453071594,0.27979108691215515,0.20083121955394745,0.33317747712135315,0.1081128641963005,0.3578784167766571,-0.07679735124111176,0.04005008935928345,-0.041340090334415436,0.07808732986450195
1679,13130,16635,Place,Place,False,4.0,low_degree,True,True,both_correct,0,0,16635,16635,0.27284014225006104,0.2614099383354187,0.18533597886562347,0.2804139256477356,0.17860722541809082,0.22815832495689392,0.18197210133075714,0.4112623631954193,-0.09423291683197021,-0.03325161337852478,-0.003363877534866333,0.13084843754768372
1680,1223,25134,Creative Work,Creative Work,False,67.0,mid_degree,True,False,harmed,0,1,25134,25196,0.31390467286109924,0.1849350482225418,0.1592274159193039,0.34193289279937744,0.185568705201149,0.1822035163640976,0.1098279356956482,0.5223998427391052,-0.12833596765995026,-0.002731531858444214,-0.0493994802236557,0.18046694993972778
1681,5905,26913,Entity,Entity,False,55.0,mid_degree,True,True,both_correct,0,0,26913,26913,0.2822205424308777,0.22643551230430603,0.20915813744068146,0.28218579292297363,0.2822205424308777,0.22643554210662842,0.20915813744068146,0.28218579292297363,0.0,2.9802322387695312e-08,0.0,0.0
1682,3640,21788,Creative Work,Creative Work,False,61.0,mid_degree,True,True,both_correct,0,0,21788,21788,0.3255075514316559,0.19201481342315674,0.15731820464134216,0.3251594603061676,0.19502569735050201,0.1917324662208557,0.10998761653900146,0.5032541751861572,-0.13048185408115387,-0.0002823472023010254,-0.0473305881023407,0.17809471487998962
1683,13859,17925,Person,Person,False,8.0,low_degree,True,True,both_correct,0,0,17925,17925,0.271572083234787,0.2876824736595154,0.1655406951904297,0.27520474791526794,0.19740673899650574,0.32858121395111084,0.1203293725848198,0.35368263721466064,-0.07416534423828125,0.04089874029159546,-0.045211322605609894,0.0784778892993927
1684,5781,18454,Place,Place,False,25.0,low_degree,True,True,both_correct,0,0,18454,18454,0.277545690536499,0.25326502323150635,0.1954919695854187,0.27369725704193115,0.18236246705055237,0.2218707799911499,0.19265645742416382,0.4031103253364563,-0.09518322348594666,-0.031394243240356445,-0.002835512161254883,0.12941306829452515
1685,13781,15042,Event,Entity,True,18.0,low_degree,True,True,both_correct,0,0,15042,15042,0.2537297308444977,0.21088603138923645,0.2764028310775757,0.2589813768863678,0.2514617443084717,0.20898762345314026,0.2740253210067749,0.26552531123161316,-0.002267986536026001,-0.0018984079360961914,-0.0023775100708007812,0.006543934345245361
1686,45,19658,Person,Person,False,148.0,high_degree,True,True,both_correct,0,0,19658,19658,0.28016504645347595,0.29471850395202637,0.14737825095653534,0.27773821353912354,0.20274530351161957,0.3351174592971802,0.10665467381477356,0.3554825484752655,-0.07741974294185638,0.04039895534515381,-0.04072357714176178,0.07774433493614197
1687,7370,25956,Organization,Organization,False,32.0,low_degree,True,True,both_correct,0,0,25956,25956,0.3141133189201355,0.20771735906600952,0.15606136620044708,0.3221079707145691,0.23295442759990692,0.17603658139705658,0.13227319717407227,0.45873576402664185,-0.08115889132022858,-0.03168077766895294,-0.023788169026374817,0.13662779331207275
1688,7101,18212,Place,Place,False,23.0,low_degree,False,False,both_wrong,162,306,18281,25441,0.2884349226951599,0.24566315114498138,0.17667259275913239,0.28922930359840393,0.1887112706899643,0.2142958790063858,0.17336992919445038,0.42362281680107117,-0.09972365200519562,-0.03136727213859558,-0.003302663564682007,0.13439351320266724
1689,7468,26813,Creative Work,Creative Work,False,82.0,high_degree,True,True,both_correct,0,0,26813,26813,0.32367467880249023,0.19183221459388733,0.15149900317192078,0.3329940736293793,0.19245140254497528,0.1900918036699295,0.10511591285467148,0.5123408436775208,-0.13122327625751495,-0.0017404109239578247,-0.0463830903172493,0.17934677004814148
1690,1323,16962,Person,Person,False,54.0,mid_degree,False,True,rescued,1,0,15179,16962,0.2764620780944824,0.2783723473548889,0.16526959836483002,0.27989593148231506,0.2011759728193283,0.31828731298446655,0.12025584280490875,0.3602807819843292,-0.07528610527515411,0.03991496562957764,-0.045013755559921265,0.08038485050201416
1691,10503,24864,Organization,Organization,False,28.0,low_degree,False,False,both_wrong,2,2,27759,27759,0.3136488199234009,0.20621991157531738,0.1572842299938202,0.32284700870513916,0.23246440291404724,0.17465807497501373,0.1332261860370636,0.45965126156806946,-0.08118441700935364,-0.03156183660030365,-0.024058043956756592,0.1368042528629303
1692,8385,21813,Person,Person,False,183.0,high_degree,True,True,both_correct,0,0,21813,21813,0.2749173939228058,0.2959080636501312,0.14751100540161133,0.2816634774208069,0.19842112064361572,0.33557844161987305,0.10646799951791763,0.3595324456691742,-0.07649627327919006,0.03967037796974182,-0.041043005883693695,0.07786896824836731
1693,2786,24896,Creative Work,Creative Work,False,106.0,high_degree,True,True,both_correct,0,0,24896,24896,0.31281763315200806,0.1927923709154129,0.1554577499628067,0.3389322757720947,0.18490126729011536,0.18991859257221222,0.10723061114549637,0.5179495215415955,-0.1279163658618927,-0.0028737783432006836,-0.04822713881731033,0.17901724576950073
1694,13082,22573,Place,Place,False,10.0,low_degree,False,True,rescued,1,0,22659,22573,0.28575363755226135,0.24368278682231903,0.18743430078029633,0.2831292152404785,0.18724335730075836,0.21289388835430145,0.18421228229999542,0.41565048694610596,-0.09851028025150299,-0.030788898468017578,-0.0032220184803009033,0.13252127170562744
1695,4201,15956,Entity,Creative Work,True,26.0,low_degree,True,True,both_correct,0,0,15956,15956,0.2549135088920593,0.21331354975700378,0.26917582750320435,0.26259708404541016,0.2549135386943817,0.21331356465816498,0.26917585730552673,0.26259705424308777,2.9802322387695312e-08,1.4901161193847656e-08,2.9802322387695312e-08,-2.9802322387695312e-08
1696,12155,24857,Person,Person,False,15.0,low_degree,True,True,both_correct,0,0,24857,24857,0.2713586986064911,0.27369096875190735,0.1796860694885254,0.27526426315307617,0.19840875267982483,0.31443455815315247,0.13137686252593994,0.35577982664108276,-0.07294994592666626,0.04074358940124512,-0.04830920696258545,0.08051556348800659
1697,4358,15920,Person,Person,False,92.0,high_degree,True,True,both_correct,0,0,15920,15920,0.25595930218696594,0.2623295187950134,0.22586549818515778,0.25584572553634644,0.19007952511310577,0.3061007857322693,0.16772092878818512,0.3360987901687622,-0.06587977707386017,0.04377126693725586,-0.058144569396972656,0.08025306463241577
1698,1237,18043,Person,Person,False,66.0,mid_degree,True,True,both_correct,0,0,18043,18043,0.2523438632488251,0.26114127039909363,0.22599409520626068,0.2605207562446594,0.18698832392692566,0.30405184626579285,0.16747038066387177,0.3414894640445709,-0.06535553932189941,0.04291057586669922,-0.058523714542388916,0.0809687077999115
1699,1670,19042,Entity,Entity,False,420.0,high_degree,True,True,both_correct,0,0,19042,19042,0.3529086709022522,0.1947789043188095,0.14234888553619385,0.30996352434158325,0.3529086709022522,0.1947789043188095,0.14234888553619385,0.30996352434158325,0.0,0.0,0.0,0.0
1700,10435,22758,Creative Work,Creative Work,False,54.0,mid_degree,True,True,both_correct,0,0,22758,22758,0.3344081938266754,0.18863937258720398,0.15525949001312256,0.32169291377067566,0.20125709474086761,0.18920642137527466,0.10902722924947739,0.5005092620849609,-0.1331510990858078,0.0005670487880706787,-0.04623226076364517,0.17881634831428528
1701,8133,21167,Place,Place,False,26.0,low_degree,True,True,both_correct,0,0,21167,21167,0.2915259599685669,0.235893115401268,0.1758776605129242,0.2967033088207245,0.18985311686992645,0.20482292771339417,0.17179207503795624,0.43353188037872314,-0.10167284309864044,-0.03107018768787384,-0.0040855854749679565,0.13682857155799866
1702,3033,20162,Person,Person,False,44.0,mid_degree,True,True,both_correct,0,0,20162,20162,0.2751268446445465,0.2940925657749176,0.15399952232837677,0.2767810523509979,0.1992930769920349,0.3347310423851013,0.1115526482462883,0.3544232249259949,-0.0758337676525116,0.040638476610183716,-0.04244687408208847,0.07764217257499695
1703,9513,26267,Person,Person,False,35.0,mid_degree,False,True,rescued,1,0,17792,26267,0.27114787697792053,0.29591745138168335,0.15078750252723694,0.28214719891548157,0.19570067524909973,0.33559006452560425,0.10883201658725739,0.35987725853919983,-0.0754472017288208,0.0396726131439209,-0.04195548593997955,0.07773005962371826
1704,11481,16777,Person,Person,False,42.0,mid_degree,True,True,both_correct,0,0,16777,16777,0.2734256386756897,0.2817537188529968,0.1734413206577301,0.2713793218135834,0.19966645538806915,0.32328587770462036,0.12665145099163055,0.35039621591567993,-0.07375918328762054,0.041532158851623535,-0.04678986966609955,0.07901689410209656
1705,8648,24108,Organization,Organization,False,29.0,low_degree,False,True,rescued,1,0,23079,24108,0.3029889762401581,0.22558192908763885,0.1640416383743286,0.30738747119903564,0.22638878226280212,0.19260980188846588,0.14007942378520966,0.4409220516681671,-0.07660019397735596,-0.032972127199172974,-0.023962214589118958,0.13353458046913147
1706,11046,23551,Organization,Organization,False,24.0,low_degree,True,True,both_correct,0,0,23551,23551,0.30575400590896606,0.22734899818897247,0.16265004873275757,0.3042469024658203,0.228944793343544,0.194535031914711,0.13918904960155487,0.4373311400413513,-0.07680921256542206,-0.032813966274261475,-0.023460999131202698,0.133084237575531
1707,9173,15544,Organization,Organization,False,134.0,high_degree,True,True,both_correct,0,0,15544,15544,0.2956300973892212,0.24258174002170563,0.16178223490715027,0.3000059425830841,0.2215777188539505,0.20776905119419098,0.1385800987482071,0.4320732057094574,-0.07405237853527069,-0.03481268882751465,-0.023202136158943176,0.1320672631263733
1708,14849,18402,Entity,Entity,False,2.0,low_degree,False,False,both_wrong,30,35,22581,15134,0.28071528673171997,0.21332862973213196,0.2070043832063675,0.2989516854286194,0.28071528673171997,0.21332864463329315,0.2070043832063675,0.2989516854286194,0.0,1.4901161193847656e-08,0.0,0.0
1709,2987,23581,Organization,Organization,False,46.0,mid_degree,True,True,both_correct,0,0,23581,23581,0.30188849568367004,0.22749389708042145,0.15780124068260193,0.3128163516521454,0.2248043715953827,0.1935858279466629,0.13429541885852814,0.44731438159942627,-0.07708412408828735,-0.033908069133758545,-0.02350582182407379,0.13449802994728088
1710,9670,16292,Entity,Entity,False,14.0,low_degree,False,False,both_wrong,82,47,20593,20593,0.3064475357532501,0.20671284198760986,0.1717415750026703,0.3150980472564697,0.30644750595092773,0.20671284198760986,0.1717415601015091,0.3150980472564697,-2.9802322387695312e-08,0.0,-1.4901161193847656e-08,0.0
1711,2611,21570,Person,Person,False,117.0,high_degree,True,True,both_correct,0,0,21570,21570,0.27325740456581116,0.2969687879085541,0.1475377380847931,0.2822360396385193,0.19703219830989838,0.336453914642334,0.10637826472520828,0.36013561487197876,-0.07622520625591278,0.03948512673377991,-0.04115947335958481,0.07789957523345947
1712,6715,26757,Person,Person,False,13.0,low_degree,True,True,both_correct,0,0,26757,26757,0.27292028069496155,0.2886836528778076,0.16196094453334808,0.27643510699272156,0.19816380739212036,0.3293542265892029,0.11759502440690994,0.3548869490623474,-0.07475647330284119,0.040670573711395264,-0.04436592012643814,0.07845184206962585
1713,5966,22856,Person,Person,False,57.0,mid_degree,True,True,both_correct,0,0,22856,22856,0.2761353850364685,0.2954519987106323,0.14871682226657867,0.2796957790851593,0.19953756034374237,0.3354606628417969,0.10746458172798157,0.3575372099876404,-0.07659782469272614,0.04000866413116455,-0.04125224053859711,0.07784143090248108
1714,6949,18019,Entity,Entity,False,45.0,mid_degree,True,True,both_correct,0,0,18019,18019,0.27284809947013855,0.2059573382139206,0.2509140074253082,0.2702805697917938,0.27284809947013855,0.2059573382139206,0.2509140074253082,0.2702805697917938,0.0,0.0,0.0,0.0
1715,9446,25166,Person,Person,False,128.0,high_degree,True,True,both_correct,0,0,25166,25166,0.25632885098457336,0.29046908020973206,0.14674440026283264,0.30645766854286194,0.1828012317419052,0.3254827857017517,0.1046513244509697,0.387064665555954,-0.07352761924266815,0.03501370549201965,-0.042093075811862946,0.08060699701309204
1716,921,20941,Person,Person,False,92.0,high_degree,True,True,both_correct,0,0,20941,20941,0.28408583998680115,0.2830754518508911,0.14983440935611725,0.2830043435096741,0.20595614612102509,0.3224624693393707,0.10862914472818375,0.36295223236083984,-0.07812969386577606,0.039387017488479614,-0.0412052646279335,0.07994788885116577
1717,421,27537,Creative Work,Creative Work,False,67.0,mid_degree,True,True,both_correct,0,0,27537,27537,0.3295316994190216,0.1881084144115448,0.15915533900260925,0.32320454716682434,0.19806087017059326,0.18842552602291107,0.11161535978317261,0.5018981695175171,-0.13147082924842834,0.00031711161136627197,-0.047539979219436646,0.17869362235069275
1718,2775,22160,Organization,Organization,False,226.0,high_degree,True,True,both_correct,0,0,22160,22160,0.3694606423377991,0.2006911039352417,0.14236393570899963,0.28748437762260437,0.2807295620441437,0.17426124215126038,0.1236291229724884,0.42138004302978516,-0.0887310802936554,-0.026429861783981323,-0.01873481273651123,0.1338956654071808
1719,6277,26664,Event,Event,False,164.0,high_degree,False,False,both_wrong,4,3,26586,26586,0.3068219721317291,0.2174289971590042,0.14589834213256836,0.3298506736755371,0.3032081425189972,0.2148520052433014,0.14428991079330444,0.33764997124671936,-0.0036138296127319336,-0.00257699191570282,-0.001608431339263916,0.007799297571182251
1720,488,23331,Person,Person,False,188.0,high_degree,True,True,both_correct,0,0,23331,23331,0.2733539938926697,0.30012989044189453,0.1468181163072586,0.279697984457016,0.19713708758354187,0.34009841084480286,0.10588361322879791,0.35688087344169617,-0.07621690630912781,0.039968520402908325,-0.04093450307846069,0.07718288898468018
1721,10706,24174,Organization,Organization,False,32.0,low_degree,True,True,both_correct,0,0,24174,24174,0.31523147225379944,0.20496726036071777,0.15862824022769928,0.3211730420589447,0.2339049130678177,0.17379586398601532,0.13451838493347168,0.4577808678150177,-0.08132655918598175,-0.031171396374702454,-0.0241098552942276,0.136607825756073
1722,4970,22489,Person,Person,False,81.0,high_degree,True,True,both_correct,0,0,22489,22489,0.28007110953330994,0.29430949687957764,0.1489570289850235,0.27666234970092773,0.20285391807556152,0.33494341373443604,0.10788246244192123,0.3543201684951782,-0.07721719145774841,0.0406339168548584,-0.041074566543102264,0.07765781879425049
1723,8702,26725,Creative Work,Creative Work,False,62.0,mid_degree,True,True,both_correct,0,0,26725,26725,0.32724666595458984,0.18401674926280975,0.1588013619184494,0.3299352526664734,0.1957215666770935,0.18342138826847076,0.11081822216510773,0.5100388526916504,-0.13152509927749634,-0.0005953609943389893,-0.047983139753341675,0.180103600025177
1724,966,19831,Creative Work,Creative Work,False,126.0,high_degree,True,True,both_correct,0,0,19831,19831,0.3269307315349579,0.18751375377178192,0.14734888076782227,0.33820661902427673,0.19373361766338348,0.18518713116645813,0.10189834237098694,0.519180953502655,-0.1331971138715744,-0.0023266226053237915,-0.04545053839683533,0.1809743344783783
1725,3663,14991,Entity,Entity,False,534.0,high_degree,True,True,both_correct,0,0,14991,14991,0.2727058529853821,0.20639844238758087,0.248449444770813,0.2724462151527405,0.2727058529853821,0.20639844238758087,0.248449444770813,0.2724462151527405,0.0,0.0,0.0,0.0
1726,742,25638,Creative Work,Creative Work,False,74.0,mid_degree,True,True,both_correct,0,0,25638,25638,0.3362760543823242,0.1868876814842224,0.15490874648094177,0.3219275176525116,0.20253704488277435,0.18759416043758392,0.10887202620506287,0.5009967684745789,-0.13373900949954987,0.0007064789533615112,-0.046036720275878906,0.17906925082206726
1727,8922,16727,Entity,Entity,False,54.0,mid_degree,True,True,both_correct,0,0,16727,16727,0.33267828822135925,0.1986689567565918,0.14596310257911682,0.32268962264060974,0.33267831802368164,0.198668971657753,0.14596311748027802,0.32268965244293213,2.9802322387695312e-08,1.4901161193847656e-08,1.4901161193847656e-08,2.9802322387695312e-08
1728,13854,21977,Place,Place,False,13.0,low_degree,True,True,both_correct,0,0,21977,21977,0.2835521697998047,0.24347984790802002,0.17954304814338684,0.29342493414878845,0.1847301572561264,0.21149052679538727,0.1754399538040161,0.4283393323421478,-0.09882201254367828,-0.03198932111263275,-0.0041030943393707275,0.13491439819335938
1729,6041,17021,Person,Person,False,112.0,high_degree,True,True,both_correct,0,0,17021,17021,0.2792467176914215,0.29342585802078247,0.15115487575531006,0.27617257833480835,0.20231296122074127,0.3340303599834442,0.10951349139213562,0.3541431128978729,-0.07693375647068024,0.04060450196266174,-0.04164138436317444,0.07797053456306458
1730,7831,23618,Organization,Organization,False,17.0,low_degree,True,True,both_correct,0,0,23618,23618,0.3026502728462219,0.2079533040523529,0.16067104041576385,0.32872533798217773,0.22328288853168488,0.17531755566596985,0.1354704648256302,0.4659290909767151,-0.07936738431453705,-0.03263574838638306,-0.025200575590133667,0.13720375299453735
1731,1422,25441,Organization,Organization,False,32.0,low_degree,False,False,both_wrong,1,1,25143,25143,0.31064513325691223,0.2041960209608078,0.15598691999912262,0.3291719853878021,0.2293287217617035,0.17226068675518036,0.1316053867340088,0.46680524945259094,-0.08131641149520874,-0.03193533420562744,-0.02438153326511383,0.13763326406478882
1732,7178,26539,Creative Work,Creative Work,False,119.0,high_degree,True,True,both_correct,0,0,26539,26539,0.3289468586444855,0.1870400458574295,0.15351277589797974,0.33050036430358887,0.1963931769132614,0.1861075907945633,0.10695043206214905,0.5105488300323486,-0.13255368173122406,-0.0009324550628662109,-0.04656234383583069,0.18004846572875977
1733,4851,23031,Person,Person,False,99.0,high_degree,True,True,both_correct,0,0,23031,23031,0.2691090404987335,0.2865677773952484,0.17469532787799835,0.2696278691291809,0.19628536701202393,0.3284268081188202,0.12743161618709564,0.34785616397857666,-0.0728236734867096,0.04185903072357178,-0.04726371169090271,0.07822829484939575
1734,2374,24932,Person,Person,False,52.0,mid_degree,True,True,both_correct,0,0,24932,24932,0.2742605209350586,0.29358619451522827,0.14904122054576874,0.283112108707428,0.19797854125499725,0.3329988718032837,0.10758768767118454,0.3614349067211151,-0.07628197968006134,0.03941267728805542,-0.0414535328745842,0.07832279801368713
1735,6534,18277,Entity,Place,True,272.0,high_degree,False,False,both_wrong,8,5,15098,15098,0.27140572667121887,0.2068370282649994,0.24968494474887848,0.27207237482070923,0.2714056968688965,0.2068370133638382,0.24968494474887848,0.27207237482070923,-2.9802322387695312e-08,-1.4901161193847656e-08,0.0,0.0
1736,10470,23582,Entity,Entity,False,36.0,mid_degree,False,False,both_wrong,10,9,19731,19731,0.3169998228549957,0.22469095885753632,0.1465875506401062,0.31172171235084534,0.3169998228549957,0.22469095885753632,0.1465875506401062,0.31172171235084534,0.0,0.0,0.0,0.0
1737,13527,26942,Entity,Organization,True,4.0,low_degree,True,True,both_correct,0,0,26942,26942,0.29538318514823914,0.21109485626220703,0.18328717350959778,0.31023478507995605,0.29538318514823914,0.21109485626220703,0.18328717350959778,0.31023478507995605,0.0,0.0,0.0,0.0
1738,3434,17440,Person,Person,False,239.0,high_degree,True,True,both_correct,0,0,17440,17440,0.2782304883003235,0.29091113805770874,0.1484074741601944,0.28245091438293457,0.20109157264232635,0.33037063479423523,0.10726623237133026,0.36127158999443054,-0.07713891565799713,0.03945949673652649,-0.041141241788864136,0.07882067561149597
1739,2469,15560,Place,Place,False,148.0,high_degree,True,True,both_correct,0,0,15560,15560,0.2525772154331207,0.23571349680423737,0.24983160197734833,0.26187771558761597,0.16504821181297302,0.2053632289171219,0.24504484236240387,0.3845437169075012,-0.0875290036201477,-0.03035026788711548,-0.004786759614944458,0.12266600131988525
1740,8615,15895,Place,Place,False,43.0,mid_degree,True,True,both_correct,0,0,15895,15895,0.27592015266418457,0.24464696645736694,0.20211327075958252,0.27731961011886597,0.18064343929290771,0.21355074644088745,0.19846583902835846,0.4073399007320404,-0.09527671337127686,-0.031096220016479492,-0.00364743173122406,0.13002029061317444
1741,8291,23370,Person,Person,False,62.0,mid_degree,True,True,both_correct,0,0,23370,23370,0.2773129343986511,0.2904796004295349,0.1506631225347519,0.28154435753822327,0.20064528286457062,0.33023732900619507,0.10900571197271347,0.36011171340942383,-0.0766676515340805,0.039757728576660156,-0.04165741056203842,0.07856735587120056
1742,12720,23251,Person,Person,False,88.0,high_degree,True,True,both_correct,0,0,23251,23251,0.275250107049942,0.2969520688056946,0.1500614881515503,0.2777363359928131,0.1990015059709549,0.3373388350009918,0.10849664360284805,0.35516294836997986,-0.07624860107898712,0.04038676619529724,-0.04156484454870224,0.07742661237716675
1743,10864,24554,Person,Person,False,29.0,low_degree,True,True,both_correct,0,0,24554,24554,0.27544334530830383,0.28937211632728577,0.15839925408363342,0.276785284280777,0.19991827011108398,0.330011785030365,0.11496631801128387,0.35510358214378357,-0.07552507519721985,0.040639668703079224,-0.04343293607234955,0.07831829786300659
1744,1371,24232,Person,Person,False,52.0,mid_degree,True,True,both_correct,0,0,24232,24232,0.26820510625839233,0.2983369827270508,0.15360350906848907,0.279854416847229,0.19359704852104187,0.3383690118789673,0.11086981743574142,0.3571641147136688,-0.07460805773735046,0.040032029151916504,-0.04273369163274765,0.07730969786643982
1745,10883,24168,Place,Place,False,13.0,low_degree,True,True,both_correct,0,0,24168,24168,0.2786633372306824,0.2571403682231903,0.17748144268989563,0.2867148816585541,0.18212547898292542,0.22407053411006927,0.17397940158843994,0.4198245406150818,-0.09653785824775696,-0.03306983411312103,-0.0035020411014556885,0.1331096589565277
1746,2001,21225,Creative Work,Creative Work,False,133.0,high_degree,True,True,both_correct,0,0,21225,21225,0.31643763184547424,0.19149208068847656,0.15467461943626404,0.33739572763442993,0.1873731166124344,0.1889730989933014,0.10686969012022018,0.5167840719223022,-0.12906451523303986,-0.002518981695175171,-0.047804929316043854,0.17938834428787231
1747,6087,18079,Person,Creative Work,True,59.0,mid_degree,True,True,both_correct,0,0,18079,18079,0.28965309262275696,0.26945555210113525,0.14905953407287598,0.29183176159858704,0.21008475124835968,0.30708178877830505,0.10810878872871399,0.3747246265411377,-0.07956834137439728,0.0376262366771698,-0.04095074534416199,0.08289286494255066
1748,11607,22587,Person,Person,False,37.0,mid_degree,True,True,both_correct,0,0,22587,22587,0.27672863006591797,0.27563992142677307,0.15906363725662231,0.2885678708553314,0.2006087750196457,0.3139707148075104,0.11530957370996475,0.3701108992099762,-0.07611985504627228,0.038330793380737305,-0.04375406354665756,0.08154302835464478
1749,7003,25117,Person,Person,False,86.0,high_degree,True,True,both_correct,0,0,25117,25117,0.2749517858028412,0.2910380959510803,0.1533394753932953,0.2806706428527832,0.1989920735359192,0.33096441626548767,0.11097357422113419,0.35906994342803955,-0.075959712266922,0.03992632031440735,-0.0423659011721611,0.07839930057525635
1750,9754,26400,Creative Work,Creative Work,False,110.0,high_degree,True,True,both_correct,0,0,26400,26400,0.32177746295928955,0.19338683784008026,0.15417490899562836,0.33066079020500183,0.19169877469539642,0.1920081228017807,0.10717026144266129,0.5091228485107422,-0.13007868826389313,-0.0013787150382995605,-0.04700464755296707,0.17846205830574036
1751,7508,27132,Person,Person,False,58.0,mid_degree,True,False,harmed,0,1,27132,23393,0.27279919385910034,0.2854570746421814,0.16563469171524048,0.27610906958580017,0.1983751654624939,0.3261646628379822,0.12045169621706009,0.3550085127353668,-0.07442402839660645,0.04070758819580078,-0.04518299549818039,0.07889944314956665
1752,11468,16074,Organization,Organization,False,36.0,mid_degree,True,True,both_correct,0,0,16074,16074,0.31136515736579895,0.21750062704086304,0.16113369166851044,0.31000053882598877,0.2325385957956314,0.1856229305267334,0.1375320851802826,0.44430631399154663,-0.07882656157016754,-0.03187769651412964,-0.023601606488227844,0.13430577516555786
1753,11553,23318,Place,Place,False,10.0,low_degree,False,False,both_wrong,2,6,24073,24073,0.29771801829338074,0.22453244030475616,0.18191437423229218,0.29583510756492615,0.19416463375091553,0.19523917138576508,0.17794479429721832,0.4326513707637787,-0.10355338454246521,-0.02929326891899109,-0.0039695799350738525,0.13681626319885254
1754,3117,24923,Organization,Organization,False,25.0,low_degree,True,True,both_correct,0,0,24923,24923,0.3043467700481415,0.22914588451385498,0.16341418027877808,0.30309319496154785,0.22800849378108978,0.1961735337972641,0.13991495966911316,0.43590301275253296,-0.0763382762670517,-0.03297235071659088,-0.023499220609664917,0.1328098177909851
1755,3778,22798,Person,Person,False,51.0,mid_degree,True,True,both_correct,0,0,22798,22798,0.2743884027004242,0.28223854303359985,0.1664983034133911,0.27687475085258484,0.19969435036182404,0.32275116443634033,0.12117860466241837,0.35637593269348145,-0.07469405233860016,0.04051262140274048,-0.04531969875097275,0.0795011818408966
1756,4525,18738,Person,Person,False,23.0,low_degree,True,True,both_correct,0,0,18738,18738,0.27461591362953186,0.29745209217071533,0.15550346672534943,0.2724285125732422,0.1991305649280548,0.3389076292514801,0.11275940388441086,0.34920236468315125,-0.07548534870147705,0.04145553708076477,-0.04274406284093857,0.07677385210990906
1757,9557,26163,Person,Person,False,14.0,low_degree,True,True,both_correct,0,0,26163,26163,0.27330175042152405,0.28949493169784546,0.1595430076122284,0.2776603400707245,0.19826112687587738,0.32998088002204895,0.11573592573404312,0.35602208971977234,-0.07504062354564667,0.04048594832420349,-0.04380708187818527,0.07836174964904785
1758,6398,19881,Person,Person,False,125.0,high_degree,True,True,both_correct,0,0,19881,19881,0.2698203921318054,0.28448888659477234,0.17096716165542603,0.27472350001335144,0.1963154673576355,0.32523348927497864,0.12440573424100876,0.3540453016757965,-0.07350492477416992,0.0407446026802063,-0.04656142741441727,0.07932180166244507
1759,11716,23089,Organization,Organization,False,45.0,mid_degree,True,True,both_correct,0,0,23089,23089,0.3116784393787384,0.22336377203464508,0.15991884469985962,0.3050389587879181,0.23344340920448303,0.1911763846874237,0.13688845932483673,0.43849173188209534,-0.07823503017425537,-0.032187387347221375,-0.023030385375022888,0.13345277309417725
1760,2720,26451,Person,Person,False,101.0,high_degree,True,True,both_correct,0,0,26451,26451,0.2784960865974426,0.27195486426353455,0.1600268930196762,0.2895221412181854,0.20208682119846344,0.3100738525390625,0.1161404699087143,0.37169888615608215,-0.07640926539897919,0.038118988275527954,-0.043886423110961914,0.08217674493789673
1761,4857,17760,Person,Person,False,44.0,mid_degree,True,True,both_correct,0,0,17760,17760,0.2635529637336731,0.2695438265800476,0.20439505577087402,0.2625080943107605,0.19440089166164398,0.31240060925483704,0.15076512098312378,0.34243330359458923,-0.06915207207202911,0.04285678267478943,-0.053629934787750244,0.07992520928382874
1762,12245,18331,Event,Event,False,11.0,low_degree,True,True,both_correct,0,0,18331,18331,0.2976129949092865,0.21455687284469604,0.17403320968151093,0.31379687786102295,0.2943935692310333,0.21222281455993652,0.1722135841846466,0.32116997241973877,-0.003219425678253174,-0.0023340582847595215,-0.0018196254968643188,0.00737309455871582
1763,9376,21998,Entity,Entity,False,12.0,low_degree,True,True,both_correct,0,0,21998,21998,0.30971065163612366,0.2047552466392517,0.15748544037342072,0.3280487060546875,0.30971065163612366,0.2047552466392517,0.15748544037342072,0.3280487060546875,0.0,0.0,0.0,0.0
1764,2299,21765,Event,Event,False,438.0,high_degree,False,False,both_wrong,2,2,23350,23350,0.3248119354248047,0.21546101570129395,0.14489983022212982,0.31482720375061035,0.32095867395401,0.21288812160491943,0.14328980445861816,0.3228634297847748,-0.0038532614707946777,-0.0025728940963745117,-0.0016100257635116577,0.008036226034164429
1765,4890,18221,Person,Creative Work,True,41.0,mid_degree,True,True,both_correct,0,0,18221,18221,0.28048762679100037,0.27833807468414307,0.15302231907844543,0.28815197944641113,0.20316167175769806,0.3167758882045746,0.11083349585533142,0.36922895908355713,-0.07732595503330231,0.03843781352043152,-0.042188823223114014,0.081076979637146
1766,8856,26068,Person,Person,False,23.0,low_degree,True,True,both_correct,0,0,26068,26068,0.2763534486293793,0.2911504805088043,0.15756690502166748,0.2749291658401489,0.20061920583248138,0.3321062922477722,0.11438006162643433,0.35289445519447327,-0.07573424279689789,0.040955811738967896,-0.043186843395233154,0.07796528935432434
1767,7098,22700,Person,Person,False,58.0,mid_degree,True,True,both_correct,0,0,22700,22700,0.2746712565422058,0.2820711135864258,0.16324369609355927,0.28001391887664795,0.19957515597343445,0.3220355212688446,0.11861367523670197,0.3597756624221802,-0.07509610056877136,0.03996440768241882,-0.0446300208568573,0.07976174354553223
1768,5661,21722,Person,Person,False,47.0,mid_degree,True,True,both_correct,0,0,21722,21722,0.2798260450363159,0.28703126311302185,0.15357406437397003,0.279568612575531,0.20291124284267426,0.3270387053489685,0.11136023700237274,0.3586897850036621,-0.07691480219364166,0.040007442235946655,-0.04221382737159729,0.0791211724281311
1769,13192,17765,Entity,Entity,False,10.0,low_degree,True,True,both_correct,0,0,17765,17765,0.31212496757507324,0.20658497512340546,0.15510152280330658,0.32618850469589233,0.31212496757507324,0.20658497512340546,0.15510152280330658,0.32618850469589233,0.0,0.0,0.0,0.0
1770,10414,27481,Event,Event,False,56.0,mid_degree,True,True,both_correct,0,0,27481,27481,0.3056349754333496,0.2024385631084442,0.14415991306304932,0.3477665185928345,0.30186915397644043,0.19993047416210175,0.1424257904291153,0.35577458143234253,-0.0037658214569091797,-0.0025080889463424683,-0.001734122633934021,0.008008062839508057
1771,14727,19196,Place,Place,False,7.0,low_degree,False,False,both_wrong,1,1,23107,23107,0.2763862907886505,0.23793211579322815,0.185368612408638,0.30031293630599976,0.17895394563674927,0.2054002732038498,0.18001790344715118,0.43562787771224976,-0.09743234515190125,-0.03253184258937836,-0.005350708961486816,0.13531494140625
1772,7857,23847,Creative Work,Creative Work,False,95.0,high_degree,False,True,rescued,2,0,22720,23847,0.3100953698158264,0.18735675513744354,0.1493254005908966,0.35322245955467224,0.18129633367061615,0.18255402147769928,0.10186602920293808,0.5342836380004883,-0.12879903614521027,-0.004802733659744263,-0.04745937138795853,0.18106117844581604
1773,9420,17149,Entity,Entity,False,47.0,mid_degree,True,True,both_correct,0,0,17149,17149,0.32562869787216187,0.1996278017759323,0.14548461139202118,0.32925885915756226,0.32562869787216187,0.19962778687477112,0.14548461139202118,0.32925885915756226,0.0,-1.4901161193847656e-08,0.0,0.0
1774,6400,24375,Organization,Organization,False,46.0,mid_degree,True,True,both_correct,0,0,24375,24375,0.30197465419769287,0.2350350320339203,0.15826548635959625,0.3047248125076294,0.22588784992694855,0.20090936124324799,0.13530085980892181,0.43790188431739807,-0.07608680427074432,-0.0341256707906723,-0.02296462655067444,0.13317707180976868
1775,9082,16940,Entity,Entity,False,20.0,low_degree,False,False,both_wrong,511,320,18352,20593,0.3075529932975769,0.20907342433929443,0.16283708810806274,0.3205365240573883,0.3075529634952545,0.20907342433929443,0.16283707320690155,0.3205364942550659,-2.9802322387695312e-08,0.0,-1.4901161193847656e-08,-2.9802322387695312e-08
1776,11289,18437,Person,Person,False,44.0,mid_degree,True,True,both_correct,0,0,18437,18437,0.2710006535053253,0.28794169425964355,0.16261790692806244,0.2784397602081299,0.1966099888086319,0.3282400369644165,0.11798220127820969,0.3571677803993225,-0.07439066469669342,0.04029834270477295,-0.04463570564985275,0.07872802019119263
1777,197,20366,Person,Person,False,164.0,high_degree,True,True,both_correct,0,0,20366,20366,0.2870471179485321,0.28826647996902466,0.14705203473567963,0.2776343822479248,0.20820702612400055,0.3285379409790039,0.10666126757860184,0.3565937876701355,-0.07884009182453156,0.04027146100997925,-0.04039076715707779,0.0789594054222107
1778,14385,23852,Organization,Organization,False,24.0,low_degree,True,True,both_correct,0,0,23852,23852,0.3114011585712433,0.2211238145828247,0.15985602140426636,0.30761903524398804,0.23290225863456726,0.18898887932300568,0.13663895428180695,0.4414699375629425,-0.07849889993667603,-0.03213493525981903,-0.02321706712245941,0.13385090231895447
1779,5689,25743,Creative Work,Creative Work,False,54.0,mid_degree,True,True,both_correct,0,0,25743,25743,0.25321120023727417,0.23728032410144806,0.25190290808677673,0.2576056122779846,0.15746168792247772,0.24591395258903503,0.18279734253883362,0.41382700204849243,-0.09574951231479645,0.008633628487586975,-0.06910556554794312,0.1562213897705078
1780,8868,15827,Creative Work,Creative Work,False,178.0,high_degree,True,True,both_correct,0,0,15827,15827,0.2590661942958832,0.22881345450878143,0.25433120131492615,0.25778913497924805,0.16163507103919983,0.23792439699172974,0.18513208627700806,0.4153083860874176,-0.09743112325668335,0.009110942482948303,-0.06919911503791809,0.15751925110816956
1781,11967,27261,Person,Person,False,26.0,low_degree,True,True,both_correct,0,0,27261,27261,0.27275943756103516,0.2920905649662018,0.15193425118923187,0.28321573138237,0.19702710211277008,0.3315243422985077,0.10974922776222229,0.36169928312301636,-0.07573233544826508,0.03943377733230591,-0.04218502342700958,0.07848355174064636
1782,8306,27230,Person,Person,False,78.0,high_degree,True,True,both_correct,0,0,27230,27230,0.2843128442764282,0.288746178150177,0.1481502652168274,0.2787907123565674,0.20623193681240082,0.32910022139549255,0.10746707022190094,0.3572008013725281,-0.0780809074640274,0.04035404324531555,-0.04068319499492645,0.0784100890159607
1783,11584,19121,Place,Place,False,25.0,low_degree,False,True,rescued,1,0,20723,19121,0.28322044014930725,0.24945998191833496,0.1647680550813675,0.3025515377521515,0.18370085954666138,0.2157294601202011,0.1602921336889267,0.4402775466442108,-0.09951958060264587,-0.03373052179813385,-0.004475921392440796,0.13772600889205933
1784,1826,18227,Person,Person,False,137.0,high_degree,True,True,both_correct,0,0,18227,18227,0.2738211750984192,0.3057937026023865,0.14727254211902618,0.27311262488365173,0.19771066308021545,0.34693095088005066,0.10633974522352219,0.3490186035633087,-0.07611051201820374,0.041137248277664185,-0.040932796895504,0.07590597867965698
1785,3885,26577,Creative Work,Creative Work,False,98.0,high_degree,True,True,both_correct,0,0,26577,26577,0.340036541223526,0.18601971864700317,0.15363365411758423,0.3203100860118866,0.20504364371299744,0.18694251775741577,0.10810209810733795,0.49991175532341003,-0.13499289751052856,0.0009227991104125977,-0.04553155601024628,0.17960166931152344
1786,4635,26152,Person,Person,False,86.0,high_degree,True,True,both_correct,0,0,26152,26152,0.28040626645088196,0.28926223516464233,0.14989764988422394,0.28043389320373535,0.20309950411319733,0.3292042315006256,0.10857231914997101,0.35912400484085083,-0.07730676233768463,0.039941996335983276,-0.04132533073425293,0.07869011163711548
1787,5107,27633,Creative Work,Creative Work,False,94.0,high_degree,True,True,both_correct,0,0,27633,27633,0.25299516320228577,0.2366032749414444,0.2545466721057892,0.25585490465164185,0.15771354734897614,0.24581554532051086,0.18515898287296295,0.41131195425987244,-0.09528161585330963,0.009212270379066467,-0.06938768923282623,0.1554570496082306
1788,9196,25712,Place,Place,False,8.0,low_degree,False,False,both_wrong,1,1,18241,18241,0.28619644045829773,0.24181610345840454,0.17650310695171356,0.295484334230423,0.18641555309295654,0.21000362932682037,0.17243483662605286,0.4311460256576538,-0.09978088736534119,-0.03181247413158417,-0.004068270325660706,0.13566169142723083
1789,1726,19322,Place,Place,False,25.0,low_degree,True,True,both_correct,0,0,19322,19322,0.2929958403110504,0.24335017800331116,0.17321544885635376,0.2904385030269623,0.19171768426895142,0.21230293810367584,0.16999685764312744,0.4259824752807617,-0.101278156042099,-0.031047239899635315,-0.0032185912132263184,0.13554397225379944
1790,13351,18513,Organization,Organization,False,5.0,low_degree,False,True,rescued,1,0,22656,18513,0.28715065121650696,0.21745766699314117,0.17585162818431854,0.3195400536060333,0.21273300051689148,0.18409693241119385,0.14888939261436462,0.4542807340621948,-0.07441765069961548,-0.03336073458194733,-0.02696223556995392,0.1347406804561615
1791,4145,17422,Person,Person,False,83.0,high_degree,True,True,both_correct,0,0,17422,17422,0.27568480372428894,0.3011891841888428,0.14725768566131592,0.27586832642555237,0.1991727501153946,0.34190690517425537,0.10639254003763199,0.3525278568267822,-0.07651205360889435,0.0407177209854126,-0.04086514562368393,0.07665953040122986
1792,13612,18357,Entity,Entity,False,6.0,low_degree,True,True,both_correct,0,0,18357,18357,0.29235678911209106,0.20943498611450195,0.19257257878780365,0.3056356608867645,0.29235678911209106,0.20943498611450195,0.19257257878780365,0.3056356608867645,0.0,0.0,0.0,0.0
1793,6849,21244,Place,Place,False,18.0,low_degree,True,True,both_correct,0,0,21244,21244,0.29737943410873413,0.24398493766784668,0.16436539590358734,0.29427024722099304,0.19450029730796814,0.21276263892650604,0.16124029457569122,0.4314967691898346,-0.10287913680076599,-0.031222298741340637,-0.003125101327896118,0.13722652196884155
1794,2694,24042,Organization,Organization,False,32.0,low_degree,True,True,both_correct,0,0,24042,24042,0.3014388084411621,0.2328023910522461,0.1579769104719162,0.3077818751335144,0.22516173124313354,0.19871430099010468,0.13485944271087646,0.4412645101547241,-0.07627707719802856,-0.03408809006214142,-0.023117467761039734,0.13348263502120972
1795,14237,20947,Place,Place,False,10.0,low_degree,True,True,both_correct,0,0,20947,20947,0.28281450271606445,0.24040062725543976,0.18668076395988464,0.29010412096977234,0.18443803489208221,0.20902970433235168,0.18260067701339722,0.4239315390586853,-0.09837646782398224,-0.031370922923088074,-0.004080086946487427,0.13382741808891296
1796,14950,25213,Organization,Organization,False,2.0,low_degree,False,False,both_wrong,147,161,25819,25819,0.28436973690986633,0.21940918266773224,0.18816709518432617,0.30805397033691406,0.21203170716762543,0.18694739043712616,0.16034425795078278,0.44067656993865967,-0.0723380297422409,-0.03246179223060608,-0.027822837233543396,0.1326225996017456
1797,9463,26807,Person,Person,False,52.0,mid_degree,True,True,both_correct,0,0,26807,26807,0.2872121334075928,0.2813829779624939,0.1539563536643982,0.27744853496551514,0.20902621746063232,0.32177209854125977,0.11204381287097931,0.3571578562259674,-0.07818591594696045,0.04038912057876587,-0.041912540793418884,0.07970932126045227
1798,9587,19342,Place,Place,False,24.0,low_degree,True,True,both_correct,0,0,19342,19342,0.29417985677719116,0.25239771604537964,0.16027270257472992,0.2931497097015381,0.19251994788646698,0.22022727131843567,0.15731726586818695,0.4299355447292328,-0.10165990889072418,-0.03217044472694397,-0.0029554367065429688,0.1367858350276947
1799,6315,25381,Creative Work,Creative Work,False,69.0,mid_degree,False,False,both_wrong,5,1,27608,27608,0.3170243501663208,0.18634402751922607,0.16353486478328705,0.33309677243232727,0.18876151740550995,0.18491199612617493,0.11361866444349289,0.5127078294754028,-0.12826283276081085,-0.0014320313930511475,-0.04991620033979416,0.17961105704307556
1800,11980,23305,Organization,Organization,False,6.0,low_degree,False,False,both_wrong,2,3,27698,27698,0.2866775393486023,0.22377949953079224,0.1811574548482895,0.30838555097579956,0.21371880173683167,0.1906408667564392,0.15434662997722626,0.4412936866283417,-0.07295873761177063,-0.03313863277435303,-0.026810824871063232,0.13290813565254211
1801,5762,20607,Person,Person,False,64.0,mid_degree,True,True,both_correct,0,0,20607,20607,0.2805942893028259,0.2914648652076721,0.15137331187725067,0.2765675485134125,0.20347236096858978,0.3320968747138977,0.1097697839140892,0.3546609878540039,-0.07712192833423615,0.040632009506225586,-0.04160352796316147,0.07809343934059143
1802,4003,16163,Place,Place,False,161.0,high_degree,True,True,both_correct,0,0,16163,16163,0.26624855399131775,0.23482529819011688,0.23153254389762878,0.2673935890197754,0.1743973195552826,0.2050786316394806,0.22746559977531433,0.3930584490299225,-0.09185123443603516,-0.02974666655063629,-0.004066944122314453,0.1256648600101471
1803,11000,22173,Organization,Organization,False,23.0,low_degree,True,True,both_correct,0,0,22173,22173,0.3057008981704712,0.22656284272670746,0.15900728106498718,0.3087289333343506,0.2283405363559723,0.19338461756706238,0.13573603332042694,0.44253888726234436,-0.0773603618144989,-0.03317822515964508,-0.02327124774456024,0.13380995392799377
1804,7340,25101,Creative Work,Creative Work,False,82.0,high_degree,True,True,both_correct,0,0,25101,25101,0.3235066533088684,0.19702917337417603,0.14657112956047058,0.3328930139541626,0.19186487793922424,0.19474728405475616,0.10145697742700577,0.5119308829307556,-0.13164177536964417,-0.002281889319419861,-0.04511415213346481,0.17903786897659302
1805,4681,24130,Creative Work,Creative Work,False,177.0,high_degree,True,True,both_correct,0,0,24130,24130,0.33246058225631714,0.18985693156719208,0.14950303733348846,0.32817941904067993,0.19875022768974304,0.18915745615959167,0.10430233925580978,0.5077899694442749,-0.1337103545665741,-0.0006994754076004028,-0.04520069807767868,0.17961055040359497
1806,104,24816,Entity,Entity,False,556.0,high_degree,True,True,both_correct,0,0,24816,24816,0.2953246235847473,0.19494906067848206,0.1420356184244156,0.36769065260887146,0.2953246533870697,0.19494906067848206,0.1420356184244156,0.36769065260887146,2.9802322387695312e-08,0.0,0.0,0.0
1807,8185,18694,Person,Person,False,73.0,mid_degree,True,True,both_correct,0,0,18694,18694,0.2742392122745514,0.3026261627674103,0.14894165098667145,0.2741929590702057,0.19820015132427216,0.3436625301837921,0.10764453560113907,0.3504927456378937,-0.07603906095027924,0.041036367416381836,-0.04129711538553238,0.07629978656768799
1808,8736,21137,Person,Person,False,99.0,high_degree,True,True,both_correct,0,0,21137,21137,0.2750758230686188,0.29965299367904663,0.1499795764684677,0.2752915918827057,0.1989564150571823,0.34054693579673767,0.10847620666027069,0.35202041268348694,-0.07611940801143646,0.04089394211769104,-0.04150336980819702,0.07672882080078125
1809,11865,16657,Entity,Entity,False,48.0,mid_degree,True,True,both_correct,0,0,16657,16657,0.3210776150226593,0.19731473922729492,0.14388622343540192,0.33772143721580505,0.3210776150226593,0.19731473922729492,0.1438862383365631,0.33772146701812744,0.0,0.0,1.4901161193847656e-08,2.9802322387695312e-08
1810,11445,15842,Entity,Entity,False,22.0,low_degree,True,True,both_correct,0,0,15842,15842,0.26292797923088074,0.21975615620613098,0.2545781135559082,0.2627377212047577,0.26292797923088074,0.21975617110729218,0.2545781135559082,0.2627377510070801,0.0,1.4901161193847656e-08,0.0,2.9802322387695312e-08
1811,2741,23554,Organization,Organization,False,84.0,high_degree,True,True,both_correct,0,0,23554,23554,0.30497899651527405,0.24223116040229797,0.157863050699234,0.29492682218551636,0.22955094277858734,0.2083456814289093,0.13579457998275757,0.4263087511062622,-0.0754280537366867,-0.03388547897338867,-0.02206847071647644,0.13138192892074585
1812,14172,17139,Place,Place,False,10.0,low_degree,True,True,both_correct,0,0,17139,17139,0.28138795495033264,0.24827729165554047,0.17573487758636475,0.29459989070892334,0.18317078053951263,0.21548230946063995,0.1715782880783081,0.4297686219215393,-0.09821717441082001,-0.03279498219490051,-0.004156589508056641,0.13516873121261597
1813,14567,20543,Place,Place,False,6.0,low_degree,True,True,both_correct,0,0,20543,20543,0.2820693552494049,0.22397084534168243,0.18705227971076965,0.3069075047969818,0.18207989633083344,0.19276174902915955,0.18110187351703644,0.4440564513206482,-0.09998945891857147,-0.031209096312522888,-0.005950406193733215,0.13714894652366638
1814,2698,26884,Creative Work,Creative Work,False,110.0,high_degree,True,True,both_correct,0,0,26884,26884,0.32874783873558044,0.18668603897094727,0.15399058163166046,0.3305755853652954,0.19626179337501526,0.18574371933937073,0.10726920515298843,0.5107252597808838,-0.13248604536056519,-0.0009423196315765381,-0.04672137647867203,0.18014967441558838
1815,11644,15432,Entity,Entity,False,9.0,low_degree,True,True,both_correct,0,0,15432,15432,0.29705625772476196,0.22267700731754303,0.18879331648349762,0.2914734184741974,0.29705628752708435,0.22267699241638184,0.18879331648349762,0.2914734482765198,2.9802322387695312e-08,-1.4901161193847656e-08,0.0,2.9802322387695312e-08
1816,10249,18961,Person,Creative Work,True,49.0,mid_degree,True,True,both_correct,0,0,18961,18961,0.28628402948379517,0.2766130566596985,0.1495855152606964,0.28751739859580994,0.20751972496509552,0.31505438685417175,0.10842884331941605,0.3689970374107361,-0.07876430451869965,0.03844133019447327,-0.041156671941280365,0.08147963881492615
1817,10183,16582,Person,Person,False,77.0,high_degree,True,True,both_correct,0,0,16582,16582,0.27453672885894775,0.29525378346443176,0.15064162015914917,0.2795678973197937,0.19843989610671997,0.33533236384391785,0.10888934880495071,0.35733839869499207,-0.07609683275222778,0.040078580379486084,-0.041752271354198456,0.07777050137519836
1818,9554,23649,Person,Person,False,46.0,mid_degree,True,True,both_correct,0,0,23649,23649,0.27640414237976074,0.2876436114311218,0.1521274894475937,0.28382477164268494,0.19995102286338806,0.32695382833480835,0.11005055159330368,0.3630445599555969,-0.07645311951637268,0.03931021690368652,-0.04207693785429001,0.07921978831291199
1819,5717,15069,Place,Place,False,19.0,low_degree,False,False,both_wrong,137,103,23806,26786,0.292621374130249,0.23724566400051117,0.17385272681713104,0.29628026485443115,0.19071877002716064,0.2061619758605957,0.16995011270046234,0.4331691265106201,-0.10190260410308838,-0.031083688139915466,-0.003902614116668701,0.13688886165618896
1820,5512,23191,Person,Person,False,36.0,mid_degree,True,True,both_correct,0,0,23191,23191,0.2724929451942444,0.2976316511631012,0.15146087110042572,0.2784145176410675,0.19691962003707886,0.33796030282974243,0.10945463180541992,0.3556654155254364,-0.07557332515716553,0.040328651666641235,-0.0420062392950058,0.0772508978843689
1821,321,21475,Creative Work,Creative Work,False,206.0,high_degree,True,True,both_correct,0,0,21475,21475,0.32571282982826233,0.18684837222099304,0.1490803211927414,0.33835843205451965,0.1930578351020813,0.18457388877868652,0.103125661611557,0.5192425847053528,-0.13265499472618103,-0.0022744834423065186,-0.04595465958118439,0.18088415265083313
1822,14286,27752,Entity,Entity,False,4.0,low_degree,False,False,both_wrong,239,172,27203,27203,0.30051472783088684,0.21058426797389984,0.1917683184146881,0.2971327304840088,0.30051472783088684,0.21058425307273865,0.19176830351352692,0.2971327304840088,0.0,-1.4901161193847656e-08,-1.4901161193847656e-08,0.0
1823,4214,21228,Creative Work,Creative Work,False,132.0,high_degree,True,True,both_correct,0,0,21228,21228,0.32711848616600037,0.18794682621955872,0.1534578502178192,0.3314768075942993,0.19503368437290192,0.1867535412311554,0.10676312446594238,0.5114496350288391,-0.13208480179309845,-0.0011932849884033203,-0.04669472575187683,0.1799728274345398
1824,10466,21296,Place,Place,False,18.0,low_degree,True,True,both_correct,0,0,21296,21296,0.28490614891052246,0.24731911718845367,0.1785963624715805,0.28917837142944336,0.18613874912261963,0.21543483436107635,0.17500945925712585,0.42341694235801697,-0.09876739978790283,-0.03188428282737732,-0.003586903214454651,0.1342385709285736
1825,10727,22082,Creative Work,Creative Work,False,64.0,mid_degree,True,True,both_correct,0,0,22082,22082,0.2560173571109772,0.24166736006736755,0.2427040934562683,0.25961118936538696,0.15875941514968872,0.2497567981481552,0.17561031877994537,0.4158734381198883,-0.09725794196128845,0.008089438080787659,-0.06709377467632294,0.15626224875450134
1826,9736,23132,Person,Person,False,82.0,high_degree,True,True,both_correct,0,0,23132,23132,0.27182725071907043,0.29084429144859314,0.16194961965084076,0.2753788232803345,0.19733086228370667,0.33175307512283325,0.11756937950849533,0.3533466160297394,-0.07449638843536377,0.04090878367424011,-0.04438024014234543,0.07796779274940491
1827,10418,27296,Person,Person,False,98.0,high_degree,True,True,both_correct,0,0,27296,27296,0.27189818024635315,0.2944248914718628,0.1517297774553299,0.2819471061229706,0.19634762406349182,0.33407676219940186,0.10956715047359467,0.36000847816467285,-0.07555055618286133,0.03965187072753906,-0.04216262698173523,0.07806137204170227
1828,2376,23675,Organization,Organization,False,36.0,mid_degree,False,True,rescued,1,0,18220,23675,0.2614500820636749,0.2334391474723816,0.24203430116176605,0.263076514005661,0.19963540136814117,0.20369014143943787,0.2112119197845459,0.38546252250671387,-0.06181468069553375,-0.029749006032943726,-0.030822381377220154,0.12238600850105286
1829,1996,18143,Person,Person,False,58.0,mid_degree,True,True,both_correct,0,0,18143,18143,0.2782067358493805,0.28961843252182007,0.15407823026180267,0.27809664607048035,0.20172587037086487,0.32996851205825806,0.11172040551900864,0.35658520460128784,-0.07648086547851562,0.04035007953643799,-0.04235782474279404,0.0784885585308075
1830,13842,27127,Person,Person,False,11.0,low_degree,True,True,both_correct,0,0,27127,27127,0.2759101688861847,0.29137858748435974,0.15773193538188934,0.27497926354408264,0.2002737820148468,0.3323274552822113,0.1144900992512703,0.3529086112976074,-0.07563638687133789,0.04094886779785156,-0.04324183613061905,0.07792934775352478
1831,12640,19690,Person,Person,False,35.0,mid_degree,True,True,both_correct,0,0,19690,19690,0.28078746795654297,0.2865203320980072,0.15669476985931396,0.27599743008613586,0.20409010350704193,0.3272283971309662,0.11388625204563141,0.35479527711868286,-0.07669736444950104,0.040708065032958984,-0.042808517813682556,0.078797847032547
1832,3122,21358,Creative Work,Creative Work,False,101.0,high_degree,True,True,both_correct,0,0,21358,21358,0.3213932514190674,0.19145794212818146,0.1571093052625656,0.33003947138786316,0.19155001640319824,0.1901726871728897,0.10927687585353851,0.5090004205703735,-0.12984323501586914,-0.001285254955291748,-0.0478324294090271,0.17896094918251038
1833,6744,18804,Person,Person,False,43.0,mid_degree,False,False,both_wrong,132,21,23797,23797,0.2800685465335846,0.28141433000564575,0.15866395831108093,0.27985310554504395,0.20358948409557343,0.32143205404281616,0.11532983928918839,0.35964861512184143,-0.07647906243801117,0.04001772403717041,-0.04333411902189255,0.07979550957679749
1834,2620,25739,Event,Event,False,478.0,high_degree,False,False,both_wrong,3,3,26664,26664,0.2787458896636963,0.21952392160892487,0.14388978481292725,0.3578404188156128,0.2751627266407013,0.21668511629104614,0.14216582477092743,0.3659862279891968,-0.003583163022994995,-0.002838805317878723,-0.001723960041999817,0.008145809173583984
1835,2436,16438,Person,Person,False,76.0,high_degree,True,False,harmed,0,1,16438,15825,0.2676585614681244,0.2632732391357422,0.20539338886737823,0.263674795627594,0.19784638285636902,0.3057781159877777,0.15181320905685425,0.3445623219013214,-0.06981217861175537,0.04250487685203552,-0.05358017981052399,0.08088752627372742
1836,14444,19901,Place,Place,False,12.0,low_degree,True,False,harmed,0,1,19901,15543,0.29108038544654846,0.22181326150894165,0.18194344639778137,0.30516287684440613,0.18851178884506226,0.1915295124053955,0.17673227190971375,0.44322648644447327,-0.1025685966014862,-0.030283749103546143,-0.005211174488067627,0.13806360960006714
1837,11011,19172,Person,Person,False,124.0,high_degree,True,True,both_correct,0,0,19172,19172,0.28141146898269653,0.2917720377445221,0.14729756116867065,0.27951890230178833,0.20377354323863983,0.33197394013404846,0.10666532814502716,0.35758718848228455,-0.0776379257440567,0.04020190238952637,-0.040632233023643494,0.07806828618049622
1838,11794,18861,Person,Person,False,95.0,high_degree,True,True,both_correct,0,0,18861,18861,0.2739661633968353,0.30233263969421387,0.1513044536113739,0.2723967134952545,0.19822624325752258,0.3437167704105377,0.10947398096323013,0.34858301281929016,-0.07573992013931274,0.04138413071632385,-0.04183047264814377,0.07618629932403564
1839,3973,26890,Creative Work,Creative Work,False,75.0,high_degree,True,True,both_correct,0,0,26890,26890,0.33262696862220764,0.19257768988609314,0.15094752609729767,0.32384783029556274,0.19958889484405518,0.1925813853740692,0.10567077249288559,0.5021589994430542,-0.13303807377815247,3.6954879760742188e-06,-0.04527675360441208,0.17831116914749146
1840,3602,16945,Creative Work,Event,True,24.0,low_degree,True,True,both_correct,0,0,16945,16945,0.3045319616794586,0.2166886031627655,0.18360845744609833,0.29517102241516113,0.18547089397907257,0.2199420928955078,0.13046132028102875,0.46412569284439087,-0.11906106770038605,0.0032534897327423096,-0.05314713716506958,0.16895467042922974
1841,5546,17249,Place,Place,False,90.0,high_degree,True,True,both_correct,0,0,17249,17249,0.2877070903778076,0.25080186128616333,0.18711163103580475,0.2743794620037079,0.18963316082954407,0.22040309011936188,0.1849774718284607,0.4049862325191498,-0.09807392954826355,-0.030398771166801453,-0.002134159207344055,0.1306067705154419
1842,6135,18433,Place,Place,False,31.0,low_degree,True,True,both_correct,0,0,18433,18433,0.270102858543396,0.24847428500652313,0.21059103310108185,0.2708318531513214,0.17715425789356232,0.21728375554084778,0.20716412365436554,0.398397833108902,-0.09294860064983368,-0.031190529465675354,-0.0034269094467163086,0.12756597995758057
1843,10685,18533,Place,Place,False,65.0,mid_degree,True,True,both_correct,0,0,18533,18533,0.3021770417690277,0.23405808210372925,0.15616697072982788,0.30759793519973755,0.1965271383523941,0.2029585987329483,0.1523376852273941,0.4481765329837799,-0.1056499034166336,-0.031099483370780945,-0.003829285502433777,0.14057859778404236
1844,1533,25794,Person,Person,False,105.0,high_degree,True,True,both_correct,0,0,25794,25794,0.28295859694480896,0.26386746764183044,0.14777681231498718,0.3053971827030182,0.2041444182395935,0.299121618270874,0.10661496967077255,0.39011889696121216,-0.07881417870521545,0.03525415062904358,-0.04116184264421463,0.08472171425819397
1845,12638,18452,Entity,Organization,True,6.0,low_degree,True,True,both_correct,0,0,18452,18452,0.3053966760635376,0.20848111808300018,0.17734262347221375,0.3087795674800873,0.3053966760635376,0.20848111808300018,0.17734262347221375,0.3087795674800873,0.0,0.0,0.0,0.0
1846,794,15114,Entity,Entity,False,709.0,high_degree,True,True,both_correct,0,0,15114,15114,0.2823639512062073,0.19505631923675537,0.14160972833633423,0.3809700310230255,0.2823639512062073,0.19505634903907776,0.14160972833633423,0.3809700310230255,0.0,2.9802322387695312e-08,0.0,0.0
1847,14583,22458,Place,Place,False,10.0,low_degree,False,False,both_wrong,5,3,16506,16506,0.29078447818756104,0.2392023354768753,0.17543955147266388,0.2945736050605774,0.1896960437297821,0.20805369317531586,0.17165988683700562,0.4305904507637024,-0.10108843445777893,-0.031148642301559448,-0.003779664635658264,0.136016845703125
1848,12734,17444,Place,Place,False,19.0,low_degree,True,True,both_correct,0,0,17444,17444,0.29186058044433594,0.22978408634662628,0.1767890453338623,0.3015662431716919,0.18960948288440704,0.19903427362442017,0.17226356267929077,0.43909260630607605,-0.1022510975599289,-0.030749812722206116,-0.004525482654571533,0.13752636313438416
1849,13720,19404,Place,Place,False,6.0,low_degree,True,True,both_correct,0,0,19404,19404,0.2800171673297882,0.2282382696866989,0.18108147382736206,0.3106630742549896,0.18042993545532227,0.19608108699321747,0.17500588297843933,0.44848304986953735,-0.09958723187446594,-0.032157182693481445,-0.0060755908489227295,0.13781997561454773
1850,9401,24337,Person,Person,False,77.0,high_degree,False,False,both_wrong,1364,738,21131,18110,0.2700841426849365,0.29666775465011597,0.1562001258134842,0.2770479917526245,0.19540190696716309,0.33725008368492126,0.11300648748874664,0.3543414771556854,-0.07468223571777344,0.0405823290348053,-0.04319363832473755,0.07729348540306091
1851,906,24504,Person,Person,False,77.0,high_degree,True,True,both_correct,0,0,24504,24504,0.27345895767211914,0.3033320903778076,0.14879685640335083,0.2744120955467224,0.19752439856529236,0.3442687392234802,0.10748753696680069,0.35071930289268494,-0.07593455910682678,0.04093664884567261,-0.04130931943655014,0.07630720734596252
1852,839,22535,Creative Work,Creative Work,False,141.0,high_degree,True,True,both_correct,0,0,22535,22535,0.3277769982814789,0.19103588163852692,0.14956294000148773,0.33162423968315125,0.19521529972553253,0.189618319272995,0.1039530336856842,0.5112133622169495,-0.13256169855594635,-0.0014175623655319214,-0.04560990631580353,0.17958912253379822
1853,13108,16523,Person,Person,False,18.0,low_degree,True,True,both_correct,0,0,16523,16523,0.2778652310371399,0.2886643409729004,0.1555049568414688,0.2779655158519745,0.201583132147789,0.32905253767967224,0.11281190812587738,0.35655245184898376,-0.07628209888935089,0.04038819670677185,-0.04269304871559143,0.07858693599700928
1854,8980,27362,Creative Work,Creative Work,False,80.0,high_degree,True,True,both_correct,0,0,27362,27362,0.32170242071151733,0.19061622023582458,0.15043343603610992,0.33724796772003174,0.19067275524139404,0.1882883757352829,0.10404473543167114,0.5169941782951355,-0.1310296654701233,-0.002327844500541687,-0.04638870060443878,0.17974621057510376
1855,9207,25793,Person,Person,False,36.0,mid_degree,True,True,both_correct,0,0,25793,25793,0.28122976422309875,0.28449130058288574,0.1556265950202942,0.2786523699760437,0.2043009251356125,0.32473573088645935,0.11305391043424606,0.3579094111919403,-0.07692883908748627,0.04024443030357361,-0.042572684586048126,0.0792570412158966
1856,5656,24696,Organization,Organization,False,30.0,low_degree,True,True,both_correct,0,0,24696,24696,0.3063524663448334,0.1992553025484085,0.1591210663318634,0.3352711498737335,0.22530865669250488,0.16746024787425995,0.13374456763267517,0.4734865128993988,-0.08104380965232849,-0.03179505467414856,-0.025376498699188232,0.13821536302566528
1857,10216,24610,Person,Person,False,103.0,high_degree,True,True,both_correct,0,0,24610,24610,0.27959516644477844,0.28815510869026184,0.1513855755329132,0.2808641791343689,0.2025769054889679,0.3280498683452606,0.10968455672264099,0.3596886992454529,-0.07701826095581055,0.03989475965499878,-0.04170101881027222,0.07882452011108398
1858,1104,16212,Entity,Entity,False,1452.0,high_degree,True,True,both_correct,0,0,16212,16212,0.27161189913749695,0.20663604140281677,0.24846184253692627,0.2732902765274048,0.27161189913749695,0.20663604140281677,0.24846184253692627,0.2732902765274048,0.0,0.0,0.0,0.0
1859,9609,17848,Organization,Organization,False,62.0,mid_degree,True,True,both_correct,0,0,17848,17848,0.31390976905822754,0.20226383209228516,0.15239475667476654,0.33143165707588196,0.23152071237564087,0.17047010362148285,0.1284535676240921,0.4695555865764618,-0.08238905668258667,-0.03179372847080231,-0.02394118905067444,0.13812392950057983
1860,211,15352,Entity,Entity,False,2426.0,high_degree,True,True,both_correct,0,0,15352,15352,0.2828828990459442,0.1945558786392212,0.1415761411190033,0.3809851408004761,0.2828828692436218,0.1945558786392212,0.1415761411190033,0.3809851109981537,-2.9802322387695312e-08,0.0,0.0,-2.9802322387695312e-08
1861,6318,26008,Person,Person,False,90.0,high_degree,True,True,both_correct,0,0,26008,26008,0.25585195422172546,0.3023592233657837,0.14793473482131958,0.29385408759117126,0.1828625202178955,0.3395524322986603,0.1057341992855072,0.371850848197937,-0.07298943400382996,0.03719320893287659,-0.04220053553581238,0.07799676060676575
1862,9602,20606,Person,Creative Work,True,95.0,high_degree,True,True,both_correct,0,0,20606,20606,0.2854404151439667,0.27735793590545654,0.14779368042945862,0.289407879114151,0.20661404728889465,0.3154533803462982,0.10697868466377258,0.37095391750335693,-0.07882636785507202,0.038095444440841675,-0.040814995765686035,0.08154603838920593
1863,4836,26899,Creative Work,Creative Work,False,84.0,high_degree,True,True,both_correct,0,0,26899,26899,0.31352701783180237,0.18998970091342926,0.15276794135570526,0.3437153398990631,0.18461047112941742,0.1864403933286667,0.10501179099082947,0.5239374041557312,-0.12891654670238495,-0.0035493075847625732,-0.04775615036487579,0.1802220642566681
1864,13241,26754,Organization,Organization,False,32.0,low_degree,False,False,both_wrong,1,1,23581,23976,0.3009493947029114,0.22909581661224365,0.15971867740154266,0.3102361559867859,0.224447563290596,0.19524717330932617,0.13613475859165192,0.4441705346107483,-0.07650183141231537,-0.03384864330291748,-0.023583918809890747,0.1339343786239624
1865,2300,20701,Place,Place,False,31.0,low_degree,True,True,both_correct,0,0,20701,20701,0.28066039085388184,0.24746502935886383,0.18053950369358063,0.2913350760936737,0.1829071342945099,0.2150234878063202,0.17647171020507812,0.4255976378917694,-0.09775325655937195,-0.03244154155254364,-0.0040677934885025024,0.1342625617980957
1866,1370,25679,Person,Person,False,15.0,low_degree,False,False,both_wrong,10,14,21880,21880,0.2662038505077362,0.2890776991844177,0.1703578531742096,0.2743605673313141,0.19346044957637787,0.33009907603263855,0.12380623817443848,0.3526342213153839,-0.07274340093135834,0.041021376848220825,-0.04655161499977112,0.07827365398406982
1867,963,18842,Person,Person,False,136.0,high_degree,True,True,both_correct,0,0,18842,18842,0.2775983214378357,0.3011084496974945,0.14725060760974884,0.27404260635375977,0.20076681673526764,0.34217557311058044,0.10649455338716507,0.35056304931640625,-0.07683150470256805,0.04106712341308594,-0.04075605422258377,0.07652044296264648
1868,8077,15753,Entity,Entity,False,53.0,mid_degree,True,True,both_correct,0,0,15753,15753,0.26556453108787537,0.2065948098897934,0.255251944065094,0.27258867025375366,0.26556453108787537,0.2065948098897934,0.255251944065094,0.27258867025375366,0.0,0.0,0.0,0.0
1869,496,16852,Place,Place,False,130.0,high_degree,True,True,both_correct,0,0,16852,16852,0.2555788457393646,0.23145201802253723,0.2525848150253296,0.26038432121276855,0.16739684343338013,0.2021200954914093,0.24813266098499298,0.38235044479370117,-0.0881820023059845,-0.02933192253112793,-0.004452154040336609,0.12196612358093262
1870,7615,22999,Place,Place,False,8.0,low_degree,True,True,both_correct,0,0,22999,22999,0.27896812558174133,0.24699807167053223,0.18329885601997375,0.2907349169254303,0.18178370594978333,0.21459393203258514,0.17914918065071106,0.4244731366634369,-0.09718441963195801,-0.03240413963794708,-0.004149675369262695,0.1337382197380066
1871,13457,25895,Person,Person,False,26.0,low_degree,True,True,both_correct,0,0,25895,25895,0.27192002534866333,0.2918589115142822,0.16055011749267578,0.27567097544670105,0.19728083908557892,0.3327122628688812,0.11647656559944153,0.3535303473472595,-0.07463918626308441,0.040853351354599,-0.04407355189323425,0.07785937190055847
1872,11944,24506,Person,Person,False,78.0,high_degree,True,True,both_correct,0,0,24506,24506,0.28672924637794495,0.28331631422042847,0.15063148736953735,0.27932292222976685,0.20828726887702942,0.32338041067123413,0.10942105948925018,0.3589112460613251,-0.07844197750091553,0.040064096450805664,-0.04121042788028717,0.07958832383155823
1873,5835,15192,Person,Person,False,34.0,mid_degree,True,True,both_correct,0,0,15192,15192,0.25950154662132263,0.2703326344490051,0.20903263986110687,0.2611331343650818,0.19143161177635193,0.31334519386291504,0.1542123556137085,0.3410108685493469,-0.0680699348449707,0.04301255941390991,-0.054820284247398376,0.07987773418426514
1874,544,27737,Entity,Event,True,190.0,high_degree,False,False,both_wrong,376,245,20034,20034,0.31518781185150146,0.19308365881443024,0.14242850244045258,0.34929996728897095,0.31518784165382385,0.19308365881443024,0.14242850244045258,0.34929996728897095,2.9802322387695312e-08,0.0,0.0,0.0
1875,6735,19191,Place,Place,False,30.0,low_degree,False,False,both_wrong,1,3,19386,19386,0.29524654150009155,0.2559795677661896,0.16031135618686676,0.2884625494480133,0.1937812864780426,0.22400332987308502,0.1578136533498764,0.4244016706943512,-0.10146525502204895,-0.03197623789310455,-0.0024977028369903564,0.1359391212463379
1876,13085,21520,Person,Person,False,48.0,mid_degree,True,True,both_correct,0,0,21520,21520,0.2716835141181946,0.29380667209625244,0.15890692174434662,0.27560287714004517,0.1969183385372162,0.3346080183982849,0.11517210304737091,0.3533014953136444,-0.0747651755809784,0.04080134630203247,-0.04373481869697571,0.07769861817359924
1877,9095,21236,Person,Person,False,51.0,mid_degree,True,True,both_correct,0,0,21236,21236,0.272368848323822,0.2941402792930603,0.15231306850910187,0.281177818775177,0.19677992165088654,0.3339104950428009,0.11004164814949036,0.3592679500579834,-0.07558892667293549,0.0397702157497406,-0.04227142035961151,0.0780901312828064
1878,6207,22442,Person,Person,False,89.0,high_degree,True,True,both_correct,0,0,22442,22442,0.24190469086170197,0.25256505608558655,0.2565649747848511,0.24896526336669922,0.18112802505493164,0.29714342951774597,0.19209301471710205,0.32963553071022034,-0.060776665806770325,0.044578373432159424,-0.06447196006774902,0.08067026734352112
1879,7059,26850,Person,Person,False,77.0,high_degree,True,True,both_correct,0,0,26850,26850,0.2726370096206665,0.2964474856853485,0.15498018264770508,0.2759353220462799,0.19736799597740173,0.33720287680625916,0.11219537258148193,0.3532337248325348,-0.07526901364326477,0.040755391120910645,-0.042784810066223145,0.07729840278625488
1880,6734,25337,Person,Person,False,24.0,low_degree,True,True,both_correct,0,0,25337,25337,0.2778085470199585,0.27785781025886536,0.166006401181221,0.27832725644111633,0.20237314701080322,0.3180396556854248,0.120926633477211,0.35866057872772217,-0.07543540000915527,0.04018184542655945,-0.04507976770401001,0.08033332228660583
1881,11315,21128,Person,Creative Work,True,37.0,mid_degree,True,True,both_correct,0,0,21128,21128,0.2933517098426819,0.26797178387641907,0.14997801184654236,0.2886984944343567,0.2132948935031891,0.3061484694480896,0.10904187709093094,0.37151479721069336,-0.0800568163394928,0.03817668557167053,-0.04093613475561142,0.08281630277633667
1882,3530,21880,Person,Person,False,42.0,mid_degree,True,True,both_correct,0,0,21880,21880,0.2751331329345703,0.2933902144432068,0.15883749723434448,0.2726391553878784,0.19979749619960785,0.33476901054382324,0.11535011976957321,0.3500833809375763,-0.07533563673496246,0.041378796100616455,-0.04348737746477127,0.07744422554969788
1883,4290,18100,Person,Person,False,32.0,low_degree,True,True,both_correct,0,0,18100,18100,0.267495334148407,0.2994725704193115,0.1635012924671173,0.2695308029651642,0.19411809742450714,0.34147581458091736,0.11865053325891495,0.34575551748275757,-0.07337723672389984,0.042003244161605835,-0.04485075920820236,0.07622471451759338
1884,6666,26815,Creative Work,Creative Work,False,66.0,mid_degree,True,True,both_correct,0,0,26815,26815,0.3173425495624542,0.19450366497039795,0.15473027527332306,0.33342352509498596,0.18836621940135956,0.1924118548631668,0.1071721538901329,0.5120497941970825,-0.12897633016109467,-0.00209181010723114,-0.047558121383190155,0.17862626910209656
1885,1505,18968,Person,Person,False,67.0,mid_degree,True,True,both_correct,0,0,18968,18968,0.2769038677215576,0.28341174125671387,0.1643926352262497,0.2752918004989624,0.20152057707309723,0.3240853250026703,0.11964169144630432,0.35475242137908936,-0.07538329064846039,0.04067358374595642,-0.044750943779945374,0.07946062088012695
1886,1294,17226,Entity,Entity,False,103.0,high_degree,False,False,both_wrong,5,8,16669,16669,0.3109486401081085,0.20896731317043304,0.1487295925617218,0.33135440945625305,0.3109486699104309,0.20896731317043304,0.1487295925617218,0.33135440945625305,2.9802322387695312e-08,0.0,0.0,0.0
1887,1646,21910,Person,Person,False,190.0,high_degree,True,True,both_correct,0,0,21910,21910,0.28463849425315857,0.2828444540500641,0.1469746083021164,0.28554245829582214,0.20610786974430084,0.3218114674091339,0.1064324676990509,0.3656482398509979,-0.07853062450885773,0.038967013359069824,-0.04054214060306549,0.08010578155517578
1888,7025,18220,Organization,Organization,False,68.0,mid_degree,True,True,both_correct,0,0,18220,18220,0.29871681332588196,0.2346474826335907,0.15645796060562134,0.31017768383026123,0.22268261015415192,0.1998884528875351,0.13329581916332245,0.44413307309150696,-0.07603420317173004,-0.0347590297460556,-0.02316214144229889,0.13395538926124573
1889,12892,17055,Entity,Organization,True,18.0,low_degree,True,True,both_correct,0,0,17055,17055,0.2802455425262451,0.22096648812294006,0.22001473605632782,0.2787732481956482,0.2802455425262451,0.22096648812294006,0.22001473605632782,0.2787732183933258,0.0,0.0,0.0,-2.9802322387695312e-08
1890,9940,26450,Person,Person,False,81.0,high_degree,True,True,both_correct,0,0,26450,26450,0.26296377182006836,0.29536300897598267,0.14858265221118927,0.2930905520915985,0.18853545188903809,0.3327365219593048,0.10653524100780487,0.3721928000450134,-0.07442831993103027,0.037373512983322144,-0.0420474112033844,0.07910224795341492
1891,7731,16232,Place,Place,False,19.0,low_degree,True,True,both_correct,0,0,16232,16232,0.288012832403183,0.23110410571098328,0.1871831715106964,0.29369989037513733,0.18756267428398132,0.20066189765930176,0.18283267319202423,0.4289427101612091,-0.10045015811920166,-0.03044220805168152,-0.00435049831867218,0.13524281978607178
1892,7767,26739,Entity,Entity,False,12.0,low_degree,False,False,both_wrong,2,2,14951,14951,0.3108782172203064,0.20876890420913696,0.16611473262310028,0.31423813104629517,0.3108782172203064,0.20876890420913696,0.16611473262310028,0.31423813104629517,0.0,0.0,0.0,0.0
1893,7271,22771,Person,Person,False,54.0,mid_degree,True,True,both_correct,0,0,22771,22771,0.27431514859199524,0.2923118770122528,0.1534980833530426,0.27987492084503174,0.19849148392677307,0.33234599232673645,0.11106830090284348,0.358094185590744,-0.07582366466522217,0.04003411531448364,-0.04242978245019913,0.07821926474571228
1894,12909,25753,Person,Person,False,13.0,low_degree,True,True,both_correct,0,0,25753,25753,0.2689904570579529,0.28598952293395996,0.1639435589313507,0.28107649087905884,0.19503061473369598,0.32581275701522827,0.11886346340179443,0.3602932393550873,-0.0739598423242569,0.03982323408126831,-0.045080095529556274,0.07921674847602844
1895,4034,27488,Creative Work,Creative Work,False,67.0,mid_degree,True,False,harmed,0,1,27488,26585,0.3255145847797394,0.189405158162117,0.14835405349731445,0.33672618865966797,0.19310402870178223,0.18725794553756714,0.1026976928114891,0.5169403553009033,-0.13241055607795715,-0.0021472126245498657,-0.04565636068582535,0.18021416664123535
1896,946,24861,Creative Work,Creative Work,False,70.0,mid_degree,True,True,both_correct,0,0,24861,24861,0.32071229815483093,0.19060608744621277,0.15063127875328064,0.33805033564567566,0.18992982804775238,0.18812376260757446,0.10409589856863022,0.5178505182266235,-0.13078247010707855,-0.0024823248386383057,-0.04653538018465042,0.17980018258094788
1897,5221,25353,Creative Work,Creative Work,False,65.0,mid_degree,False,False,both_wrong,23,2,24561,26165,0.32092422246932983,0.1973404586315155,0.15677890181541443,0.3249564468860626,0.19188076257705688,0.19664157927036285,0.10938002914190292,0.5020976066589355,-0.12904345989227295,-0.0006988793611526489,-0.047398872673511505,0.17714115977287292
1898,3210,25227,Person,Person,False,37.0,mid_degree,True,True,both_correct,0,0,25227,25227,0.27441921830177307,0.2914544939994812,0.15556827187538147,0.27855804562568665,0.19879139959812164,0.3317464590072632,0.11269067972898483,0.35677140951156616,-0.07562781870365143,0.04029196500778198,-0.04287759214639664,0.07821336388587952
1899,4117,18949,Entity,Entity,False,98.0,high_degree,True,True,both_correct,0,0,18949,18949,0.322279691696167,0.1975724697113037,0.14369113743305206,0.3364567458629608,0.322279691696167,0.1975724697113037,0.14369112253189087,0.3364567458629608,0.0,0.0,-1.4901161193847656e-08,0.0
1900,6624,26257,Organization,Organization,False,42.0,mid_degree,True,True,both_correct,0,0,26257,26257,0.29567521810531616,0.24210573732852936,0.15977273881435394,0.30244630575180054,0.2213609367609024,0.20712696015834808,0.1367039680480957,0.4348081350326538,-0.07431428134441376,-0.034978777170181274,-0.02306877076625824,0.13236182928085327
1901,13140,20750,Entity,Entity,False,40.0,mid_degree,True,True,both_correct,0,0,20750,20750,0.31898656487464905,0.20244497060775757,0.14848731458187103,0.33008113503456116,0.31898659467697144,0.20244497060775757,0.14848731458187103,0.33008113503456116,2.9802322387695312e-08,0.0,0.0,0.0
1902,10211,18996,Place,Place,False,18.0,low_degree,True,True,both_correct,0,0,18996,18996,0.2580791711807251,0.2272050678730011,0.20092442631721497,0.31379133462905884,0.16486051678657532,0.193510964512825,0.1925089806318283,0.44911959767341614,-0.09321865439414978,-0.033694103360176086,-0.008415445685386658,0.1353282630443573
1903,2129,24191,Organization,Organization,False,65.0,mid_degree,True,True,both_correct,0,0,24191,24191,0.3151772618293762,0.1972685605287552,0.1510641723871231,0.3364900052547455,0.2317861169576645,0.1657809317111969,0.12696540355682373,0.4754675328731537,-0.08339114487171173,-0.03148762881755829,-0.024098768830299377,0.1389775276184082
1904,7722,25428,Person,Person,False,42.0,mid_degree,True,True,both_correct,0,0,25428,25428,0.24073807895183563,0.2568381428718567,0.2560012936592102,0.24642249941825867,0.18019604682922363,0.3020734190940857,0.19160877168178558,0.32612180709838867,-0.060542032122612,0.045235276222229004,-0.06439252197742462,0.07969930768013
1905,6576,23988,Entity,Creative Work,True,80.0,high_degree,False,False,both_wrong,33,29,22339,22339,0.30825841426849365,0.21286295354366302,0.15032097697257996,0.3285576105117798,0.30825841426849365,0.21286295354366302,0.15032097697257996,0.3285576105117798,0.0,0.0,0.0,0.0
1906,8796,24399,Person,Person,False,32.0,low_degree,True,True,both_correct,0,0,24399,24399,0.27104058861732483,0.28640615940093994,0.16768458485603333,0.2748686969280243,0.19717282056808472,0.32737648487091064,0.12198040634393692,0.35347023606300354,-0.07386776804924011,0.0409703254699707,-0.045704178512096405,0.07860153913497925
1907,12867,20909,Person,Person,False,36.0,mid_degree,True,True,both_correct,0,0,20909,20909,0.27230581641197205,0.30307716131210327,0.15412244200706482,0.2704945206642151,0.1971987783908844,0.3448682725429535,0.11160927265882492,0.346323698759079,-0.07510703802108765,0.04179111123085022,-0.0425131693482399,0.07582917809486389
1908,4312,27244,Creative Work,Creative Work,False,112.0,high_degree,True,True,both_correct,0,0,27244,27244,0.25316566228866577,0.23651939630508423,0.2501639425754547,0.2601509690284729,0.15722426772117615,0.24480131268501282,0.18127454817295074,0.4166997969150543,-0.09594139456748962,0.008281916379928589,-0.06888939440250397,0.15654882788658142
1909,7679,23788,Person,Person,False,53.0,mid_degree,True,True,both_correct,0,0,23788,23788,0.28309282660484314,0.2863955497741699,0.15395529568195343,0.2765563428401947,0.20574374496936798,0.32705193758010864,0.11189182847738266,0.35531243681907654,-0.07734908163547516,0.04065638780593872,-0.04206346720457077,0.07875609397888184
1910,1993,15216,Organization,Organization,False,60.0,mid_degree,True,True,both_correct,0,0,15216,15216,0.2420366406440735,0.20488013327121735,0.3104369640350342,0.24264627695083618,0.18682746589183807,0.18072259426116943,0.273858904838562,0.3585910201072693,-0.05520917475223541,-0.024157539010047913,-0.03657805919647217,0.1159447431564331
1911,5628,18792,Entity,Entity,False,18.0,low_degree,False,False,both_wrong,39,19,24472,24472,0.2998458445072174,0.21047019958496094,0.18968212604522705,0.3000018298625946,0.2998458445072174,0.21047019958496094,0.18968212604522705,0.3000018298625946,0.0,0.0,0.0,0.0
1912,9133,23085,Person,Person,False,78.0,high_degree,True,True,both_correct,0,0,23085,23085,0.2712589502334595,0.29112496972084045,0.15802569687366486,0.279590368270874,0.19640278816223145,0.3312039375305176,0.11442066729068756,0.3579725921154022,-0.07485616207122803,0.040078967809677124,-0.043605029582977295,0.0783822238445282
1913,3673,22051,Person,Person,False,63.0,mid_degree,True,True,both_correct,0,0,22051,22051,0.2563072741031647,0.26552945375442505,0.2189331352710724,0.2592301070690155,0.1897679716348648,0.3089064061641693,0.16208559274673462,0.3392399847507477,-0.06653930246829987,0.04337695240974426,-0.05684754252433777,0.08000987768173218
1914,7695,15669,Entity,Entity,False,10.0,low_degree,False,False,both_wrong,1,1,19057,19057,0.29872921109199524,0.20994167029857635,0.19610171020030975,0.29522740840911865,0.29872921109199524,0.20994165539741516,0.19610171020030975,0.29522740840911865,0.0,-1.4901161193847656e-08,0.0,0.0
1915,306,15606,Creative Work,Creative Work,False,148.0,high_degree,True,True,both_correct,0,0,15606,15606,0.3178475797176361,0.18702824413776398,0.1533879190683365,0.34173619747161865,0.1877232939004898,0.18409182131290436,0.10571344196796417,0.5224714875221252,-0.1301242858171463,-0.002936422824859619,-0.047674477100372314,0.1807352900505066
1916,13084,25689,Organization,Organization,False,27.0,low_degree,False,False,both_wrong,6,1,24307,24307,0.30527761578559875,0.21663852035999298,0.1676388680934906,0.31044504046440125,0.22783263027668,0.18475832045078278,0.14298421144485474,0.4444248080253601,-0.07744498550891876,-0.031880199909210205,-0.024654656648635864,0.13397976756095886
1917,13701,24737,Entity,Entity,False,11.0,low_degree,False,False,both_wrong,277,259,17387,24337,0.3058713376522064,0.21924851834774017,0.17290626466274261,0.301973819732666,0.3058713376522064,0.21924853324890137,0.1729062795639038,0.301973819732666,0.0,1.4901161193847656e-08,1.4901161193847656e-08,0.0
1918,9443,16017,Entity,Entity,False,60.0,mid_degree,True,True,both_correct,0,0,16017,16017,0.3152257204055786,0.19726243615150452,0.1426851451396942,0.34482669830322266,0.3152257204055786,0.19726243615150452,0.1426851600408554,0.34482669830322266,0.0,0.0,1.4901161193847656e-08,0.0
1919,4876,17115,Organization,Organization,False,125.0,high_degree,False,False,both_wrong,4,20,16907,19098,0.3082260191440582,0.20412063598632812,0.14315465092658997,0.3444986939430237,0.22565506398677826,0.17076952755451202,0.11977706849575043,0.48379841446876526,-0.08257095515727997,-0.0333511084318161,-0.02337758243083954,0.13929972052574158
1920,1855,20551,Place,Place,False,24.0,low_degree,True,False,harmed,0,1,20551,17730,0.2932637333869934,0.2465810924768448,0.16202177107334137,0.2981334328651428,0.1912376582622528,0.21438635885715485,0.15846800804138184,0.4359079897403717,-0.1020260751247406,-0.03219473361968994,-0.0035537630319595337,0.13777455687522888
1921,12763,22787,Person,Person,False,53.0,mid_degree,True,True,both_correct,0,0,22787,22787,0.24696287512779236,0.25585824251174927,0.2508202791213989,0.24635860323905945,0.18494072556495667,0.3010602593421936,0.18790939450263977,0.3260895907878876,-0.06202214956283569,0.045202016830444336,-0.06291088461875916,0.07973098754882812
1922,987,25654,Person,Person,False,63.0,mid_degree,True,True,both_correct,0,0,25654,25654,0.29187721014022827,0.2754504084587097,0.15548530220985413,0.2771871089935303,0.2130054384469986,0.3158537745475769,0.11348424851894379,0.3576565384864807,-0.07887177169322968,0.04040336608886719,-0.04200105369091034,0.08046942949295044
1923,10361,24169,Entity,Entity,False,171.0,high_degree,True,True,both_correct,0,0,24169,24169,0.32882753014564514,0.19688940048217773,0.14329592883586884,0.33098718523979187,0.32882750034332275,0.19688938558101654,0.14329592883586884,0.3309871554374695,-2.9802322387695312e-08,-1.4901161193847656e-08,0.0,-2.9802322387695312e-08
1924,11824,18530,Person,Person,False,29.0,low_degree,True,True,both_correct,0,0,18530,18530,0.2784425914287567,0.2787381112575531,0.16323256492614746,0.2795867621898651,0.20266854763031006,0.31878605484962463,0.11880641430616379,0.3597389757633209,-0.07577404379844666,0.04004794359207153,-0.04442615061998367,0.08015221357345581
1925,7600,15282,Place,Place,False,10.0,low_degree,True,True,both_correct,0,0,15282,15282,0.2894382178783417,0.2287560999393463,0.17107899487018585,0.31072673201560974,0.1870635449886322,0.19711922109127045,0.16583813726902008,0.44997912645339966,-0.10237467288970947,-0.03163687884807587,-0.0052408576011657715,0.13925239443778992
1926,5271,23277,Creative Work,Creative Work,False,81.0,high_degree,True,True,both_correct,0,0,23277,23277,0.3133106827735901,0.19230800867080688,0.15427793562412262,0.3401033580303192,0.18491461873054504,0.18915697932243347,0.10624853521585464,0.519679844379425,-0.12839606404304504,-0.003151029348373413,-0.048029400408267975,0.17957648634910583
1927,8638,17679,Place,Place,False,33.0,low_degree,True,True,both_correct,0,0,17679,17679,0.2790606915950775,0.24227410554885864,0.19576555490493774,0.2828995883464813,0.18236441910266876,0.21109186112880707,0.1918802410364151,0.4146634340286255,-0.09669627249240875,-0.031182244420051575,-0.003885313868522644,0.13176384568214417
1928,8643,19262,Person,Person,False,71.0,mid_degree,True,True,both_correct,0,0,19262,19262,0.2782893180847168,0.2964242994785309,0.14932838082313538,0.27595803141593933,0.20146408677101135,0.3371846377849579,0.10810525715351105,0.3532460033893585,-0.07682523131370544,0.040760338306427,-0.04122312366962433,0.07728797197341919
1929,2743,25776,Person,Person,False,67.0,mid_degree,True,True,both_correct,0,0,25776,25776,0.2745768427848816,0.2754046320915222,0.16531603038311005,0.28470247983932495,0.19945557415485382,0.31434178352355957,0.12010401487350464,0.36609864234924316,-0.07512126863002777,0.038937151432037354,-0.04521201550960541,0.08139616250991821
1930,9153,23123,Organization,Organization,False,12.0,low_degree,False,False,both_wrong,39,40,23815,23815,0.3056696951389313,0.21085938811302185,0.17143918573856354,0.31203171610832214,0.2278279811143875,0.1795947253704071,0.1460348665714264,0.44654250144958496,-0.07784171402454376,-0.031264662742614746,-0.025404319167137146,0.13451078534126282
1931,12315,25894,Person,Person,False,18.0,low_degree,True,True,both_correct,0,0,25894,25894,0.2689325213432312,0.295426607131958,0.1559135466814041,0.2797273099422455,0.19436897337436676,0.3354944884777069,0.11268310248851776,0.3574533760547638,-0.07456354796886444,0.0400678813457489,-0.04323044419288635,0.07772606611251831
1932,8040,20564,Person,Person,False,46.0,mid_degree,True,True,both_correct,0,0,20564,20564,0.27654990553855896,0.2902795374393463,0.151709645986557,0.2814609706401825,0.20008203387260437,0.32999199628829956,0.10976359248161316,0.3601623773574829,-0.07646787166595459,0.03971245884895325,-0.04194605350494385,0.07870140671730042
1933,5172,22688,Person,Person,False,75.0,high_degree,True,True,both_correct,0,0,22688,22688,0.28042617440223694,0.28658974170684814,0.15207381546497345,0.2809102237224579,0.20326387882232666,0.3264034688472748,0.11022313684225082,0.36010947823524475,-0.07716229557991028,0.039813727140426636,-0.041850678622722626,0.07919925451278687
1934,10639,25522,Person,Person,False,44.0,mid_degree,False,False,both_wrong,3,3,21945,21830,0.27189549803733826,0.2963680922985077,0.15087883174419403,0.2808575928211212,0.19631443917751312,0.33622774481773376,0.1089358851313591,0.3585219383239746,-0.07558105885982513,0.039859652519226074,-0.04194294661283493,0.0776643455028534
1935,10931,26535,Creative Work,Creative Work,False,19.0,low_degree,True,True,both_correct,0,0,26535,26535,0.2866858243942261,0.2573445439338684,0.16179317235946655,0.2941764295101166,0.17234180867671967,0.25782766938209534,0.11348112672567368,0.4563494324684143,-0.11434401571750641,0.0004831254482269287,-0.04831204563379288,0.16217300295829773
1936,1451,25208,Person,Person,False,48.0,mid_degree,True,True,both_correct,0,0,25208,25208,0.28183573484420776,0.2853217124938965,0.15773582458496094,0.2751067876815796,0.20505063235759735,0.3261760473251343,0.11475881189107895,0.35401451587677,-0.07678510248661041,0.04085433483123779,-0.04297701269388199,0.07890772819519043
1937,5189,23146,Person,Creative Work,True,42.0,mid_degree,True,True,both_correct,0,0,23146,23146,0.28014081716537476,0.2728574275970459,0.17049285769462585,0.2765088975429535,0.20470714569091797,0.31328848004341125,0.1245870515704155,0.3574172854423523,-0.07543367147445679,0.040431052446365356,-0.04590580612421036,0.0809083878993988
1938,4920,18982,Person,Person,False,53.0,mid_degree,True,True,both_correct,0,0,18982,18982,0.28283244371414185,0.28593793511390686,0.15146175026893616,0.2797679007053375,0.20521658658981323,0.3259921371936798,0.10989584028720856,0.35889551043510437,-0.07761585712432861,0.04005420207977295,-0.0415659099817276,0.07912760972976685
1939,13424,17696,Entity,Entity,False,36.0,mid_degree,True,True,both_correct,0,0,17696,17696,0.3128770589828491,0.20343202352523804,0.15437079966068268,0.3293200731277466,0.3128770589828491,0.20343202352523804,0.15437079966068268,0.32932010293006897,0.0,0.0,0.0,2.9802322387695312e-08
1940,14073,17678,Place,Place,False,15.0,low_degree,True,True,both_correct,0,0,17678,17678,0.28971564769744873,0.24032562971115112,0.17127427458763123,0.2986845076084137,0.18852216005325317,0.2085035890340805,0.1671617329120636,0.43581250309944153,-0.10119348764419556,-0.03182204067707062,-0.004112541675567627,0.13712799549102783
1941,2656,17328,Person,Person,False,67.0,mid_degree,True,True,both_correct,0,0,17328,17328,0.25560614466667175,0.2613200843334198,0.2257612645626068,0.25731250643730164,0.18972669541835785,0.3047780692577362,0.16756339371204376,0.33793190121650696,-0.0658794492483139,0.043457984924316406,-0.05819787085056305,0.08061939477920532
1942,332,25976,Entity,Entity,False,318.0,high_degree,False,False,both_wrong,61,21,15902,15902,0.09625513106584549,0.09625513106584549,0.7112345695495605,0.09625513106584549,0.09625513106584549,0.09625513106584549,0.7112345695495605,0.09625513106584549,0.0,0.0,0.0,0.0
1943,10781,19897,Person,Person,False,85.0,high_degree,True,True,both_correct,0,0,19897,19897,0.276045024394989,0.28860536217689514,0.15516051650047302,0.2801891267299652,0.20001311600208282,0.3285757601261139,0.11242334544658661,0.35898783802986145,-0.07603190839290619,0.03997039794921875,-0.042737171053886414,0.07879871129989624
1944,12229,22508,Place,Place,False,22.0,low_degree,True,True,both_correct,0,0,22508,22508,0.2861313223838806,0.24282439053058624,0.1699489951133728,0.30109530687332153,0.18580611050128937,0.21023724973201752,0.16552619636058807,0.4384304881095886,-0.10032521188259125,-0.032587140798568726,-0.004422798752784729,0.1373351812362671
1945,3300,16525,Person,Person,False,45.0,mid_degree,True,True,both_correct,0,0,16525,16525,0.27785879373550415,0.2853846848011017,0.15656942129135132,0.28018710017204285,0.2015875279903412,0.32532793283462524,0.11358921974897385,0.3594953417778015,-0.07627126574516296,0.03994324803352356,-0.04298020154237747,0.07930824160575867
1946,14606,24853,Place,Place,False,4.0,low_degree,True,True,both_correct,0,0,24853,24853,0.28062212467193604,0.24762070178985596,0.18773631751537323,0.2840208113193512,0.18358054757118225,0.21598082780838013,0.1842077225446701,0.4162309169769287,-0.09704157710075378,-0.03163987398147583,-0.003528594970703125,0.13221010565757751
1947,5250,16618,Person,Person,False,103.0,high_degree,True,True,both_correct,0,0,16618,16618,0.2738131284713745,0.29524755477905273,0.14777015149593353,0.2831691801548004,0.19750270247459412,0.3346238136291504,0.10658831149339676,0.3612852096557617,-0.0763104259967804,0.039376258850097656,-0.041181840002536774,0.0781160295009613
1948,6024,19016,Organization,Organization,False,20.0,low_degree,True,True,both_correct,0,0,19016,19016,0.2654002010822296,0.21179816126823425,0.24988380074501038,0.27291780710220337,0.20146816968917847,0.18372730910778046,0.21682266891002655,0.39798179268836975,-0.06393203139305115,-0.028070852160453796,-0.033061131834983826,0.12506398558616638
1949,7291,21984,Person,Person,False,82.0,high_degree,True,True,both_correct,0,0,21984,21984,0.27303263545036316,0.29592636227607727,0.15357454121112823,0.27746644616127014,0.19755075871944427,0.33643391728401184,0.11111126095056534,0.35490405559539795,-0.07548187673091888,0.04050755500793457,-0.0424632802605629,0.07743760943412781
1950,4495,23380,Organization,Organization,False,44.0,mid_degree,False,False,both_wrong,1,21,25213,27485,0.3063066601753235,0.22214987874031067,0.15081068873405457,0.32073283195495605,0.22716206312179565,0.18826605379581451,0.12782195210456848,0.45674997568130493,-0.07914459705352783,-0.033883824944496155,-0.022988736629486084,0.13601714372634888
1951,9043,23119,Entity,Entity,False,68.0,mid_degree,True,True,both_correct,0,0,23119,23119,0.2699968218803406,0.2077208161354065,0.2485387921333313,0.27374354004859924,0.2699968218803406,0.2077208161354065,0.2485388070344925,0.27374356985092163,0.0,0.0,1.4901161193847656e-08,2.9802322387695312e-08
1952,7138,25367,Person,Person,False,36.0,mid_degree,False,False,both_wrong,293,171,23797,23797,0.27148178219795227,0.29338955879211426,0.15346448123455048,0.2816641926765442,0.19615568220615387,0.33308619260787964,0.11087679117918015,0.3598814010620117,-0.0753260999917984,0.03969663381576538,-0.04258769005537033,0.07821720838546753
1953,13183,17325,Entity,Entity,False,13.0,low_degree,False,False,both_wrong,32,26,24552,22560,0.29879897832870483,0.2094212770462036,0.18700538575649261,0.30477437376976013,0.29879897832870483,0.20942126214504242,0.18700538575649261,0.30477437376976013,0.0,-1.4901161193847656e-08,0.0,0.0
1954,13093,16416,Place,Place,False,45.0,mid_degree,True,True,both_correct,0,0,16416,16416,0.29885151982307434,0.23884356021881104,0.16230244934558868,0.30000248551368713,0.19504354894161224,0.2078327089548111,0.15887510776519775,0.4382486343383789,-0.1038079708814621,-0.03101085126399994,-0.00342734158039093,0.13824614882469177
1955,8883,16067,Place,Place,False,51.0,mid_degree,True,True,both_correct,0,0,16067,16067,0.2651236057281494,0.24178467690944672,0.22563351690769196,0.2674581706523895,0.17371273040771484,0.21121929585933685,0.2217380255460739,0.3933298885822296,-0.09141087532043457,-0.030565381050109863,-0.003895491361618042,0.1258717179298401
1956,5423,24346,Organization,Organization,False,32.0,low_degree,True,True,both_correct,0,0,24346,24346,0.30529797077178955,0.20359750092029572,0.15647245943546295,0.33463209867477417,0.22458137571811676,0.17114639282226562,0.13154658675193787,0.47272568941116333,-0.08071659505367279,-0.03245110809803009,-0.024925872683525085,0.13809359073638916
1957,6649,20226,Place,Place,False,22.0,low_degree,False,False,both_wrong,2,1,20266,17415,0.29141899943351746,0.25300493836402893,0.15886741876602173,0.2967086136341095,0.19019226729869843,0.22015391290187836,0.1555117517709732,0.43414199352264404,-0.10122673213481903,-0.032851025462150574,-0.003355666995048523,0.13743337988853455
1958,11347,22682,Person,Person,False,47.0,mid_degree,True,True,both_correct,0,0,22682,22682,0.2828144431114197,0.28417009115219116,0.1542125940322876,0.27880290150642395,0.20545744895935059,0.3243776261806488,0.11203161627054214,0.35813331604003906,-0.07735699415206909,0.04020753502845764,-0.04218097776174545,0.07933041453361511
1959,6779,17578,Entity,Entity,False,36.0,mid_degree,False,False,both_wrong,24,25,15905,17324,0.2319408655166626,0.18119937181472778,0.3604741394519806,0.2263856679201126,0.2319408655166626,0.18119937181472778,0.3604741394519806,0.2263856679201126,0.0,0.0,0.0,0.0
1960,13652,17306,Place,Place,False,22.0,low_degree,True,True,both_correct,0,0,17306,17306,0.27449607849121094,0.24483023583889008,0.19435904920101166,0.28631463646888733,0.17890755832195282,0.21275559067726135,0.18999867141246796,0.4183381497859955,-0.09558852016925812,-0.03207464516162872,-0.004360377788543701,0.13202351331710815
1961,7066,23722,Organization,Organization,False,56.0,mid_degree,True,True,both_correct,0,0,23722,23722,0.3034605383872986,0.23649196326732635,0.1492966115474701,0.31075093150138855,0.2262984961271286,0.20153094828128815,0.1272394061088562,0.4449310898780823,-0.07716204226016998,-0.03496101498603821,-0.02205720543861389,0.13418015837669373
1962,11886,24205,Organization,Organization,False,60.0,mid_degree,True,True,both_correct,0,0,24205,24205,0.33943286538124084,0.19433486461639404,0.15357612073421478,0.31265613436698914,0.2537541091442108,0.16601788997650146,0.13121208548545837,0.44901588559150696,-0.08567875623703003,-0.028316974639892578,-0.02236403524875641,0.13635975122451782
1963,6572,26925,Person,Person,False,72.0,mid_degree,True,True,both_correct,0,0,26925,26925,0.2593178153038025,0.2611790895462036,0.22026465833187103,0.25923842191696167,0.19235675036907196,0.30441558361053467,0.16338151693344116,0.3398461937904358,-0.06696106493473053,0.043236494064331055,-0.05688314139842987,0.08060777187347412
1964,12653,16824,Entity,Entity,False,10.0,low_degree,True,True,both_correct,0,0,16824,16824,0.3043818771839142,0.20785444974899292,0.16629886627197266,0.32146480679512024,0.3043818771839142,0.20785444974899292,0.16629888117313385,0.3214648365974426,0.0,0.0,1.4901161193847656e-08,2.9802322387695312e-08
1965,4503,15200,Entity,Entity,False,610.0,high_degree,True,True,both_correct,0,0,15200,15200,0.2695818841457367,0.20693524181842804,0.2484782636165619,0.27500462532043457,0.2695818841457367,0.20693524181842804,0.2484782636165619,0.27500462532043457,0.0,0.0,0.0,0.0
1966,6662,27158,Creative Work,Creative Work,False,48.0,mid_degree,True,True,both_correct,0,0,27158,27158,0.2555842995643616,0.24502485990524292,0.2324131727218628,0.2669776380062103,0.15737929940223694,0.2514510750770569,0.16698482632637024,0.4241848289966583,-0.09820500016212463,0.006426215171813965,-0.06542834639549255,0.157207190990448
1967,13792,22327,Organization,Organization,False,7.0,low_degree,False,False,both_wrong,4,29,27382,25726,0.29919949173927307,0.22653242945671082,0.17533284425735474,0.2989352345466614,0.22461411356925964,0.19433611631393433,0.1504291146993637,0.43062058091163635,-0.07458537817001343,-0.03219631314277649,-0.024903729557991028,0.13168534636497498
1968,3541,19656,Person,Person,False,190.0,high_degree,True,True,both_correct,0,0,19656,19656,0.2794954180717468,0.29598885774612427,0.14881330728530884,0.27570241689682007,0.2023160308599472,0.33665263652801514,0.10772383958101273,0.3533075451850891,-0.07717938721179962,0.04066377878189087,-0.04108946770429611,0.07760512828826904
1969,12034,21794,Place,Place,False,15.0,low_degree,False,False,both_wrong,3,4,19797,23107,0.27770400047302246,0.23547343909740448,0.1799243986606598,0.30689817667007446,0.17926453053951263,0.20266443490982056,0.17420323193073273,0.4438677728176117,-0.09843946993350983,-0.03280900418758392,-0.005721166729927063,0.13696959614753723
1970,7261,20246,Person,Person,False,24.0,low_degree,True,True,both_correct,0,0,20246,20246,0.2738436758518219,0.2973676323890686,0.1556670367717743,0.2731216847896576,0.1985015869140625,0.3386935591697693,0.11283771693706512,0.34996718168258667,-0.0753420889377594,0.041325926780700684,-0.04282931983470917,0.07684549689292908
1971,11213,20454,Organization,Organization,False,44.0,mid_degree,False,False,both_wrong,34,169,25235,23327,0.30407992005348206,0.20312947034835815,0.15505026280879974,0.33774033188819885,0.22325916588306427,0.17042747139930725,0.1301024854183197,0.4762108325958252,-0.08082075417041779,-0.0327019989490509,-0.02494777739048004,0.13847050070762634
1972,6577,24027,Creative Work,Creative Work,False,63.0,mid_degree,True,True,both_correct,0,0,24027,24027,0.33046650886535645,0.18738333880901337,0.15227776765823364,0.32987236976623535,0.19743211567401886,0.18657417595386505,0.10615294426679611,0.509840726852417,-0.13303439319133759,-0.0008091628551483154,-0.04612482339143753,0.17996835708618164
1973,1155,23189,Organization,Organization,False,58.0,mid_degree,True,False,harmed,0,1,23189,23966,0.2875916659832001,0.23519447445869446,0.18806014955043793,0.28915366530418396,0.21686208248138428,0.20266631245613098,0.16206783056259155,0.4184037148952484,-0.0707295835018158,-0.03252816200256348,-0.025992318987846375,0.12925004959106445
1974,3176,24352,Entity,Entity,False,50.0,mid_degree,True,True,both_correct,0,0,24352,24352,0.2989361584186554,0.19606636464595795,0.15283335745334625,0.3521641492843628,0.298936128616333,0.19606634974479675,0.15283334255218506,0.352164089679718,-2.9802322387695312e-08,-1.4901161193847656e-08,-1.4901161193847656e-08,-5.960464477539063e-08
1975,12642,26871,Creative Work,Creative Work,False,67.0,mid_degree,True,True,both_correct,0,0,26871,26871,0.3078925907611847,0.19668269157409668,0.15331923961639404,0.3421054780483246,0.18116140365600586,0.1928686648607254,0.10527478158473969,0.520695149898529,-0.12673118710517883,-0.003814026713371277,-0.04804445803165436,0.17858967185020447
1976,9436,15565,Entity,Organization,True,24.0,low_degree,True,True,both_correct,0,0,15565,15565,0.2692296504974365,0.21771103143692017,0.24707144498825073,0.26598790287971497,0.2692296504974365,0.21771101653575897,0.24707144498825073,0.26598790287971497,0.0,-1.4901161193847656e-08,0.0,0.0
1977,5748,18323,Place,Place,False,12.0,low_degree,True,False,harmed,0,1,18323,24073,0.2924536168575287,0.2423471361398697,0.16438083350658417,0.30081838369369507,0.19035756587982178,0.210317000746727,0.16047915816307068,0.43884629011154175,-0.10209605097770691,-0.0320301353931427,-0.0039016753435134888,0.13802790641784668
1978,11969,24643,Creative Work,Creative Work,False,69.0,mid_degree,True,True,both_correct,0,0,24643,24643,0.3282333314418793,0.1897062510251999,0.14843058586120605,0.3336298167705536,0.1952371746301651,0.18805667757987976,0.1030210629105568,0.5136850476264954,-0.13299615681171417,-0.0016495734453201294,-0.04540952295064926,0.18005523085594177
1979,196,22298,Organization,Organization,False,55.0,mid_degree,True,True,both_correct,0,0,22298,22298,0.29840779304504395,0.23135250806808472,0.16394242644309998,0.30629727244377136,0.22303225100040436,0.19759611785411835,0.14003632962703705,0.43933528661727905,-0.07537554204463959,-0.03375639021396637,-0.023906096816062927,0.1330380141735077
1980,13233,19958,Event,Event,False,14.0,low_degree,True,True,both_correct,0,0,19958,19958,0.2797681987285614,0.23087601363658905,0.20309163630008698,0.2862641513347626,0.2769917845726013,0.2285710573196411,0.20115329325199127,0.2932839095592499,-0.002776414155960083,-0.002304956316947937,-0.0019383430480957031,0.007019758224487305
1981,3938,16958,Entity,Entity,False,44.0,mid_degree,True,True,both_correct,0,0,16958,16958,0.32421353459358215,0.19965249300003052,0.15408743917942047,0.32204657793045044,0.32421353459358215,0.19965247809886932,0.15408742427825928,0.32204657793045044,0.0,-1.4901161193847656e-08,-1.4901161193847656e-08,0.0
1982,6947,16398,Organization,Organization,False,74.0,mid_degree,True,True,both_correct,0,0,16398,16398,0.31796538829803467,0.19792163372039795,0.15186110138893127,0.3322518765926361,0.23443585634231567,0.16675598919391632,0.1279621422290802,0.470846027135849,-0.083529531955719,-0.03116564452648163,-0.023898959159851074,0.1385941505432129
1983,5202,23368,Organization,Organization,False,35.0,mid_degree,False,False,both_wrong,5,7,23575,25623,0.3189871907234192,0.20717428624629974,0.15466538071632385,0.3191731870174408,0.23713408410549164,0.1759960651397705,0.1314031332731247,0.45546674728393555,-0.08185310661792755,-0.031178221106529236,-0.023262247443199158,0.13629356026649475
1984,9518,23223,Entity,Entity,False,160.0,high_degree,False,False,both_wrong,30,29,23582,23582,0.32572054862976074,0.2055719941854477,0.1446385681629181,0.3240688741207123,0.32572054862976074,0.2055719941854477,0.14463858306407928,0.3240688741207123,0.0,0.0,1.4901161193847656e-08,0.0
1985,4364,17767,Entity,Entity,False,152.0,high_degree,True,True,both_correct,0,0,17767,17767,0.30511021614074707,0.19584576785564423,0.1423506736755371,0.3566932678222656,0.30511024594306946,0.19584575295448303,0.1423506885766983,0.356693297624588,2.9802322387695312e-08,-1.4901161193847656e-08,1.4901161193847656e-08,2.9802322387695312e-08
1986,11339,15057,Person,Person,False,35.0,mid_degree,True,True,both_correct,0,0,15057,15057,0.26333341002464294,0.267467737197876,0.1986052244901657,0.27059364318847656,0.19354186952114105,0.30888310074806213,0.1459597498178482,0.3516153395175934,-0.06979154050350189,0.04141536355018616,-0.052645474672317505,0.08102169632911682
1987,5665,25296,Creative Work,Creative Work,False,145.0,high_degree,True,True,both_correct,0,0,25296,25296,0.3339022994041443,0.18637004494667053,0.15015767514705658,0.3295699656009674,0.19961372017860413,0.18568500876426697,0.10476420819759369,0.509937047958374,-0.13428857922554016,-0.0006850361824035645,-0.04539346694946289,0.18036708235740662
1988,14734,21986,Entity,Entity,False,4.0,low_degree,True,True,both_correct,0,0,21986,21986,0.2924071252346039,0.2093220055103302,0.1879507452249527,0.310320109128952,0.2924071252346039,0.2093220055103302,0.1879507452249527,0.310320109128952,0.0,0.0,0.0,0.0
1989,5302,14968,Person,Person,False,87.0,high_degree,True,True,both_correct,0,0,14968,14968,0.24643927812576294,0.2525177597999573,0.2513507008552551,0.24969223141670227,0.18443867564201355,0.2969512641429901,0.18813371658325195,0.3304762840270996,-0.06200060248374939,0.04443350434303284,-0.06321698427200317,0.08078405261039734
1990,8171,27388,Entity,Entity,False,24.0,low_degree,False,False,both_wrong,207,150,16640,16640,0.30073636770248413,0.21592095494270325,0.17044320702552795,0.31289947032928467,0.30073636770248413,0.21592096984386444,0.17044320702552795,0.31289947032928467,0.0,1.4901161193847656e-08,0.0,0.0
1991,14021,23806,Place,Place,False,6.0,low_degree,True,True,both_correct,0,0,23806,23806,0.28206267952919006,0.2357032746076584,0.19662581384181976,0.2856082618236542,0.184222012758255,0.20525099337100983,0.1926153302192688,0.41791167855262756,-0.09784066677093506,-0.03045228123664856,-0.004010483622550964,0.1323034167289734
1992,13346,15716,Entity,Entity,False,10.0,low_degree,True,True,both_correct,0,0,15716,15716,0.3149506151676178,0.20470532774925232,0.15876352787017822,0.32158052921295166,0.3149505853652954,0.20470532774925232,0.15876352787017822,0.32158052921295166,-2.9802322387695312e-08,0.0,0.0,0.0
1993,1358,15122,Place,Place,False,635.0,high_degree,True,True,both_correct,0,0,15122,15122,0.2524201571941376,0.23375672101974487,0.24976401031017303,0.2640590965747833,0.16458988189697266,0.20321844518184662,0.24435476958751678,0.38783690333366394,-0.08783027529716492,-0.030538275837898254,-0.00540924072265625,0.12377780675888062
1994,6692,16898,Person,Person,False,67.0,mid_degree,True,True,both_correct,0,0,16898,16898,0.2514045238494873,0.2736071050167084,0.21775120496749878,0.25723719596862793,0.1856761872768402,0.3175130784511566,0.16083519160747528,0.33597561717033386,-0.0657283365726471,0.04390597343444824,-0.0569160133600235,0.07873842120170593
1995,12135,22542,Organization,Organization,False,26.0,low_degree,True,True,both_correct,0,0,22542,22542,0.2906910479068756,0.23259733617305756,0.17012406885623932,0.30658748745918274,0.21704070270061493,0.1984546035528183,0.14516693353652954,0.43933776021003723,-0.07365034520626068,-0.03414273262023926,-0.024957135319709778,0.1327502727508545
1996,14781,22300,Place,Place,False,7.0,low_degree,True,True,both_correct,0,0,22300,22300,0.290335476398468,0.2364250123500824,0.18100543320178986,0.29223406314849854,0.18955402076244354,0.20580214262008667,0.17724695801734924,0.42739686369895935,-0.10078145563602448,-0.030622869729995728,-0.003758475184440613,0.13516280055046082
1997,14041,18534,Event,Event,False,6.0,low_degree,True,True,both_correct,0,0,18534,18534,0.277762770652771,0.23382285237312317,0.19181565940380096,0.2965987026691437,0.27491438388824463,0.2314104586839676,0.18992136418819427,0.3037537932395935,-0.002848386764526367,-0.0024123936891555786,-0.0018942952156066895,0.007155090570449829
1998,5137,27112,Person,Person,False,44.0,mid_degree,True,True,both_correct,0,0,27112,27112,0.280924916267395,0.2850968539714813,0.15589573979377747,0.2780824601650238,0.204106867313385,0.32547131180763245,0.11326572299003601,0.35715609788894653,-0.07681804895401001,0.04037445783615112,-0.042630016803741455,0.07907363772392273
1999,7061,22715,Person,Person,False,87.0,high_degree,False,True,rescued,2,0,26750,22715,0.2742728292942047,0.2966303825378418,0.15048924088478088,0.2786075472831726,0.1982661485671997,0.33692559599876404,0.1087852194905281,0.35602304339408875,-0.076006680727005,0.04029521346092224,-0.04170402139425278,0.07741549611091614
2000,2298,21124,Creative Work,Creative Work,False,100.0,high_degree,True,True,both_correct,0,0,21124,21124,0.3331283926963806,0.19162818789482117,0.15174147486686707,0.32350197434425354,0.19994372129440308,0.19168347120285034,0.10627685487270355,0.5020959377288818,-0.13318467140197754,5.5283308029174805e-05,-0.04546461999416351,0.1785939633846283
2001,7921,22900,Creative Work,Creative Work,False,77.0,high_degree,True,True,both_correct,0,0,22900,22900,0.3267700672149658,0.18794532120227814,0.15851104259490967,0.3267735242843628,0.19571158289909363,0.18760110437870026,0.11077689379453659,0.5059103965759277,-0.1310584843158722,-0.00034421682357788086,-0.04773414880037308,0.17913687229156494
2002,14413,24321,Place,Place,False,3.0,low_degree,True,True,both_correct,0,0,24321,24321,0.26911330223083496,0.2396394908428192,0.20004019141197205,0.2912070155143738,0.1746596395969391,0.2073669582605362,0.19472837448120117,0.42324501276016235,-0.09445366263389587,-0.03227253258228302,-0.005311816930770874,0.13203799724578857
2003,8956,20938,Person,Person,False,85.0,high_degree,True,True,both_correct,0,0,20938,20938,0.2756274342536926,0.29049214720726013,0.15005888044834137,0.2838214635848999,0.19914241135120392,0.3297831118106842,0.10841913521289825,0.36265528202056885,-0.07648502290248871,0.03929096460342407,-0.041639745235443115,0.07883381843566895
2004,13318,18970,Place,Place,False,30.0,low_degree,True,True,both_correct,0,0,18970,18970,0.284511536359787,0.25035542249679565,0.18630926311016083,0.2788238227367401,0.18682077527046204,0.21918247640132904,0.18349066376686096,0.4105060398578644,-0.09769076108932495,-0.031172946095466614,-0.0028185993432998657,0.13168221712112427
2005,1016,20286,Creative Work,Creative Work,False,82.0,high_degree,True,True,both_correct,0,0,20286,20286,0.2568971812725067,0.23939603567123413,0.2491689771413803,0.25453782081604004,0.16022580862045288,0.24884073436260223,0.1813133955001831,0.4096200466156006,-0.09667137265205383,0.009444698691368103,-0.0678555816411972,0.15508222579956055
2006,14949,22602,Creative Work,Creative Work,False,2.0,low_degree,False,False,both_wrong,36,157,25712,26361,0.2829313576221466,0.20947763323783875,0.18314126133918762,0.32444968819618225,0.16817913949489594,0.20751997828483582,0.1270039677619934,0.4972969591617584,-0.11475221812725067,-0.0019576549530029297,-0.056137293577194214,0.17284727096557617
2007,1361,19259,Person,Person,False,372.0,high_degree,True,True,both_correct,0,0,19259,19259,0.27705538272857666,0.2919768691062927,0.14617647230625153,0.2847912907600403,0.19969087839126587,0.33066466450691223,0.10536278039216995,0.36428171396255493,-0.07736450433731079,0.03868779540061951,-0.040813691914081573,0.07949042320251465
2008,4322,20076,Person,Person,False,73.0,mid_degree,True,True,both_correct,0,0,20076,20076,0.2720456123352051,0.2996468245983124,0.1567750722169876,0.27153250575065613,0.19710560142993927,0.3411281704902649,0.11358612030744553,0.3481801450252533,-0.07494001090526581,0.041481345891952515,-0.043188951909542084,0.07664763927459717
2009,6005,16172,Person,Person,False,76.0,high_degree,True,True,both_correct,0,0,16172,16172,0.28298816084861755,0.2838461697101593,0.1468849778175354,0.28628063201904297,0.20471574366092682,0.32264015078544617,0.10626121610403061,0.3663829267024994,-0.07827241718769073,0.038793981075286865,-0.04062376171350479,0.08010229468345642
2010,3741,16283,Person,Person,False,107.0,high_degree,True,True,both_correct,0,0,16283,16283,0.2825016677379608,0.2891800105571747,0.14900028705596924,0.27931806445121765,0.20473308861255646,0.3292960822582245,0.1079847514629364,0.35798606276512146,-0.07776857912540436,0.040116071701049805,-0.04101553559303284,0.07866799831390381
2011,368,19241,Person,Person,False,77.0,high_degree,True,True,both_correct,0,0,19241,19241,0.2760612964630127,0.29669472575187683,0.14952851831912994,0.27771538496017456,0.19961732625961304,0.33709728717803955,0.10812672972679138,0.3551587462425232,-0.07644397020339966,0.04040256142616272,-0.04140178859233856,0.07744336128234863
2012,5797,18727,Person,Person,False,56.0,mid_degree,True,True,both_correct,0,0,18727,18727,0.27434223890304565,0.2957608997821808,0.14907845854759216,0.2808184027671814,0.1981508731842041,0.3356584906578064,0.10767505317926407,0.3585156500339508,-0.07619136571884155,0.03989759087562561,-0.041403405368328094,0.07769724726676941
2013,8890,19605,Person,Person,False,37.0,mid_degree,True,True,both_correct,0,0,19605,19605,0.27025848627090454,0.27437710762023926,0.18530996143817902,0.2700543999671936,0.19806399941444397,0.31595537066459656,0.13581396639347076,0.3501666784286499,-0.07219448685646057,0.0415782630443573,-0.04949599504470825,0.0801122784614563
2014,14149,18581,Entity,Organization,True,6.0,low_degree,False,False,both_wrong,1,2,16099,16099,0.2965161204338074,0.2079346776008606,0.19300326704978943,0.3025459349155426,0.29651615023612976,0.2079346626996994,0.19300329685211182,0.3025459349155426,2.9802322387695312e-08,-1.4901161193847656e-08,2.9802322387695312e-08,0.0
2015,6862,23920,Person,Person,False,108.0,high_degree,True,True,both_correct,0,0,23920,23920,0.2748289704322815,0.2890092134475708,0.16309569776058197,0.27306613326072693,0.1998707503080368,0.33025503158569336,0.11863242089748383,0.3512418270111084,-0.07495822012424469,0.04124581813812256,-0.044463276863098145,0.07817569375038147
2016,4873,18297,Organization,Organization,False,94.0,high_degree,False,True,rescued,1,0,24375,18297,0.3045450747013092,0.23287996649742126,0.16446931660175323,0.2981056272983551,0.22875496745109558,0.1998925507068634,0.14118756353855133,0.43016499280929565,-0.07579010725021362,-0.03298741579055786,-0.023281753063201904,0.13205936551094055
2017,9204,21674,Event,Organization,True,2.0,low_degree,False,False,both_wrong,80,94,25828,25828,0.2885831892490387,0.21847335994243622,0.19405552744865417,0.2988879680633545,0.2855834662914276,0.2161887139081955,0.19211658835411072,0.306111216545105,-0.002999722957611084,-0.0022846460342407227,-0.001938939094543457,0.007223248481750488
2018,5783,18365,Person,Person,False,43.0,mid_degree,True,True,both_correct,0,0,18365,18365,0.2730330228805542,0.2911055088043213,0.16228792071342468,0.27357354760169983,0.1983417272567749,0.33227747678756714,0.11789458990097046,0.3514862060546875,-0.0746912956237793,0.04117196798324585,-0.044393330812454224,0.07791265845298767
2019,7264,25603,Organization,Organization,False,18.0,low_degree,False,False,both_wrong,123,488,26891,26891,0.3033756613731384,0.2108268439769745,0.1642022579908371,0.32159528136253357,0.2248079627752304,0.17852650582790375,0.1390598863363266,0.4576056897640228,-0.07856769859790802,-0.03230033814907074,-0.025142371654510498,0.13601040840148926
2020,14296,26328,Organization,Organization,False,13.0,low_degree,False,False,both_wrong,11,17,22666,21674,0.2911071181297302,0.2339542955160141,0.18157842755317688,0.2933601140975952,0.21903152763843536,0.20115523040294647,0.156139075756073,0.42367422580718994,-0.07207559049129486,-0.03279906511306763,-0.025439351797103882,0.13031411170959473
2021,7367,23766,Person,Person,False,31.0,low_degree,True,True,both_correct,0,0,23766,23766,0.2760038673877716,0.2838026285171509,0.1553954780101776,0.2847979664802551,0.19984793663024902,0.32288843393325806,0.11251775175333023,0.36474594473838806,-0.07615593075752258,0.03908580541610718,-0.04287772625684738,0.07994797825813293
2022,7392,18855,Person,Person,False,51.0,mid_degree,True,True,both_correct,0,0,18855,18855,0.2767183184623718,0.2886323034763336,0.15902593731880188,0.27562347054481506,0.20105235278606415,0.3295098841190338,0.11553960293531418,0.35389822721481323,-0.07566596567630768,0.040877580642700195,-0.0434863343834877,0.07827475666999817
2023,5260,22355,Person,Person,False,134.0,high_degree,True,True,both_correct,0,0,22355,22355,0.2467370629310608,0.25058019161224365,0.2522926330566406,0.2503901422023773,0.18473684787750244,0.29479408264160156,0.18888460099697113,0.3315844237804413,-0.06200021505355835,0.04421389102935791,-0.0634080320596695,0.08119428157806396
2024,4250,20920,Creative Work,Creative Work,False,87.0,high_degree,True,True,both_correct,0,0,20920,20920,0.32558774948120117,0.19167383015155792,0.15282689034938812,0.3299114406108856,0.19418847560882568,0.19052353501319885,0.10636499524116516,0.5089229941368103,-0.1313992738723755,-0.0011502951383590698,-0.04646189510822296,0.17901155352592468
2025,9623,21277,Place,Place,False,23.0,low_degree,True,True,both_correct,0,0,21277,21277,0.29128655791282654,0.24964869022369385,0.16888196766376495,0.29018279910087585,0.19060975313186646,0.2178095132112503,0.1657528430223465,0.42582786083221436,-0.10067680478096008,-0.03183917701244354,-0.003129124641418457,0.1356450617313385
2026,8487,21896,Person,Person,False,34.0,mid_degree,True,True,both_correct,0,0,21896,21896,0.27161118388175964,0.2941093146800995,0.15687131881713867,0.2774081826210022,0.19667185842990875,0.3346225321292877,0.11358225345611572,0.355123370885849,-0.07493932545185089,0.04051321744918823,-0.04328906536102295,0.0777151882648468
2027,556,27344,Event,Event,False,82.0,high_degree,False,False,both_wrong,3,3,23945,23945,0.2752179801464081,0.2201608121395111,0.22357980906963348,0.28104135394096375,0.2725157141685486,0.21798491477966309,0.22147148847579956,0.288027822971344,-0.002702265977859497,-0.0021758973598480225,-0.0021083205938339233,0.006986469030380249
2028,1088,25915,Creative Work,Creative Work,False,28.0,low_degree,True,False,harmed,0,2,25915,19701,0.29560333490371704,0.2576920986175537,0.15177284181118011,0.29493167996406555,0.17774222791194916,0.25823327898979187,0.10647919774055481,0.45754531025886536,-0.11786110699176788,0.0005411803722381592,-0.045293644070625305,0.1626136302947998
2029,12351,23495,Organization,Organization,False,51.0,mid_degree,False,False,both_wrong,98,171,26726,26726,0.30447885394096375,0.20998147130012512,0.15585079789161682,0.3296888768672943,0.2245095670223236,0.17693066596984863,0.1313340812921524,0.4672256112098694,-0.07996928691864014,-0.03305080533027649,-0.024516716599464417,0.13753673434257507
2030,10650,21257,Place,Place,False,15.0,low_degree,True,True,both_correct,0,0,21257,21257,0.2866593599319458,0.24743148684501648,0.1736999899148941,0.2922091782093048,0.18711631000041962,0.21533964574337006,0.17005889117717743,0.4274851679801941,-0.09954304993152618,-0.03209184110164642,-0.003641098737716675,0.13527598977088928
2031,2199,25984,Person,Person,False,96.0,high_degree,True,True,both_correct,0,0,25984,25984,0.28244534134864807,0.286464124917984,0.1516006886959076,0.27948981523513794,0.20491886138916016,0.3265652656555176,0.10999330878257751,0.35852256417274475,-0.07752647995948792,0.04010114073753357,-0.04160737991333008,0.07903274893760681
2032,4646,17052,Person,Creative Work,True,94.0,high_degree,True,True,both_correct,0,0,17052,17052,0.27385392785072327,0.26764607429504395,0.18207994103431702,0.2764200270175934,0.2004672884941101,0.30784663558006287,0.13329660892486572,0.3583894968032837,-0.07338663935661316,0.04020056128501892,-0.048783332109451294,0.08196946978569031
2033,1428,21454,Creative Work,Creative Work,False,118.0,high_degree,True,True,both_correct,0,0,21454,21454,0.32680949568748474,0.19092760980129242,0.15424582362174988,0.32801714539527893,0.19528160989284515,0.1901363730430603,0.10754550993442535,0.5070365071296692,-0.1315278857946396,-0.0007912367582321167,-0.046700313687324524,0.17901936173439026
2034,13126,20643,Place,Place,False,16.0,low_degree,True,True,both_correct,0,0,20643,20643,0.2915663421154022,0.24850322306156158,0.16006247699260712,0.29986798763275146,0.18995767831802368,0.2158609926700592,0.1564096212387085,0.43777167797088623,-0.10160866379737854,-0.03264223039150238,-0.0036528557538986206,0.13790369033813477
2035,5468,24831,Creative Work,Creative Work,False,37.0,mid_degree,True,True,both_correct,0,0,24831,24831,0.27035263180732727,0.26572585105895996,0.1875784546136856,0.27634307742118835,0.16436278820037842,0.26923859119415283,0.13305619359016418,0.43334245681762695,-0.10598984360694885,0.003512740135192871,-0.05452226102352142,0.1569993793964386
2036,8999,22485,Person,Person,False,71.0,mid_degree,True,True,both_correct,0,0,22485,22485,0.26790326833724976,0.30770909786224365,0.1480783075094223,0.2763093411922455,0.19298827648162842,0.3482930064201355,0.10666898638010025,0.35204973816871643,-0.07491499185562134,0.040583908557891846,-0.04140932112932205,0.07574039697647095
2037,4422,17510,Organization,Organization,False,41.0,mid_degree,True,True,both_correct,0,0,17510,17510,0.3035784363746643,0.22837775945663452,0.16614337265491486,0.3019004166126251,0.22754819691181183,0.1956147998571396,0.1423238068819046,0.4345132112503052,-0.07603023946285248,-0.032762959599494934,-0.023819565773010254,0.13261279463768005
2038,6489,24593,Creative Work,Creative Work,False,63.0,mid_degree,True,True,both_correct,0,0,24593,24593,0.3254636824131012,0.18813280761241913,0.1503734141588211,0.33603009581565857,0.19332142174243927,0.18623878061771393,0.10422652214765549,0.5162132978439331,-0.13214226067066193,-0.0018940269947052002,-0.04614689201116562,0.18018320202827454
2039,5866,25445,Person,Person,False,63.0,mid_degree,True,True,both_correct,0,0,25445,25445,0.26824453473091125,0.301930695772171,0.1515936553478241,0.2782311737537384,0.19350406527519226,0.34223026037216187,0.10935714840888977,0.3549085259437561,-0.074740469455719,0.040299564599990845,-0.042236506938934326,0.0766773521900177
2040,2143,21991,Person,Person,False,71.0,mid_degree,True,True,both_correct,0,0,21991,21991,0.2785910367965698,0.28167882561683655,0.16430053114891052,0.2754296064376831,0.2029513716697693,0.32242679595947266,0.11968708783388138,0.3549347519874573,-0.07563966512680054,0.04074797034263611,-0.044613443315029144,0.07950514554977417
2041,10713,24310,Person,Person,False,27.0,low_degree,True,True,both_correct,0,0,24310,24310,0.27147090435028076,0.28896915912628174,0.16197548806667328,0.277584433555603,0.196931391954422,0.32937827706336975,0.11749862879514694,0.3561916947364807,-0.07453951239585876,0.04040911793708801,-0.04447685927152634,0.07860726118087769
2042,2688,15809,Place,Place,False,89.0,high_degree,True,True,both_correct,0,0,15809,15809,0.2628423273563385,0.22355450689792633,0.24947361648082733,0.26412954926490784,0.172091543674469,0.19515128433704376,0.2450140416622162,0.38774314522743225,-0.0907507836818695,-0.02840322256088257,-0.004459574818611145,0.12361359596252441
2043,11062,27647,Creative Work,Creative Work,False,84.0,high_degree,True,True,both_correct,0,0,27647,27647,0.32404521107673645,0.19013236463069916,0.15301446616649628,0.33280789852142334,0.19286654889583588,0.18859778344631195,0.10626441240310669,0.5122712850570679,-0.13117866218090057,-0.001534581184387207,-0.04675005376338959,0.17946338653564453
2044,4814,19629,Creative Work,Creative Work,False,168.0,high_degree,True,True,both_correct,0,0,19629,19629,0.24975241720676422,0.23811331391334534,0.2591092586517334,0.25302499532699585,0.15598827600479126,0.24785564839839935,0.18882444500923157,0.407331645488739,-0.09376414120197296,0.009742334485054016,-0.07028481364250183,0.15430665016174316
2045,9142,23160,Person,Person,False,108.0,high_degree,True,True,both_correct,0,0,23160,23160,0.276189386844635,0.29526734352111816,0.15307551622390747,0.27546772360801697,0.2000478357076645,0.33604180812835693,0.11087976396083832,0.35303062200546265,-0.07614155113697052,0.04077446460723877,-0.04219575226306915,0.07756289839744568
2046,10821,26976,Person,Person,False,80.0,high_degree,True,True,both_correct,0,0,26976,26976,0.27583301067352295,0.27270931005477905,0.149237722158432,0.3022198975086212,0.19860471785068512,0.30852505564689636,0.10746144503355026,0.38540881872177124,-0.07722829282283783,0.03581574559211731,-0.041776277124881744,0.08318892121315002
2047,187,17235,Organization,Organization,False,98.0,high_degree,True,True,both_correct,0,0,17235,17235,0.3086489737033844,0.2092859297990799,0.14961619675159454,0.33244892954826355,0.22751423716545105,0.17629140615463257,0.12604160606861115,0.47015273571014404,-0.08113473653793335,-0.03299452364444733,-0.0235745906829834,0.1377038061618805
2048,12563,26694,Creative Work,Creative Work,False,104.0,high_degree,True,True,both_correct,0,0,26694,26694,0.3294318616390228,0.19122421741485596,0.15235012769699097,0.32699382305145264,0.19704054296016693,0.19061768054962158,0.10632901638746262,0.5060127973556519,-0.1323913186788559,-0.000606536865234375,-0.04602111130952835,0.17901897430419922
2049,3933,23587,Person,Person,False,80.0,high_degree,True,True,both_correct,0,0,23587,23587,0.27238959074020386,0.2925782799720764,0.15138649940490723,0.2836456000804901,0.19666843116283417,0.33192405104637146,0.10930509865283966,0.3621024787425995,-0.07572115957736969,0.039345771074295044,-0.042081400752067566,0.07845687866210938
2050,14724,16099,Entity,Organization,True,4.0,low_degree,True,True,both_correct,0,0,16099,16099,0.2861137092113495,0.20851388573646545,0.1979857087135315,0.3073866665363312,0.2861137390136719,0.20851390063762665,0.1979857087135315,0.3073866665363312,2.9802322387695312e-08,1.4901161193847656e-08,0.0,0.0
2051,5210,25898,Person,Person,False,56.0,mid_degree,True,True,both_correct,0,0,25898,25898,0.272327184677124,0.28745967149734497,0.164190411567688,0.27602270245552063,0.1978786438703537,0.3281991183757782,0.11929960548877716,0.35462266206741333,-0.07444854080677032,0.04073944687843323,-0.04489080607891083,0.0785999596118927
2052,113,20530,Creative Work,Creative Work,False,276.0,high_degree,True,True,both_correct,0,0,20530,20530,0.33130258321762085,0.18800616264343262,0.15482458472251892,0.3258666694164276,0.19860950112342834,0.18783500790596008,0.10828530043363571,0.50527024269104,-0.1326930820941925,-0.00017115473747253418,-0.04653928428888321,0.17940357327461243
2053,14013,24307,Organization,Organization,False,10.0,low_degree,False,True,rescued,4,0,17446,24307,0.2956332564353943,0.22462616860866547,0.17566165328025818,0.30407896637916565,0.22118383646011353,0.19204705953598022,0.15019981563091278,0.4365692734718323,-0.07444941997528076,-0.03257910907268524,-0.025461837649345398,0.13249030709266663
2054,1977,26496,Person,Person,False,68.0,mid_degree,True,True,both_correct,0,0,26496,26496,0.27530354261398315,0.30015549063682556,0.15323317050933838,0.2713077962398529,0.19952179491519928,0.3418041169643402,0.11105132102966309,0.34762275218963623,-0.07578174769878387,0.04164862632751465,-0.04218184947967529,0.07631495594978333
2055,1345,25416,Place,Place,False,6.0,low_degree,False,True,rescued,2,0,25391,25416,0.2886856198310852,0.23426760733127594,0.18298104405403137,0.2940657436847687,0.1881740689277649,0.20359653234481812,0.17889408767223358,0.4293352961540222,-0.10051155090332031,-0.030671074986457825,-0.0040869563817977905,0.13526955246925354
2056,11898,20955,Place,Place,False,16.0,low_degree,True,True,both_correct,0,0,20955,20955,0.2862103581428528,0.24659369885921478,0.17453718185424805,0.2926587164402008,0.18671022355556488,0.21448059380054474,0.1707754135131836,0.4280337989330292,-0.0995001345872879,-0.032113105058670044,-0.003761768341064453,0.13537508249282837
2057,13515,18524,Place,Place,False,16.0,low_degree,True,True,both_correct,0,0,18524,18524,0.2885560095310211,0.23989762365818024,0.1826978474855423,0.28884848952293396,0.18857558071613312,0.20902787148952484,0.1790781468153,0.42331841588020325,-0.099980428814888,-0.030869752168655396,-0.0036197006702423096,0.1344699263572693
2058,6526,23987,Person,Person,False,44.0,mid_degree,False,True,rescued,1,0,23132,23987,0.27034926414489746,0.2946741580963135,0.15781937539577484,0.27715715765953064,0.1957276314496994,0.3352131247520447,0.11425740271806717,0.35480183362960815,-0.07462163269519806,0.0405389666557312,-0.04356197267770767,0.07764467597007751
2059,13208,25237,Organization,Organization,False,20.0,low_degree,False,False,both_wrong,67,242,24346,25787,0.3034447133541107,0.2111833244562149,0.16619636118412018,0.3191756010055542,0.22520925104618073,0.17910698056221008,0.1409679353237152,0.45471590757369995,-0.07823546230792999,-0.03207634389400482,-0.025228425860404968,0.13554030656814575
2060,12406,19856,Person,Person,False,25.0,low_degree,True,True,both_correct,0,0,19856,19856,0.28151294589042664,0.2799045145511627,0.15852312743663788,0.28005945682525635,0.20472228527069092,0.3198368549346924,0.11527405679225922,0.3601667881011963,-0.07679066061973572,0.03993234038352966,-0.04324907064437866,0.08010733127593994
2061,14343,19799,Entity,Entity,False,4.0,low_degree,False,False,both_wrong,70,47,27475,20593,0.2860930562019348,0.2111455351114273,0.19613538682460785,0.30662599205970764,0.2860930562019348,0.2111455500125885,0.19613540172576904,0.30662599205970764,0.0,1.4901161193847656e-08,1.4901161193847656e-08,0.0
2062,9106,19982,Organization,Organization,False,81.0,high_degree,True,True,both_correct,0,0,19982,19982,0.2889038920402527,0.23779121041297913,0.18162357807159424,0.29168131947517395,0.2174527645111084,0.204528346657753,0.15623462200164795,0.4217842221260071,-0.07145112752914429,-0.033262863755226135,-0.02538895606994629,0.13010290265083313
2063,6395,18186,Person,Person,False,168.0,high_degree,True,True,both_correct,0,0,18186,18186,0.22907410562038422,0.23390978574752808,0.3043067157268524,0.23270942270755768,0.17462199926376343,0.2801720201969147,0.2319553792476654,0.31325066089630127,-0.05445210635662079,0.0462622344493866,-0.07235133647918701,0.08054123818874359
2064,2237,19097,Creative Work,Creative Work,False,61.0,mid_degree,True,True,both_correct,0,0,19097,19097,0.32060402631759644,0.19257213175296783,0.1545829176902771,0.33224087953567505,0.19070689380168915,0.1909065693616867,0.10730504989624023,0.5110815167427063,-0.1298971325159073,-0.001665562391281128,-0.047277867794036865,0.17884063720703125
2065,13284,25076,Person,Person,False,22.0,low_degree,True,True,both_correct,0,0,25076,25076,0.2702401280403137,0.2823732793331146,0.17184509336948395,0.2755415141582489,0.1967763453722,0.3230707049369812,0.12512904405593872,0.35502389073371887,-0.07346378266811371,0.04069742560386658,-0.04671604931354523,0.07948237657546997
2066,11259,20230,Person,Person,False,41.0,mid_degree,True,True,both_correct,0,0,20230,20230,0.27569133043289185,0.27816566824913025,0.1652342826128006,0.2809087336063385,0.20052479207515717,0.3179069459438324,0.12019297480583191,0.36137524247169495,-0.07516653835773468,0.03974127769470215,-0.04504130780696869,0.08046650886535645
2067,454,16861,Person,Person,False,153.0,high_degree,True,True,both_correct,0,0,16861,16861,0.2842854857444763,0.28706175088882446,0.14840666949748993,0.2802460789680481,0.20607800781726837,0.32696735858917236,0.1075887531042099,0.35936591029167175,-0.07820747792720795,0.0399056077003479,-0.04081791639328003,0.07911983132362366
2068,1567,26837,Creative Work,Creative Work,False,59.0,mid_degree,True,True,both_correct,0,0,26837,26837,0.3228866457939148,0.19235777854919434,0.15090343356132507,0.3338521122932434,0.19186635315418243,0.19049639999866486,0.10462388396263123,0.5130133628845215,-0.13102029263973236,-0.00186137855052948,-0.04627954959869385,0.17916125059127808
2069,9465,26325,Creative Work,Creative Work,False,71.0,mid_degree,True,True,both_correct,0,0,26325,26325,0.3224289119243622,0.18560856580734253,0.1583074927330017,0.3336550295352936,0.1920538693666458,0.18425343930721283,0.11001627147197723,0.5136764049530029,-0.13037504255771637,-0.0013551265001296997,-0.048291221261024475,0.18002137541770935
2070,6193,18836,Person,Person,False,134.0,high_degree,True,True,both_correct,0,0,18836,18836,0.2733713388442993,0.2915927469730377,0.16033457219600677,0.274701327085495,0.19829128682613373,0.3323364853858948,0.11630212515592575,0.35307011008262634,-0.07508005201816559,0.040743738412857056,-0.044032447040081024,0.07836878299713135
2071,10143,21159,Place,Place,False,32.0,low_degree,True,True,both_correct,0,0,21159,21159,0.2994520664215088,0.24407652020454407,0.15789107978343964,0.2985803186893463,0.19552116096019745,0.2124784290790558,0.1546235829591751,0.43737679719924927,-0.10393090546131134,-0.03159809112548828,-0.0032674968242645264,0.13879647850990295
2072,2877,23195,Organization,Organization,False,35.0,mid_degree,True,True,both_correct,0,0,23195,23195,0.29970037937164307,0.2251514047384262,0.167768657207489,0.3073795735836029,0.22380824387073517,0.1921357661485672,0.14318302273750305,0.4408729672431946,-0.0758921355009079,-0.03301563858985901,-0.024585634469985962,0.13349339365959167
2073,5299,23563,Person,Person,False,39.0,mid_degree,True,True,both_correct,0,0,23563,23563,0.27008256316185,0.29217544198036194,0.16042013466358185,0.2773219048976898,0.19565357267856598,0.33257243037223816,0.11620447784662247,0.3555695414543152,-0.074428990483284,0.04039698839187622,-0.04421565681695938,0.07824763655662537
2074,12927,26627,Creative Work,Creative Work,False,68.0,mid_degree,True,True,both_correct,0,0,26627,26627,0.3172679543495178,0.1868366152048111,0.16204312443733215,0.33385226130485535,0.18875598907470703,0.18525297939777374,0.11247611790895462,0.5135149359703064,-0.1285119652748108,-0.0015836358070373535,-0.04956700652837753,0.17966267466545105
2075,3548,25844,Person,Person,False,108.0,high_degree,True,True,both_correct,0,0,25844,25844,0.27305594086647034,0.2946214973926544,0.14710675179958344,0.2852158546447754,0.1968591958284378,0.3337491452693939,0.10604957491159439,0.3633420765399933,-0.07619674503803253,0.0391276478767395,-0.041057176887989044,0.0781262218952179
2076,6487,26918,Organization,Organization,False,40.0,mid_degree,True,True,both_correct,0,0,26918,26918,0.3150005042552948,0.2071608155965805,0.15511278808116913,0.32272592186927795,0.2336101531982422,0.17556345462799072,0.13146793842315674,0.45935848355293274,-0.08139035105705261,-0.03159736096858978,-0.02364484965801239,0.13663256168365479
2077,10610,25560,Creative Work,Creative Work,False,64.0,mid_degree,True,True,both_correct,0,0,25560,25560,0.31659960746765137,0.19173356890678406,0.17168621718883514,0.319980651140213,0.19041313230991364,0.1921829879283905,0.12047579884529114,0.49692806601524353,-0.12618647515773773,0.0004494190216064453,-0.051210418343544006,0.17694741487503052
2078,3661,18751,Person,Person,False,99.0,high_degree,True,True,both_correct,0,0,18751,18751,0.2638181447982788,0.29236096143722534,0.17131640017032623,0.2725045084953308,0.19161944091320038,0.3336607813835144,0.12443491816520691,0.3502848446369171,-0.07219870388507843,0.04129981994628906,-0.046881482005119324,0.0777803361415863
2079,5522,22215,Event,Event,False,102.0,high_degree,False,False,both_wrong,7,3,26587,26587,0.2953912317752838,0.22770558297634125,0.14850753545761108,0.32839563488960266,0.29202350974082947,0.22509337961673737,0.1469135582447052,0.3359695374965668,-0.0033677220344543457,-0.002612203359603882,-0.0015939772129058838,0.007573902606964111
2080,1135,23084,Person,Person,False,178.0,high_degree,True,True,both_correct,0,0,23084,23084,0.26498663425445557,0.27151960134506226,0.19537819921970367,0.2681155204772949,0.19463461637496948,0.31336402893066406,0.14352047443389893,0.3484809398651123,-0.07035201787948608,0.04184442758560181,-0.05185772478580475,0.08036541938781738
2081,9502,17010,Person,Person,False,64.0,mid_degree,True,True,both_correct,0,0,17010,17010,0.26965561509132385,0.30780842900276184,0.14791381359100342,0.27462220191955566,0.19441556930541992,0.3487015962600708,0.10664370656013489,0.3502391576766968,-0.07524004578590393,0.04089316725730896,-0.04127010703086853,0.07561695575714111
2082,58,14955,Place,Place,False,11963.0,high_degree,True,True,both_correct,0,0,14955,14955,0.09625513106584549,0.09625513106584549,0.7112345695495605,0.09625513106584549,0.06374350935220718,0.08498770743608475,0.7082078456878662,0.14306090772151947,-0.032511621713638306,-0.011267423629760742,-0.003026723861694336,0.04680577665567398
2083,6105,26076,Person,Person,False,97.0,high_degree,True,True,both_correct,0,0,26076,26076,0.27576944231987,0.29100239276885986,0.15531611442565918,0.27791205048561096,0.19987449049949646,0.33140549063682556,0.1125703826546669,0.3561496436595917,-0.07589495182037354,0.0404030978679657,-0.04274573177099228,0.07823759317398071
2084,9927,18445,Person,Person,False,88.0,high_degree,True,True,both_correct,0,0,18445,18445,0.27879154682159424,0.29307112097740173,0.1473338007926941,0.28080353140830994,0.20152287185192108,0.3328651785850525,0.10650113970041275,0.3591108024120331,-0.07726867496967316,0.03979405760765076,-0.04083266109228134,0.07830727100372314
2085,3698,15118,Place,Place,False,99.0,high_degree,True,True,both_correct,0,0,15118,15118,0.2570449709892273,0.2320304811000824,0.2519823908805847,0.2589421570301056,0.1686345487833023,0.20295797288417816,0.24805061519145966,0.3803568482398987,-0.08841042220592499,-0.029072508215904236,-0.003931775689125061,0.12141469120979309
2086,12702,23293,Person,Person,False,27.0,low_degree,True,True,both_correct,0,0,23293,23293,0.27231690287590027,0.2932063043117523,0.1560966968536377,0.2783800959587097,0.19716525077819824,0.33356595039367676,0.11302024871110916,0.35624855756759644,-0.07515165209770203,0.04035964608192444,-0.043076448142528534,0.07786846160888672
2087,4971,21290,Place,Place,False,30.0,low_degree,False,True,rescued,1,0,21275,21290,0.29551470279693604,0.23813529312610626,0.1683036834001541,0.29804638028144836,0.19253931939601898,0.20686465501785278,0.1644696295261383,0.4361264109611511,-0.10297538340091705,-0.03127063810825348,-0.003834053874015808,0.13808003067970276
2088,1192,26793,Creative Work,Creative Work,False,76.0,high_degree,True,True,both_correct,0,0,26793,26793,0.3363090455532074,0.18909116089344025,0.15544761717319489,0.31915220618247986,0.20293070375919342,0.19015608727931976,0.10944420844316483,0.4974689483642578,-0.13337834179401398,0.0010649263858795166,-0.04600340873003006,0.17831674218177795
2089,14281,16647,Place,Place,False,7.0,low_degree,True,True,both_correct,0,0,16647,16647,0.27869462966918945,0.248390793800354,0.18058255314826965,0.2923320233821869,0.18151086568832397,0.2156916707754135,0.1764027178287506,0.4263947010040283,-0.09718376398086548,-0.03269912302494049,-0.004179835319519043,0.13406267762184143
2090,1246,18565,Person,Person,False,99.0,high_degree,True,True,both_correct,0,0,18565,18565,0.2820606827735901,0.2863518297672272,0.1557626724243164,0.27582481503486633,0.205052450299263,0.32709553837776184,0.11324179917573929,0.35461023449897766,-0.07700823247432709,0.04074370861053467,-0.04252087324857712,0.07878541946411133
2091,847,16088,Person,Person,False,107.0,high_degree,True,True,both_correct,0,0,16088,16088,0.25253331661224365,0.2646486759185791,0.22120968997478485,0.2616083025932312,0.18673761188983917,0.3074917495250702,0.16359283030033112,0.3421778380870819,-0.06579570472240448,0.04284307360649109,-0.057616859674453735,0.08056953549385071
2092,14336,23045,Place,Place,False,6.0,low_degree,True,True,both_correct,0,0,23045,23045,0.2863622307777405,0.23304146528244019,0.18451997637748718,0.29607629776000977,0.18628007173538208,0.20211893320083618,0.18003147840499878,0.43156954646110535,-0.1000821590423584,-0.030922532081604004,-0.004488497972488403,0.13549324870109558
2093,4706,23607,Creative Work,Creative Work,False,82.0,high_degree,True,True,both_correct,0,0,23607,23607,0.254326730966568,0.23280265927314758,0.2539732754230499,0.2588973641395569,0.15827976167201996,0.24146369099617004,0.18441706895828247,0.41583946347236633,-0.09604696929454803,0.008661031723022461,-0.06955620646476746,0.15694209933280945
2094,11286,20678,Place,Place,False,22.0,low_degree,True,True,both_correct,0,0,20678,20678,0.27820244431495667,0.2558956742286682,0.17250503599643707,0.29339680075645447,0.1811586171388626,0.222169429063797,0.16848218441009521,0.4281896948814392,-0.09704382717609406,-0.033726245164871216,-0.004022851586341858,0.13479289412498474
2095,8991,22895,Organization,Organization,False,65.0,mid_degree,False,True,rescued,3,0,23299,22895,0.298845112323761,0.23946765065193176,0.15103623270988464,0.3106509745121002,0.22271493077278137,0.2039366066455841,0.12864023447036743,0.4447082281112671,-0.07613018155097961,-0.035531044006347656,-0.022395998239517212,0.13405725359916687
2096,11953,18139,Entity,Organization,True,9.0,low_degree,True,True,both_correct,0,0,18139,18139,0.27580776810646057,0.21589286625385284,0.23365215957164764,0.27464720606803894,0.27580776810646057,0.21589285135269165,0.23365215957164764,0.27464720606803894,0.0,-1.4901161193847656e-08,0.0,0.0
2097,3634,21094,Person,Person,False,54.0,mid_degree,True,True,both_correct,0,0,21094,21094,0.27704524993896484,0.28780147433280945,0.1521904617547989,0.282962828874588,0.20047834515571594,0.32723644375801086,0.11012795567512512,0.3621572256088257,-0.0765669047832489,0.039434969425201416,-0.04206250607967377,0.07919439673423767
2098,3423,18649,Entity,Entity,False,115.0,high_degree,False,True,rescued,1,0,15432,18649,0.26766031980514526,0.20542453229427338,0.2572951316833496,0.26962000131607056,0.2676602900028229,0.20542454719543457,0.257295161485672,0.26962000131607056,-2.9802322387695312e-08,1.4901161193847656e-08,2.9802322387695312e-08,0.0
2099,5306,16316,Entity,Entity,False,314.0,high_degree,True,True,both_correct,0,0,16316,16316,0.3680739998817444,0.19469062983989716,0.1429540514945984,0.29428136348724365,0.3680739998817444,0.19469058513641357,0.1429540365934372,0.29428133368492126,0.0,-4.470348358154297e-08,-1.4901161193847656e-08,-2.9802322387695312e-08
2100,3735,22159,Person,Person,False,109.0,high_degree,True,True,both_correct,0,0,22159,22159,0.27782124280929565,0.2869364321231842,0.15061943233013153,0.28462284803390503,0.20092178881168365,0.3260612487792969,0.10892585664987564,0.36409109830856323,-0.076899453997612,0.03912481665611267,-0.04169357568025589,0.0794682502746582
2101,7425,18545,Place,Place,False,29.0,low_degree,True,True,both_correct,0,0,18545,18545,0.27362126111984253,0.2452036291360855,0.19798220694065094,0.28319284319877625,0.17859454452991486,0.213387593626976,0.1938205063343048,0.4141974151134491,-0.09502671658992767,-0.0318160355091095,-0.00416170060634613,0.13100457191467285
2102,4966,20510,Place,Place,False,31.0,low_degree,True,True,both_correct,0,0,20510,20510,0.27790161967277527,0.25645536184310913,0.1811191439628601,0.2845238447189331,0.18171356618404388,0.22357890009880066,0.17762885987758636,0.41707873344421387,-0.09618805348873138,-0.03287646174430847,-0.0034902840852737427,0.13255488872528076
2103,3130,23047,Organization,Organization,False,38.0,mid_degree,True,True,both_correct,0,0,23047,23047,0.3139077126979828,0.20429028570652008,0.1568041741847992,0.32499781250953674,0.2324032187461853,0.17283563315868378,0.13267508149147034,0.46208611130714417,-0.08150449395179749,-0.031454652547836304,-0.024129092693328857,0.13708829879760742
2104,6231,26171,Person,Person,False,91.0,high_degree,True,True,both_correct,0,0,26171,26171,0.26645952463150024,0.2892109155654907,0.16329044103622437,0.2810390889644623,0.19291433691978455,0.32900288701057434,0.11822089552879333,0.3598618805408478,-0.0735451877117157,0.03979197144508362,-0.04506954550743103,0.0788227915763855
2105,10264,24582,Person,Person,False,98.0,high_degree,True,True,both_correct,0,0,24582,24582,0.271878182888031,0.28850045800209045,0.16123399138450623,0.2783873379230499,0.19720187783241272,0.3288027048110962,0.11695284396409988,0.3570425808429718,-0.07467630505561829,0.04030224680900574,-0.04428114742040634,0.07865524291992188
2106,9763,25697,Person,Person,False,29.0,low_degree,True,True,both_correct,0,0,25697,25697,0.2814543843269348,0.2884591221809387,0.15243305265903473,0.27765336632728577,0.20423874258995056,0.32890215516090393,0.11061585694551468,0.35624319314956665,-0.07721564173698425,0.04044303297996521,-0.04181719571352005,0.07858982682228088
2107,5387,19686,Event,Event,False,196.0,high_degree,True,True,both_correct,0,0,19686,19686,0.2743206024169922,0.21359366178512573,0.14303681254386902,0.3690488934516907,0.2706831991672516,0.2107456922531128,0.1412883847951889,0.3772827684879303,-0.0036374032497406006,-0.0028479695320129395,-0.0017484277486801147,0.008233875036239624
2108,11096,20031,Organization,Organization,False,35.0,mid_degree,True,True,both_correct,0,0,20031,20031,0.3129429221153259,0.2136576622724533,0.1599099338054657,0.3134894371032715,0.23318073153495789,0.1819247007369995,0.1361742615699768,0.4487203061580658,-0.07976219058036804,-0.031732961535453796,-0.02373567223548889,0.1352308690547943
2109,4063,23929,Creative Work,Creative Work,False,147.0,high_degree,False,True,rescued,1,0,26515,23929,0.31408336758613586,0.1935158371925354,0.14647723734378815,0.3459235727787018,0.1843600571155548,0.1893068552017212,0.10033940523862839,0.5259937047958374,-0.12972331047058105,-0.004208981990814209,-0.04613783210515976,0.18007013201713562
2110,12404,19626,Place,Place,False,19.0,low_degree,True,True,both_correct,0,0,19626,19626,0.2865320146083832,0.2311023324728012,0.1855110228061676,0.2968546450138092,0.18624481558799744,0.2002803236246109,0.1808566153049469,0.43261826038360596,-0.10028719902038574,-0.030822008848190308,-0.004654407501220703,0.13576361536979675
2111,11356,17374,Person,Person,False,86.0,high_degree,True,True,both_correct,0,0,17374,17374,0.2793397605419159,0.27784931659698486,0.16076363623142242,0.282047301530838,0.203087717294693,0.31740260124206543,0.11687395721673965,0.3626357614994049,-0.0762520432472229,0.039553284645080566,-0.04388967901468277,0.0805884599685669
2112,2697,23650,Person,Person,False,142.0,high_degree,True,True,both_correct,0,0,23650,23650,0.276500940322876,0.2946869134902954,0.14815333485603333,0.2806587815284729,0.1997685432434082,0.33453673124313354,0.10703855007886887,0.3586561381816864,-0.07673239707946777,0.039849817752838135,-0.04111478477716446,0.0779973566532135
2113,9220,17567,Person,Person,False,63.0,mid_degree,True,True,both_correct,0,0,17567,17567,0.24964118003845215,0.2550322711467743,0.2411564439535141,0.25417008996009827,0.18613435328006744,0.29878300428390503,0.17981413006782532,0.3352685570716858,-0.0635068267583847,0.04375073313713074,-0.06134231388568878,0.08109846711158752
2114,843,17952,Place,Place,False,49.0,mid_degree,True,True,both_correct,0,0,17952,17952,0.2755206227302551,0.25062012672424316,0.19103237986564636,0.28282687067985535,0.18021705746650696,0.21856611967086792,0.1874149739742279,0.4138018786907196,-0.09530356526374817,-0.032054007053375244,-0.003617405891418457,0.13097500801086426
2115,11755,25750,Organization,Organization,False,27.0,low_degree,False,False,both_wrong,1,1,23852,23852,0.30353474617004395,0.2298552393913269,0.16616542637348175,0.3004446029663086,0.2277369350194931,0.1970723420381546,0.1424812227487564,0.43270957469940186,-0.07579781115055084,-0.0327828973531723,-0.023684203624725342,0.13226497173309326
2116,8957,14997,Entity,Person,True,57.0,mid_degree,True,True,both_correct,0,0,14997,14997,0.28214889764785767,0.21857626736164093,0.22090867161750793,0.27836617827415466,0.28214889764785767,0.21857626736164093,0.22090864181518555,0.2783661484718323,0.0,0.0,-2.9802322387695312e-08,-2.9802322387695312e-08
2117,7152,15902,Entity,Entity,False,118.0,high_degree,True,True,both_correct,0,0,15902,15902,0.2613222002983093,0.1982821822166443,0.25128453969955444,0.28911107778549194,0.26132217049598694,0.1982821673154831,0.25128453969955444,0.28911107778549194,-2.9802322387695312e-08,-1.4901161193847656e-08,0.0,0.0
2118,11877,22794,Person,Person,False,40.0,mid_degree,True,True,both_correct,0,0,22794,22794,0.2758426368236542,0.2812458276748657,0.1661788374185562,0.2767326533794403,0.20089778304100037,0.321849524974823,0.1210254430770874,0.35622721910476685,-0.07494485378265381,0.040603697299957275,-0.04515339434146881,0.07949456572532654
2119,2853,20058,Person,Person,False,55.0,mid_degree,True,True,both_correct,0,0,20058,20058,0.2758770287036896,0.29018905758857727,0.1543089747428894,0.27962496876716614,0.1998259425163269,0.3302704095840454,0.111763596534729,0.35814008116722107,-0.07605108618736267,0.04008135199546814,-0.0425453782081604,0.07851511240005493
2120,6409,18722,Person,Person,False,65.0,mid_degree,True,True,both_correct,0,0,18722,18722,0.24748317897319794,0.2584564685821533,0.24332545697689056,0.2507348954677582,0.18468831479549408,0.30306339263916016,0.18157315254211426,0.3306751847267151,-0.06279486417770386,0.044606924057006836,-0.061752304434776306,0.07994028925895691
2121,13234,15318,Entity,Organization,True,3.0,low_degree,True,True,both_correct,0,0,15318,15318,0.2921161353588104,0.20694556832313538,0.1795824021100998,0.3213559091091156,0.2921161353588104,0.20694556832313538,0.1795824021100998,0.3213559091091156,0.0,0.0,0.0,0.0
2122,3893,19523,Place,Place,False,21.0,low_degree,True,True,both_correct,0,0,19523,19523,0.2862931489944458,0.25395384430885315,0.17464834451675415,0.2851046621799469,0.18765012919902802,0.22192983329296112,0.17169451713562012,0.41872552037239075,-0.09864301979541779,-0.03202401101589203,-0.002953827381134033,0.13362085819244385
2123,5922,18000,Creative Work,Creative Work,False,54.0,mid_degree,True,True,both_correct,0,0,18000,18000,0.31553900241851807,0.18873795866966248,0.1580100804567337,0.33771294355392456,0.18686853349208832,0.18628254532814026,0.10919634997844696,0.5176525712013245,-0.12867046892642975,-0.002455413341522217,-0.04881373047828674,0.1799396276473999
2124,4383,23820,Organization,Organization,False,32.0,low_degree,False,False,both_wrong,20,32,25278,25278,0.31738072633743286,0.20317596197128296,0.15646550059318542,0.32297781109809875,0.23531724512577057,0.17214353382587433,0.13258172571659088,0.4599575400352478,-0.08206348121166229,-0.03103242814540863,-0.023883774876594543,0.13697972893714905
2125,3211,20921,Person,Person,False,39.0,mid_degree,True,True,both_correct,0,0,20921,20921,0.2715297341346741,0.3003489077091217,0.15200863778591156,0.27611270546913147,0.1962420493364334,0.3410778343677521,0.10986344516277313,0.352816641330719,-0.07528768479824066,0.04072892665863037,-0.04214519262313843,0.07670393586158752
2126,13833,17060,Place,Place,False,20.0,low_degree,True,True,both_correct,0,0,17060,17060,0.28834035992622375,0.2456333041191101,0.17798802256584167,0.28803831338882446,0.18866515159606934,0.21428748965263367,0.1746748983860016,0.4223724901676178,-0.09967520833015442,-0.03134581446647644,-0.003313124179840088,0.13433417677879333
2127,5267,17045,Person,Person,False,24.0,low_degree,True,True,both_correct,0,0,17045,17045,0.2572515904903412,0.2697243392467499,0.21187585592269897,0.2611481547355652,0.18990257382392883,0.3128567337989807,0.15639661252498627,0.340844064950943,-0.06734901666641235,0.043132394552230835,-0.05547924339771271,0.07969591021537781
2128,9405,26749,Creative Work,Creative Work,False,60.0,mid_degree,True,False,harmed,0,1,26749,24518,0.2877061367034912,0.26338568329811096,0.1586844027042389,0.29022371768951416,0.1732150763273239,0.26427656412124634,0.11147573590278625,0.4510326385498047,-0.1144910603761673,0.000890880823135376,-0.04720866680145264,0.16080892086029053
2129,2873,22043,Organization,Organization,False,36.0,mid_degree,True,True,both_correct,0,0,22043,22043,0.29636386036872864,0.23441413044929504,0.16603417694568634,0.30318787693977356,0.221799835562706,0.20047733187675476,0.14201216399669647,0.4357106387615204,-0.07456402480602264,-0.03393679857254028,-0.024022012948989868,0.13252276182174683
2130,11958,21732,Place,Place,False,10.0,low_degree,True,True,both_correct,0,0,21732,21732,0.28699660301208496,0.23379415273666382,0.18099676072597504,0.298212468624115,0.1865444779396057,0.2026108205318451,0.1764536201953888,0.434391051530838,-0.10045212507247925,-0.031183332204818726,-0.004543140530586243,0.13617858290672302
2131,6056,21582,Person,Person,False,95.0,high_degree,True,True,both_correct,0,0,21582,21582,0.2697097361087799,0.304323673248291,0.1495305299758911,0.2764360308647156,0.19452917575836182,0.34488558769226074,0.10785427689552307,0.3527309000492096,-0.07518056035041809,0.04056191444396973,-0.04167625308036804,0.07629486918449402
2132,13431,16788,Place,Place,False,26.0,low_degree,True,True,both_correct,0,0,16788,16788,0.2847525179386139,0.23900970816612244,0.1867770403623581,0.2894607484340668,0.18571144342422485,0.207830548286438,0.18270370364189148,0.4237543046474457,-0.09904107451438904,-0.031179159879684448,-0.004073336720466614,0.1342935562133789
2133,13260,21149,Place,Place,False,18.0,low_degree,True,True,both_correct,0,0,21149,21149,0.2836269736289978,0.25834187865257263,0.1679641604423523,0.2900669276714325,0.18537481129169464,0.22512386739253998,0.16465428471565247,0.4248470366001129,-0.09825216233730316,-0.033218011260032654,-0.003309875726699829,0.13478010892868042
2134,967,18394,Person,Person,False,104.0,high_degree,True,True,both_correct,0,0,18394,18394,0.26979896426200867,0.297286719083786,0.15173551440238953,0.2811787724494934,0.194668248295784,0.3370407819747925,0.1094760149717331,0.35881492495536804,-0.07513071596622467,0.03975406289100647,-0.04225949943065643,0.07763615250587463
2135,11397,22654,Entity,Entity,False,42.0,mid_degree,False,False,both_wrong,75,39,15259,15259,0.31687936186790466,0.19613972306251526,0.15589599311351776,0.3310849368572235,0.3168793320655823,0.19613973796367645,0.15589600801467896,0.3310849368572235,-2.9802322387695312e-08,1.4901161193847656e-08,1.4901161193847656e-08,0.0
2136,3542,19423,Person,Person,False,293.0,high_degree,True,True,both_correct,0,0,19423,19423,0.2602243721485138,0.2762168347835541,0.19350576400756836,0.27005305886268616,0.19052034616470337,0.31775757670402527,0.14168822765350342,0.35003381967544556,-0.06970402598381042,0.04154074192047119,-0.05181753635406494,0.0799807608127594
2137,14295,18653,Place,Place,False,22.0,low_degree,True,True,both_correct,0,0,18653,18653,0.28426438570022583,0.239912748336792,0.18885424733161926,0.2869686484336853,0.18567748367786407,0.20893599092960358,0.18501980602741241,0.42036673426628113,-0.09858690202236176,-0.030976757407188416,-0.003834441304206848,0.13339808583259583
2138,6179,24119,Event,Event,False,170.0,high_degree,False,False,both_wrong,23,17,26828,26828,0.2864952087402344,0.2302074283361435,0.1467140167951584,0.33658331632614136,0.2830909788608551,0.22745510935783386,0.14507459104061127,0.34437933564186096,-0.0034042298793792725,-0.0027523189783096313,-0.0016394257545471191,0.0077960193157196045
2139,8491,16873,Person,Person,False,43.0,mid_degree,True,True,both_correct,0,0,16873,16873,0.26710736751556396,0.2762938439846039,0.183211550116539,0.27338725328445435,0.19526493549346924,0.31736645102500916,0.13392922282218933,0.3534393906593323,-0.07184243202209473,0.04107260704040527,-0.04928232729434967,0.08005213737487793
2140,12218,23976,Organization,Organization,False,37.0,mid_degree,True,True,both_correct,0,0,23976,23976,0.2981026768684387,0.2227838784456253,0.17460237443447113,0.30451107025146484,0.2230110764503479,0.19045428931713104,0.14928032457828522,0.43725427985191345,-0.07509160041809082,-0.03232958912849426,-0.025322049856185913,0.1327432096004486
2141,1494,19344,Place,Place,False,33.0,low_degree,True,True,both_correct,0,0,19344,19344,0.2803176939487457,0.25772354006767273,0.1811814308166504,0.28077736496925354,0.1837446689605713,0.2252376228570938,0.1781272292137146,0.4128904938697815,-0.09657302498817444,-0.03248591721057892,-0.003054201602935791,0.13211312890052795
2142,9079,26309,Creative Work,Creative Work,False,65.0,mid_degree,True,True,both_correct,0,0,26309,26309,0.3189324140548706,0.20028050243854523,0.1600688099861145,0.32071831822395325,0.1911882758140564,0.20009230077266693,0.1119675487279892,0.4967518746852875,-0.1277441382408142,-0.0001882016658782959,-0.048101261258125305,0.17603355646133423
2143,10024,22514,Person,Person,False,39.0,mid_degree,True,True,both_correct,0,0,22514,22514,0.2787185311317444,0.2859581708908081,0.15650072693824768,0.27882257103919983,0.20231853425502777,0.3261556625366211,0.11360587924718857,0.35791996121406555,-0.07639999687671661,0.04019749164581299,-0.04289484769105911,0.07909739017486572
2144,684,25285,Creative Work,Creative Work,False,87.0,high_degree,True,True,both_correct,0,0,25285,25285,0.32628127932548523,0.18760472536087036,0.16065220534801483,0.3254617750644684,0.19572511315345764,0.18755455315113068,0.11243592202663422,0.5042844414710999,-0.1305561661720276,-5.017220973968506e-05,-0.048216283321380615,0.17882266640663147
2145,1125,17719,Person,Person,False,71.0,mid_degree,True,True,both_correct,0,0,17719,17719,0.27770790457725525,0.29436832666397095,0.1498546153306961,0.2780691981315613,0.2009613811969757,0.3347087800502777,0.1084461510181427,0.3558836579322815,-0.07674652338027954,0.04034045338630676,-0.041408464312553406,0.07781445980072021
2146,2894,19268,Person,Person,False,180.0,high_degree,False,False,both_wrong,3,2,17807,17807,0.27406471967697144,0.3046901226043701,0.14654256403446198,0.2747025489807129,0.19781719148159027,0.34555694460868835,0.1057686060667038,0.3508572578430176,-0.07624752819538116,0.04086682200431824,-0.04077395796775818,0.07615470886230469
2147,10231,26052,Person,Person,False,27.0,low_degree,True,True,both_correct,0,0,26052,26052,0.27446529269218445,0.2874045670032501,0.16012023389339447,0.2780098617076874,0.19921007752418518,0.3277701437473297,0.11621174961328506,0.35680803656578064,-0.07525521516799927,0.04036557674407959,-0.043908484280109406,0.07879817485809326
2148,4798,25722,Entity,Entity,False,19.0,low_degree,True,True,both_correct,0,0,25722,25722,0.26963841915130615,0.21502070128917694,0.2362499237060547,0.2790909707546234,0.26963844895362854,0.21502068638801575,0.2362499088048935,0.2790909707546234,2.9802322387695312e-08,-1.4901161193847656e-08,-1.4901161193847656e-08,0.0
2149,8651,15764,Place,Place,False,103.0,high_degree,True,True,both_correct,0,0,15764,15764,0.300698846578598,0.2431577891111374,0.15906347334384918,0.2970799505710602,0.19668835401535034,0.2120600938796997,0.15605254471302032,0.4351990222930908,-0.10401049256324768,-0.031097695231437683,-0.0030109286308288574,0.13811907172203064
2150,8375,23687,Entity,Entity,False,44.0,mid_degree,True,True,both_correct,0,0,23687,23687,0.32490473985671997,0.20156878232955933,0.15149708092212677,0.3220294117927551,0.32490476965904236,0.20156878232955933,0.15149708092212677,0.3220294117927551,2.9802322387695312e-08,0.0,0.0,0.0
2151,4464,18781,Place,Place,False,34.0,mid_degree,True,True,both_correct,0,0,18781,18781,0.28490158915519714,0.26412108540534973,0.1593027561903,0.29167458415031433,0.18612807989120483,0.2300606667995453,0.15609651803970337,0.4277147352695465,-0.09877350926399231,-0.03406041860580444,-0.0032062381505966187,0.13604015111923218
2152,1128,21049,Person,Person,False,237.0,high_degree,True,True,both_correct,0,0,21049,21049,0.27400287985801697,0.2986164093017578,0.1472926288843155,0.28008803725242615,0.19759123027324677,0.33835679292678833,0.10623471438884735,0.35781726241111755,-0.0764116495847702,0.03974038362503052,-0.04105791449546814,0.0777292251586914
2153,311,19753,Entity,Entity,False,18.0,low_degree,True,True,both_correct,0,0,19753,19753,0.3196837902069092,0.1987164318561554,0.14471471309661865,0.33688512444496155,0.3196837902069092,0.1987164318561554,0.14471471309661865,0.33688512444496155,0.0,0.0,0.0,0.0
2154,14218,22581,Place,Organization,True,12.0,low_degree,False,False,both_wrong,877,310,15451,15451,0.2904092073440552,0.23161201179027557,0.1820400059223175,0.29593873023986816,0.1892753392457962,0.20126575231552124,0.17795392870903015,0.431505024433136,-0.10113386809825897,-0.030346259474754333,-0.0040860772132873535,0.13556629419326782
2155,5156,18149,Person,Person,False,98.0,high_degree,True,True,both_correct,0,0,18149,18149,0.2925168573856354,0.27574244141578674,0.14983008801937103,0.28191059827804565,0.21288298070430756,0.3153163194656372,0.10903442651033401,0.3627662658691406,-0.07963387668132782,0.039573878049850464,-0.04079566150903702,0.08085566759109497
2156,2791,23205,Organization,Organization,False,33.0,low_degree,True,True,both_correct,0,0,23205,23205,0.28962787985801697,0.23683440685272217,0.17587792873382568,0.29765981435775757,0.21731208264827728,0.20306462049484253,0.1508156657218933,0.4288076162338257,-0.07231579720973969,-0.03376978635787964,-0.025062263011932373,0.13114780187606812
2157,13151,27638,Creative Work,Creative Work,False,66.0,mid_degree,True,True,both_correct,0,0,27638,27638,0.3249341547489166,0.19072487950325012,0.15698875486850739,0.3273521959781647,0.1942671239376068,0.19003809988498688,0.10951569676399231,0.50617915391922,-0.13066703081130981,-0.0006867796182632446,-0.047473058104515076,0.1788269579410553
2158,2814,25868,Person,Person,False,99.0,high_degree,True,True,both_correct,0,0,25868,25868,0.27399951219558716,0.2758001983165741,0.14789582788944244,0.3023045063018799,0.1970243602991104,0.3116101920604706,0.10635679960250854,0.38500866293907166,-0.07697515189647675,0.035809993743896484,-0.0415390282869339,0.08270415663719177
2159,10601,20444,Place,Place,False,20.0,low_degree,True,True,both_correct,0,0,20444,20444,0.2933237850666046,0.24470722675323486,0.16160908341407776,0.30035990476608276,0.19107331335544586,0.21253086626529694,0.15789641439914703,0.4384993314743042,-0.10225047171115875,-0.03217636048793793,-0.003712669014930725,0.13813942670822144
2160,12437,22059,Person,Person,False,48.0,mid_degree,True,True,both_correct,0,0,22059,22059,0.27133315801620483,0.3099101483821869,0.1490362137556076,0.2697204351425171,0.19601483643054962,0.35178208351135254,0.10766670852899551,0.34453633427619934,-0.07531832158565521,0.04187193512916565,-0.04136950522661209,0.07481589913368225
2161,10204,17213,Entity,Entity,False,123.0,high_degree,False,False,both_wrong,52,40,23899,23899,0.31901124119758606,0.20214983820915222,0.1516619324684143,0.327176958322525,0.31901127099990845,0.20214985311031342,0.1516619473695755,0.327176958322525,2.9802322387695312e-08,1.4901161193847656e-08,1.4901161193847656e-08,0.0
2162,12966,27107,Creative Work,Creative Work,False,56.0,mid_degree,True,True,both_correct,0,0,27107,27107,0.2517837584018707,0.23442892730236053,0.2502923309803009,0.26349496841430664,0.1559160053730011,0.24193882942199707,0.1808784306049347,0.42126670479774475,-0.09586775302886963,0.007509902119636536,-0.06941390037536621,0.1577717363834381
2163,3499,20110,Person,Person,False,33.0,low_degree,True,True,both_correct,0,0,20110,20110,0.27480509877204895,0.29347315430641174,0.15405714511871338,0.2776646018028259,0.19899185001850128,0.33391109108924866,0.11154879629611969,0.3555482029914856,-0.07581324875354767,0.040437936782836914,-0.04250834882259369,0.07788360118865967
2164,1653,25787,Organization,Organization,False,26.0,low_degree,False,False,both_wrong,7,36,24953,24953,0.31194114685058594,0.20358511805534363,0.15888555347919464,0.3255882263183594,0.230848029255867,0.1721651554107666,0.1343785673379898,0.462608277797699,-0.08109311759471893,-0.031419962644577026,-0.024506986141204834,0.1370200514793396
2165,5663,22271,Creative Work,Creative Work,False,73.0,mid_degree,True,True,both_correct,0,0,22271,22271,0.3208633363246918,0.18792487680912018,0.1557699292898178,0.33544179797172546,0.19053661823272705,0.1859825998544693,0.10793687403202057,0.5155439376831055,-0.13032671809196472,-0.001942276954650879,-0.04783305525779724,0.18010213971138
2166,328,18280,Organization,Organization,False,413.0,high_degree,False,False,both_wrong,2,2,17115,17115,0.2544230818748474,0.20448283851146698,0.1412063091993332,0.39988774061203003,0.17993897199630737,0.1652655452489853,0.11413402855396271,0.5406614542007446,-0.07448410987854004,-0.03921729326248169,-0.027072280645370483,0.1407737135887146
2167,1324,16671,Entity,Entity,False,202.0,high_degree,True,True,both_correct,0,0,16671,16671,0.32120808959007263,0.2128583937883377,0.14392057061195374,0.32201293110847473,0.32120808959007263,0.2128584086894989,0.14392058551311493,0.3220129609107971,0.0,1.4901161193847656e-08,1.4901161193847656e-08,2.9802322387695312e-08
2168,14311,24117,Place,Organization,True,8.0,low_degree,True,True,both_correct,0,0,24117,24117,0.2924756407737732,0.22871658205986023,0.17024803161621094,0.30855974555015564,0.18945318460464478,0.19753018021583557,0.16540546715259552,0.44761109352111816,-0.10302245616912842,-0.031186401844024658,-0.0048425644636154175,0.13905134797096252
2169,14066,21184,Place,Place,False,2.0,low_degree,False,False,both_wrong,56,118,27015,22300,0.28071650862693787,0.23054511845111847,0.19542980194091797,0.2933085560798645,0.18250486254692078,0.19984181225299835,0.19056884944438934,0.4270845353603363,-0.09821164608001709,-0.030703306198120117,-0.0048609524965286255,0.1337759792804718
2170,6857,16883,Entity,Entity,False,99.0,high_degree,True,True,both_correct,0,0,16883,16883,0.31466004252433777,0.21781326830387115,0.14480915665626526,0.3227175176143646,0.31466004252433777,0.21781328320503235,0.14480915665626526,0.3227175176143646,0.0,1.4901161193847656e-08,0.0,0.0
2171,11561,26686,Person,Person,False,30.0,low_degree,True,True,both_correct,0,0,26686,26686,0.2801465690135956,0.28262585401535034,0.15839065611362457,0.2788368761539459,0.20364128053188324,0.32280802726745605,0.11512932926416397,0.3584214150905609,-0.07650528848171234,0.04018217325210571,-0.0432613268494606,0.07958453893661499
2172,2216,15540,Place,Place,False,375.0,high_degree,True,True,both_correct,0,0,15540,15540,0.26611268520355225,0.22305656969547272,0.24943296611309052,0.2613977789878845,0.17443686723709106,0.1949438601732254,0.24523191154003143,0.3853873312473297,-0.09167581796646118,-0.028112709522247314,-0.004201054573059082,0.12398955225944519
2173,3901,23572,Entity,Entity,False,50.0,mid_degree,False,False,both_wrong,143,99,23169,23169,0.29738590121269226,0.2096102386713028,0.18622921407222748,0.30677464604377747,0.29738590121269226,0.2096102386713028,0.18622919917106628,0.30677464604377747,0.0,0.0,-1.4901161193847656e-08,0.0
2174,4002,26000,Organization,Organization,False,25.0,low_degree,False,False,both_wrong,217,255,25758,16522,0.3135600686073303,0.20799985527992249,0.1604415327310562,0.31799858808517456,0.23313982784748077,0.17672796547412872,0.1363341063261032,0.4537980854511261,-0.08042024075984955,-0.03127188980579376,-0.024107426404953003,0.13579949736595154
2175,13635,22166,Place,Place,False,9.0,low_degree,False,True,rescued,1,0,18212,22166,0.2887793779373169,0.24076972901821136,0.16715656220912933,0.30329430103302,0.1874910444021225,0.2084200233221054,0.16277645528316498,0.4413124918937683,-0.1012883335351944,-0.03234970569610596,-0.0043801069259643555,0.1380181908607483
2176,4052,24286,Organization,Organization,False,24.0,low_degree,False,False,both_wrong,18,69,24928,25758,0.31319737434387207,0.20953786373138428,0.1587042361497879,0.31856054067611694,0.23275452852249146,0.17794615030288696,0.13479088246822357,0.4545084536075592,-0.08044284582138062,-0.031591713428497314,-0.02391335368156433,0.13594791293144226
2177,6121,27041,Organization,Organization,False,47.0,mid_degree,False,True,rescued,2,0,18309,27041,0.3077074885368347,0.2278129905462265,0.16147728264331818,0.3030022084712982,0.23055826127529144,0.19505919516086578,0.1382756531238556,0.43610692024230957,-0.07714922726154327,-0.03275379538536072,-0.023201629519462585,0.13310471177101135
2178,1932,22975,Place,Place,False,8.0,low_degree,False,False,both_wrong,3,3,25409,25409,0.29675525426864624,0.22074592113494873,0.1843404620885849,0.2981583774089813,0.1932506561279297,0.19166317582130432,0.18005186319351196,0.4350343942642212,-0.10350459814071655,-0.02908274531364441,-0.004288598895072937,0.13687601685523987
2179,7911,27164,Person,Person,False,49.0,mid_degree,False,False,both_wrong,10,13,25222,24633,0.2753606140613556,0.28936904668807983,0.1588786244392395,0.2763916850090027,0.19985520839691162,0.3300027847290039,0.11531331390142441,0.35482868552207947,-0.07550540566444397,0.04063373804092407,-0.043565310537815094,0.07843700051307678
2180,3896,24934,Creative Work,Creative Work,False,145.0,high_degree,True,True,both_correct,0,0,24934,24934,0.3232657015323639,0.18874867260456085,0.14992432296276093,0.33806127309799194,0.19154225289821625,0.18638800084590912,0.1036681979894638,0.518401563167572,-0.13172344863414764,-0.0023606717586517334,-0.04625612497329712,0.18034029006958008
2181,14043,20860,Place,Place,False,20.0,low_degree,True,True,both_correct,0,0,20860,20860,0.27467161417007446,0.24546454846858978,0.1935001015663147,0.28636372089385986,0.17903566360473633,0.2133231908082962,0.1891741007566452,0.41846704483032227,-0.09563595056533813,-0.03214135766029358,-0.004326000809669495,0.1321033239364624
2182,11150,18196,Entity,Organization,True,46.0,mid_degree,True,True,both_correct,0,0,18196,18196,0.3017224371433258,0.2077416479587555,0.18741129338741302,0.30312466621398926,0.3017224073410034,0.2077416479587555,0.18741126358509064,0.30312463641166687,-2.9802322387695312e-08,0.0,-2.9802322387695312e-08,-2.9802322387695312e-08
2183,12309,24849,Place,Place,False,10.0,low_degree,True,True,both_correct,0,0,24849,24849,0.29396024346351624,0.24497132003307343,0.1633748859167099,0.2976936101913452,0.1917790323495865,0.2130841463804245,0.15986447036266327,0.43527236580848694,-0.10218121111392975,-0.031887173652648926,-0.003510415554046631,0.13757875561714172
2184,8213,16481,Place,Place,False,60.0,mid_degree,False,False,both_wrong,2,3,17248,17245,0.29396602511405945,0.24387122690677643,0.1603499799966812,0.30181270837783813,0.19149057567119598,0.21180440485477448,0.15666541457176208,0.44003957509994507,-0.10247544944286346,-0.03206682205200195,-0.0036845654249191284,0.13822686672210693
2185,4532,18946,Person,Person,False,61.0,mid_degree,True,True,both_correct,0,0,18946,18946,0.24293436110019684,0.2601351737976074,0.2506578862667084,0.24627256393432617,0.1815836876630783,0.30551958084106445,0.1874288022518158,0.32546794414520264,-0.06135067343711853,0.04538440704345703,-0.06322908401489258,0.07919538021087646
2186,4157,23945,Event,Event,False,140.0,high_degree,True,True,both_correct,0,0,23945,23945,0.30111780762672424,0.22585034370422363,0.1611304134130478,0.3119014501571655,0.2978229820728302,0.22336409986019135,0.15943336486816406,0.3193795680999756,-0.003294825553894043,-0.0024862438440322876,-0.001697048544883728,0.007478117942810059
2187,13498,20380,Place,Place,False,31.0,low_degree,False,True,rescued,1,0,18660,20380,0.2746480107307434,0.2516224980354309,0.18074260652065277,0.2929869294166565,0.178533136844635,0.21807920932769775,0.17622028291225433,0.4271673858165741,-0.0961148738861084,-0.033543288707733154,-0.0045223236083984375,0.1341804563999176
2188,13185,18595,Organization,Organization,False,14.0,low_degree,False,False,both_wrong,1,1,15657,15657,0.2913145422935486,0.25691577792167664,0.1620384007692337,0.28973129391670227,0.21964246034622192,0.22135604918003082,0.13962537050247192,0.4193761348724365,-0.07167208194732666,-0.03555972874164581,-0.02241303026676178,0.12964484095573425
2189,5760,25920,Creative Work,Creative Work,False,88.0,high_degree,True,True,both_correct,0,0,25920,25920,0.318867564201355,0.18954861164093018,0.15303951501846313,0.3385443091392517,0.18877315521240234,0.18701650202274323,0.1057344600558281,0.5184758901596069,-0.13009440898895264,-0.0025321096181869507,-0.04730505496263504,0.17993158102035522
2190,2574,14979,Place,Place,False,54.0,mid_degree,True,True,both_correct,0,0,14979,14979,0.25764796137809753,0.2335774004459381,0.2523318827152252,0.25644275546073914,0.16921064257621765,0.20452947914600372,0.24855835735797882,0.3777015507221222,-0.08843731880187988,-0.029047921299934387,-0.003773525357246399,0.12125879526138306
2191,10086,21695,Person,Person,False,54.0,mid_degree,True,True,both_correct,0,0,21695,21695,0.251390278339386,0.25140902400016785,0.2509922981262207,0.24620836973190308,0.18862131237983704,0.2963983416557312,0.18839536607265472,0.32658493518829346,-0.06276896595954895,0.044989317655563354,-0.06259693205356598,0.08037656545639038
2192,2527,24560,Creative Work,Creative Work,False,136.0,high_degree,True,True,both_correct,0,0,24560,24560,0.3278958797454834,0.19037653505802155,0.1475483477115631,0.33417925238609314,0.1948147416114807,0.1885068267583847,0.10231512039899826,0.5143633484840393,-0.13308113813400269,-0.0018697082996368408,-0.04523322731256485,0.18018409609794617
2193,9862,27202,Person,Person,False,19.0,low_degree,True,True,both_correct,0,0,27202,27202,0.26685333251953125,0.29517602920532227,0.1683012694120407,0.2696693539619446,0.19398604333400726,0.3371565341949463,0.1223369687795639,0.34652042388916016,-0.07286728918552399,0.04198050498962402,-0.04596430063247681,0.07685106992721558
2194,1475,19948,Person,Person,False,93.0,high_degree,True,True,both_correct,0,0,19948,19948,0.27617430686950684,0.29706454277038574,0.14948879182338715,0.27727240324020386,0.1997213065624237,0.3375545144081116,0.10810812562704086,0.3546160161495209,-0.07645300030708313,0.04048997163772583,-0.04138066619634628,0.07734361290931702
2195,42,21902,Creative Work,Creative Work,False,66.0,mid_degree,True,True,both_correct,0,0,21902,21902,0.3089430630207062,0.19747866690158844,0.15341399610042572,0.3401642441749573,0.1820671260356903,0.19395586848258972,0.10549386590719223,0.5184831023216248,-0.12687593698501587,-0.0035227984189987183,-0.04792013019323349,0.17831885814666748
2196,384,17523,Person,Person,False,79.0,high_degree,True,True,both_correct,0,0,17523,17523,0.264106422662735,0.2772555351257324,0.1950690746307373,0.2635689675807953,0.19404996931552887,0.3200852572917938,0.1433364897966385,0.3425282835960388,-0.07005645334720612,0.0428297221660614,-0.051732584834098816,0.07895931601524353
2197,3353,23053,Organization,Organization,False,35.0,mid_degree,False,False,both_wrong,4,17,23189,21655,0.29373839497566223,0.2272317111492157,0.1709982454776764,0.3080316483974457,0.21918541193008423,0.1937609314918518,0.14582596719264984,0.4412277042865753,-0.074552983045578,-0.03347077965736389,-0.02517227828502655,0.13319605588912964
2198,12827,16749,Place,Place,False,36.0,mid_degree,True,True,both_correct,0,0,16749,16749,0.2951599657535553,0.25510838627815247,0.1537495255470276,0.29598215222358704,0.19300363957881927,0.2224113494157791,0.1507914662361145,0.4337935745716095,-0.10215632617473602,-0.03269703686237335,-0.002958059310913086,0.13781142234802246
2199,1843,18671,Person,Person,False,79.0,high_degree,True,True,both_correct,0,0,18671,18671,0.26958492398262024,0.27912789583206177,0.17903877794742584,0.27224841713905334,0.19691011309623718,0.32035160064697266,0.13076499104499817,0.351973295211792,-0.07267481088638306,0.04122370481491089,-0.04827378690242767,0.07972487807273865
2200,10031,22593,Person,Person,False,45.0,mid_degree,True,True,both_correct,0,0,22593,22593,0.27319106459617615,0.2818211019039154,0.17069904506206512,0.27428874373435974,0.19913750886917114,0.3227839469909668,0.12443169206380844,0.353646844625473,-0.074053555727005,0.04096284508705139,-0.04626735299825668,0.07935810089111328
2201,9852,17929,Person,Person,False,82.0,high_degree,True,True,both_correct,0,0,17929,17929,0.2758084237575531,0.29593586921691895,0.1497572511434555,0.27849841117858887,0.19938570261001587,0.3361527919769287,0.10826221853494644,0.3561992645263672,-0.07642272114753723,0.040216922760009766,-0.041495032608509064,0.07770085334777832
2202,8400,18518,Person,Person,False,43.0,mid_degree,True,True,both_correct,0,0,18518,18518,0.27490147948265076,0.2945787012577057,0.15457767248153687,0.2759421467781067,0.1991894692182541,0.3353847563266754,0.11200201511383057,0.35342374444007874,-0.07571201026439667,0.04080605506896973,-0.0425756573677063,0.07748159766197205
2203,6214,27515,Creative Work,Creative Work,False,120.0,high_degree,True,True,both_correct,0,0,27515,27515,0.34586480259895325,0.1877453774213791,0.1542540341615677,0.3121357262134552,0.21019083261489868,0.1901547610759735,0.10937897115945816,0.49027544260025024,-0.13567396998405457,0.0024093836545944214,-0.04487506300210953,0.17813971638679504
2204,7052,17038,Place,Place,False,28.0,low_degree,True,True,both_correct,0,0,17038,17038,0.27924835681915283,0.2555380165576935,0.18328829109668732,0.28192535042762756,0.18293727934360504,0.22319826483726501,0.18009500205516815,0.41376936435699463,-0.09631107747554779,-0.03233975172042847,-0.003193289041519165,0.13184401392936707
2205,13313,19028,Place,Place,False,34.0,mid_degree,False,True,rescued,1,0,19481,19028,0.2839900851249695,0.25965583324432373,0.16400998830795288,0.2923440635204315,0.1853943020105362,0.22600281238555908,0.16058921813964844,0.4280136525630951,-0.09859578311443329,-0.03365302085876465,-0.0034207701683044434,0.13566958904266357
2206,4881,20113,Place,Place,False,33.0,low_degree,True,True,both_correct,0,0,20113,20113,0.2689821422100067,0.2497442066669464,0.2051151841878891,0.27615848183631897,0.17593996226787567,0.21780095994472504,0.20122987031936646,0.4050292670726776,-0.09304217994213104,-0.031943246722221375,-0.003885313868522644,0.12887078523635864
2207,3283,25111,Organization,Organization,False,91.0,high_degree,True,True,both_correct,0,0,25111,25111,0.3049201965332031,0.19414713978767395,0.14802299439907074,0.3529096245765686,0.22187313437461853,0.16143324971199036,0.12309452891349792,0.4935990869998932,-0.0830470621585846,-0.032713890075683594,-0.024928465485572815,0.14068946242332458
2208,8915,22977,Creative Work,Creative Work,False,37.0,mid_degree,False,False,both_wrong,2,6,23542,23542,0.29465800523757935,0.2276705503463745,0.17191696166992188,0.30575454235076904,0.17722497880458832,0.22821541130542755,0.12063752859830856,0.4739220440387726,-0.11743302643299103,0.0005448609590530396,-0.05127943307161331,0.16816750168800354
2209,3702,17232,Creative Work,Creative Work,False,92.0,high_degree,True,True,both_correct,0,0,17232,17232,0.2534552216529846,0.23726221919059753,0.2525326609611511,0.2567499279975891,0.15789590775966644,0.24633750319480896,0.18355035781860352,0.41221627593040466,-0.09555931389331818,0.009075284004211426,-0.06898230314254761,0.15546634793281555
2210,6512,20857,Place,Place,False,29.0,low_degree,True,True,both_correct,0,0,20857,20857,0.2832513451576233,0.2491178959608078,0.1804962307214737,0.28713446855545044,0.1851101666688919,0.21706296503543854,0.17692090570926666,0.4209059178829193,-0.09814117848873138,-0.03205493092536926,-0.0035753250122070312,0.13377144932746887
2211,13583,23414,Organization,Organization,False,6.0,low_degree,False,False,both_wrong,27,118,20263,20263,0.29633229970932007,0.2144525647163391,0.19090498983860016,0.29831016063690186,0.2224581092596054,0.18397006392478943,0.16378678381443024,0.4297850728034973,-0.07387419044971466,-0.030482500791549683,-0.027118206024169922,0.13147491216659546
2212,13677,19941,Place,Place,False,25.0,low_degree,True,True,both_correct,0,0,19941,19941,0.285678505897522,0.2586093842983246,0.17508959770202637,0.2806225121021271,0.18767109513282776,0.22650973498821259,0.17251764237880707,0.413301557302475,-0.09800741076469421,-0.032099649310112,-0.0025719553232192993,0.1326790452003479
2213,12887,19349,Person,Person,False,21.0,low_degree,True,True,both_correct,0,0,19349,19349,0.272743821144104,0.289873331785202,0.1605280637741089,0.2768547534942627,0.19789767265319824,0.33048078417778015,0.11646956205368042,0.3551520109176636,-0.07484614849090576,0.040607452392578125,-0.04405850172042847,0.07829725742340088
2214,14300,18802,Place,Place,False,12.0,low_degree,True,True,both_correct,0,0,18802,18802,0.2850286364555359,0.22835376858711243,0.19488361477851868,0.291733980178833,0.1855948567390442,0.19824786484241486,0.19032977521419525,0.4258274734020233,-0.0994337797164917,-0.03010590374469757,-0.004553839564323425,0.1340934932231903
2215,6068,18301,Place,Place,False,33.0,low_degree,False,True,rescued,1,0,20380,18301,0.27804261445999146,0.2515522539615631,0.18387344479560852,0.2865316867828369,0.1814815253019333,0.21891361474990845,0.18000836670398712,0.4195965528488159,-0.09656108915805817,-0.03263863921165466,-0.003865078091621399,0.133064866065979
2216,4827,17757,Person,Person,False,74.0,mid_degree,True,True,both_correct,0,0,17757,17757,0.2699104845523834,0.26890310645103455,0.19112609326839447,0.27006033062934875,0.198267862200737,0.3103708028793335,0.14038661122322083,0.3509747385978699,-0.07164262235164642,0.04146769642829895,-0.050739482045173645,0.08091440796852112
2217,8810,20109,Person,Person,False,30.0,low_degree,True,True,both_correct,0,0,20109,20109,0.2677249014377594,0.3001568913459778,0.1546383798122406,0.27747979760169983,0.19334404170513153,0.3405977785587311,0.1116696447134018,0.3543885052204132,-0.07438085973262787,0.040440887212753296,-0.042968735098838806,0.07690870761871338
2218,165,26392,Person,Person,False,75.0,high_degree,True,True,both_correct,0,0,26392,26392,0.2756733000278473,0.28233781456947327,0.1508391946554184,0.29114970564842224,0.19908547401428223,0.3203800320625305,0.10892592370510101,0.3716086149215698,-0.07658782601356506,0.03804221749305725,-0.04191327095031738,0.08045890927314758
2219,3370,24658,Person,Person,False,30.0,low_degree,True,True,both_correct,0,0,24658,24658,0.2816617488861084,0.2857273817062378,0.15344642102718353,0.2791644334793091,0.20447543263435364,0.32592537999153137,0.11139529198408127,0.35820382833480835,-0.07718631625175476,0.04019799828529358,-0.042051129043102264,0.07903939485549927
2220,7530,20307,Place,Place,False,35.0,mid_degree,True,True,both_correct,0,0,20307,20307,0.2796817123889923,0.25376027822494507,0.18885886669158936,0.27769914269447327,0.18344242870807648,0.2219122350215912,0.1857910305261612,0.4088543951511383,-0.09623928368091583,-0.03184804320335388,-0.0030678361654281616,0.13115525245666504
2221,13513,21999,Entity,Entity,False,4.0,low_degree,True,True,both_correct,0,0,21999,21999,0.3110934793949127,0.20790855586528778,0.16370908915996552,0.317288875579834,0.3110934793949127,0.20790858566761017,0.1637091040611267,0.317288875579834,0.0,2.9802322387695312e-08,1.4901161193847656e-08,0.0
2222,4959,17133,Place,Place,False,16.0,low_degree,True,True,both_correct,0,0,17133,17133,0.2934304475784302,0.23784638941287994,0.17835929989814758,0.2903638482093811,0.19190891087055206,0.20740073919296265,0.17496049404144287,0.4257298409938812,-0.10152153670787811,-0.030445650219917297,-0.003398805856704712,0.13536599278450012
2223,14426,23657,Place,Place,False,28.0,low_degree,True,True,both_correct,0,0,23657,23657,0.3108132481575012,0.21552333235740662,0.17131303250789642,0.30235040187835693,0.2027752697467804,0.1874701827764511,0.16763314604759216,0.4421214461326599,-0.10803797841072083,-0.028053149580955505,-0.0036798864603042603,0.13977104425430298
2224,1319,17804,Person,Person,False,192.0,high_degree,True,True,both_correct,0,0,17804,17804,0.27705880999565125,0.2927107512950897,0.146945521235466,0.2832849323749542,0.20002008974552155,0.332040935754776,0.10609341412782669,0.36184564232826233,-0.0770387202501297,0.03933018445968628,-0.04085210710763931,0.0785607099533081
2225,10370,23544,Person,Person,False,42.0,mid_degree,True,True,both_correct,0,0,23544,23544,0.27981990575790405,0.2891540229320526,0.15438881516456604,0.2766372263431549,0.20311208069324493,0.32979100942611694,0.1120658814907074,0.3550310432910919,-0.07670782506465912,0.04063698649406433,-0.04232293367385864,0.07839381694793701
2226,3195,18554,Person,Person,False,143.0,high_degree,True,True,both_correct,0,0,18554,18554,0.2798452377319336,0.28672656416893005,0.15031912922859192,0.28310900926589966,0.20256850123405457,0.3261170983314514,0.1088101714849472,0.3625042140483856,-0.07727673649787903,0.03939053416252136,-0.041508957743644714,0.07939520478248596
2227,11876,22330,Place,Place,False,14.0,low_degree,False,False,both_wrong,2,2,25191,25191,0.2893666923046112,0.22963260114192963,0.170380100607872,0.31062060594558716,0.18701374530792236,0.197870671749115,0.16515739262104034,0.4499581754207611,-0.10235294699668884,-0.031761929392814636,-0.005222707986831665,0.13933756947517395
2228,11798,21403,Place,Place,False,22.0,low_degree,True,True,both_correct,0,0,21403,21403,0.2960366904735565,0.23877295851707458,0.1678144335746765,0.2973759174346924,0.19314523041248322,0.20770487189292908,0.16421858966350555,0.43493130803108215,-0.1028914600610733,-0.031068086624145508,-0.0035958439111709595,0.13755539059638977
2229,1552,22723,Person,Person,False,28.0,low_degree,True,True,both_correct,0,0,22723,22723,0.27838262915611267,0.28093862533569336,0.16285932064056396,0.2778193950653076,0.20262794196605682,0.32130730152130127,0.1185351088643074,0.3575296103954315,-0.07575468719005585,0.04036867618560791,-0.04432421177625656,0.0797102153301239
2230,1784,21621,Creative Work,Creative Work,False,136.0,high_degree,True,True,both_correct,0,0,21621,21621,0.3199322819709778,0.1875457614660263,0.15850098431110382,0.33402103185653687,0.19032064080238342,0.18593648076057434,0.11002045124769211,0.5137224197387695,-0.12961164116859436,-0.0016092807054519653,-0.04848053306341171,0.17970138788223267
2231,10273,21868,Organization,Organization,False,29.0,low_degree,False,False,both_wrong,4,2,23127,23127,0.3045426309108734,0.22209109365940094,0.15674610435962677,0.3166201710700989,0.22637604176998138,0.18865139782428741,0.13315917551517487,0.45181339979171753,-0.07816658914089203,-0.033439695835113525,-0.023586928844451904,0.13519322872161865
2232,1021,20584,Person,Person,False,152.0,high_degree,True,True,both_correct,0,0,20584,20584,0.27691495418548584,0.29073312878608704,0.14906874299049377,0.28328317403793335,0.20004288852214813,0.33000674843788147,0.10768717527389526,0.3622632324695587,-0.07687206566333771,0.039273619651794434,-0.04138156771659851,0.07898005843162537
2233,3907,27322,Person,Person,False,75.0,high_degree,True,True,both_correct,0,0,27322,27322,0.2768756151199341,0.28809887170791626,0.15325580537319183,0.28176969289779663,0.20048567652702332,0.32778748869895935,0.11097068339586258,0.3607562184333801,-0.07638993859291077,0.03968861699104309,-0.042285121977329254,0.0789865255355835
2234,2850,22979,Person,Person,False,43.0,mid_degree,True,True,both_correct,0,0,22979,22979,0.2690807282924652,0.30882513523101807,0.15252110362052917,0.26957300305366516,0.19453373551368713,0.35081514716148376,0.11026237905025482,0.3443887531757355,-0.07454699277877808,0.0419900119304657,-0.04225872457027435,0.07481575012207031
2235,8371,26150,Organization,Organization,False,32.0,low_degree,True,True,both_correct,0,0,26150,26150,0.323635071516037,0.2035137414932251,0.15649892389774323,0.3163522183895111,0.24106083810329437,0.17322495579719543,0.13322147727012634,0.45249268412590027,-0.08257423341274261,-0.030288785696029663,-0.023277446627616882,0.13614046573638916
2236,7894,21380,Person,Person,False,56.0,mid_degree,True,True,both_correct,0,0,21380,21380,0.26787644624710083,0.29144924879074097,0.16420011222362518,0.2764742076396942,0.19425079226493835,0.3320799171924591,0.11906494945287704,0.3546043336391449,-0.07362565398216248,0.04063066840171814,-0.04513516277074814,0.07813012599945068
2237,2358,21701,Organization,Organization,False,104.0,high_degree,True,True,both_correct,0,0,21701,21701,0.09625513106584549,0.09625513106584549,0.7112345695495605,0.09625513106584549,0.07997111976146698,0.0913877859711647,0.6757375001907349,0.15290357172489166,-0.01628401130437851,-0.004867345094680786,-0.035497069358825684,0.05664844065904617
2238,7959,17940,Creative Work,Creative Work,False,108.0,high_degree,True,True,both_correct,0,0,17940,17940,0.32014521956443787,0.19513627886772156,0.1523146778345108,0.3324037790298462,0.19015061855316162,0.1931607723236084,0.10558340698480606,0.5111052393913269,-0.12999460101127625,-0.001975506544113159,-0.04673127084970474,0.1787014603614807
2239,12690,15036,Place,Place,False,40.0,mid_degree,True,True,both_correct,0,0,15036,15036,0.2592688500881195,0.23577411472797394,0.23301030695438385,0.2719466984272003,0.16907748579978943,0.20500057935714722,0.22791039943695068,0.3980115056037903,-0.09019136428833008,-0.03077353537082672,-0.0050999075174331665,0.12606480717658997
2240,9765,24562,Creative Work,Creative Work,False,102.0,high_degree,True,False,harmed,0,1,24562,26257,0.33249858021736145,0.18684786558151245,0.1483745127916336,0.3322790563106537,0.19827374815940857,0.18569117784500122,0.10324851423501968,0.5127865672111511,-0.13422483205795288,-0.0011566877365112305,-0.04512599855661392,0.18050751090049744
2241,2596,21696,Creative Work,Creative Work,False,105.0,high_degree,True,True,both_correct,0,0,21696,21696,0.3328172564506531,0.18556948006153107,0.1531917303800583,0.32842159271240234,0.19918718934059143,0.1850937455892563,0.10698457807302475,0.5087344646453857,-0.13363006711006165,-0.0004757344722747803,-0.04620715230703354,0.1803128719329834
2242,20,25476,Creative Work,Creative Work,False,100.0,high_degree,True,True,both_correct,0,0,25476,25476,0.32533949613571167,0.19008080661296844,0.15497946739196777,0.3296002149581909,0.19411210715770721,0.18900908529758453,0.10789968818426132,0.508979082107544,-0.13122738897800446,-0.0010717213153839111,-0.04707977920770645,0.17937886714935303
2243,9842,24472,Organization,Organization,False,44.0,mid_degree,False,False,both_wrong,1,2,26064,23575,0.2986287772655487,0.19728250801563263,0.15891002118587494,0.3451787233352661,0.21818678081035614,0.1647137552499771,0.13269032537937164,0.4844090938568115,-0.08044199645519257,-0.03256875276565552,-0.026219695806503296,0.1392303705215454
2244,9323,21790,Person,Person,False,80.0,high_degree,True,True,both_correct,0,0,21790,21790,0.2787446677684784,0.2939249277114868,0.14784209430217743,0.27948835492134094,0.2015610933303833,0.3339550793170929,0.10691279917955399,0.3575710952281952,-0.07718357443809509,0.04003015160560608,-0.040929295122623444,0.07808274030685425
2245,14586,27161,Person,Person,False,4.0,low_degree,True,True,both_correct,0,0,27161,27161,0.2608588635921478,0.29933008551597595,0.16084201633930206,0.27896904945373535,0.18831750750541687,0.3395376205444336,0.11611593514680862,0.3560289740562439,-0.07254135608673096,0.04020753502845764,-0.04472608119249344,0.07705992460250854
2246,2117,26262,Organization,Organization,False,202.0,high_degree,True,True,both_correct,0,0,26262,26262,0.3363339602947235,0.19903279840946198,0.1431020051240921,0.3215312361717224,0.250031441450119,0.16908322274684906,0.12158282846212387,0.45930248498916626,-0.08630251884460449,-0.029949575662612915,-0.02151917666196823,0.13777124881744385
2247,734,16846,Person,Person,False,65.0,mid_degree,True,True,both_correct,0,0,16846,16846,0.2549583911895752,0.2681332528591156,0.21134981513023376,0.26555854082107544,0.1877872347831726,0.3103119432926178,0.1556628793478012,0.34623798727989197,-0.06717115640640259,0.0421786904335022,-0.055686935782432556,0.08067944645881653
2248,6822,19148,Person,Person,False,69.0,mid_degree,True,True,both_correct,0,0,19148,19148,0.2842843234539032,0.2818342447280884,0.15399008989334106,0.27989140152931213,0.20655140280723572,0.32175102829933167,0.11187989264726639,0.3598177134990692,-0.07773292064666748,0.039916783571243286,-0.042110197246074677,0.07992631196975708
2249,210,16843,Person,Person,False,103.0,high_degree,True,True,both_correct,0,0,16843,16843,0.26493388414382935,0.27378571033477783,0.19041332602500916,0.2708670496940613,0.19414691627025604,0.3152507543563843,0.13954955339431763,0.35105276107788086,-0.0707869678735733,0.041465044021606445,-0.05086377263069153,0.08018571138381958
2250,5116,22299,Place,Place,False,6.0,low_degree,True,True,both_correct,0,0,22299,22299,0.28855910897254944,0.2475275993347168,0.17944630980491638,0.284466952085495,0.18920983374118805,0.21639955043792725,0.1764809638261795,0.4179096817970276,-0.09934927523136139,-0.03112804889678955,-0.0029653459787368774,0.1334427297115326
2251,13533,17799,Creative Work,Creative Work,False,22.0,low_degree,True,True,both_correct,0,0,17799,17799,0.2905837893486023,0.26089489459991455,0.15332569181919098,0.2951955795288086,0.17442472279071808,0.26099511981010437,0.10738147795200348,0.45719870924949646,-0.11615906655788422,0.00010022521018981934,-0.0459442138671875,0.16200312972068787
2252,481,27623,Creative Work,Creative Work,False,84.0,high_degree,False,False,both_wrong,2,1,24643,24643,0.3319266438484192,0.1906282603740692,0.1499556601047516,0.32748943567276,0.19858375191688538,0.19007200002670288,0.10468114912509918,0.5066631436347961,-0.1333428919315338,-0.000556260347366333,-0.045274510979652405,0.17917370796203613
2253,2676,20452,Person,Person,False,48.0,mid_degree,True,True,both_correct,0,0,20452,20452,0.2856723368167877,0.2838855981826782,0.1580428183078766,0.27239924669265747,0.2082993984222412,0.3252483904361725,0.11524540185928345,0.35120680928230286,-0.07737293839454651,0.04136279225349426,-0.04279741644859314,0.07880756258964539
2254,10681,22526,Organization,Organization,False,33.0,low_degree,True,True,both_correct,0,0,22526,22526,0.26949650049209595,0.22035767138004303,0.24443764984607697,0.26570817828178406,0.20556886494159698,0.19207844138145447,0.2130909264087677,0.38926175236701965,-0.06392763555049896,-0.028279229998588562,-0.031346723437309265,0.1235535740852356
2255,7024,23229,Creative Work,Creative Work,False,96.0,high_degree,True,True,both_correct,0,0,23229,23229,0.326289564371109,0.19220592081546783,0.1543714702129364,0.32713305950164795,0.19507534801959991,0.19151148200035095,0.10769127309322357,0.505721926689148,-0.1312142163515091,-0.0006944388151168823,-0.04668019711971283,0.1785888671875
2256,102,18647,Creative Work,Creative Work,False,75.0,high_degree,True,True,both_correct,0,0,18647,18647,0.26644137501716614,0.2491430640220642,0.21448099613189697,0.2699345350265503,0.1635654717683792,0.2548992335796356,0.15362608432769775,0.427909255027771,-0.10287590324878693,0.005756169557571411,-0.06085491180419922,0.1579747200012207
2257,12121,15018,Place,Place,False,26.0,low_degree,True,True,both_correct,0,0,15018,15018,0.2738490402698517,0.24944765865802765,0.19898046553134918,0.2777228355407715,0.1793556958436966,0.21782489120960236,0.19546493887901306,0.40735453367233276,-0.09449334442615509,-0.03162276744842529,-0.0035155266523361206,0.12963169813156128
2258,14272,19600,Place,Place,False,6.0,low_degree,True,True,both_correct,0,0,19600,19600,0.2878780663013458,0.23022979497909546,0.18765325844287872,0.2942388355731964,0.18743252754211426,0.1998576521873474,0.18325111269950867,0.4294586777687073,-0.10044553875923157,-0.030372142791748047,-0.004402145743370056,0.13521984219551086
2259,402,21410,Person,Person,False,120.0,high_degree,True,True,both_correct,0,0,21410,21410,0.27230116724967957,0.29664698243141174,0.1490703821182251,0.2819814085960388,0.1963757872581482,0.3361470699310303,0.10750827938318253,0.35996881127357483,-0.07592537999153137,0.03950008749961853,-0.04156210273504257,0.07798740267753601
2260,13225,23613,Organization,Organization,False,39.0,mid_degree,True,True,both_correct,0,0,23613,23613,0.30835437774658203,0.19759750366210938,0.1553623378276825,0.3386857509613037,0.2264053374528885,0.16579213738441467,0.1303688883781433,0.47743362188339233,-0.08194904029369354,-0.0318053662776947,-0.024993449449539185,0.13874787092208862
2261,4077,15372,Entity,Entity,False,672.0,high_degree,True,True,both_correct,0,0,15372,15372,0.2700697183609009,0.19485534727573395,0.14105257391929626,0.3940223157405853,0.2700697183609009,0.19485537707805634,0.14105258882045746,0.3940223455429077,0.0,2.9802322387695312e-08,1.4901161193847656e-08,2.9802322387695312e-08
2262,10097,16640,Entity,Entity,False,18.0,low_degree,True,True,both_correct,0,0,16640,16640,0.2956218421459198,0.21707965433597565,0.17031925916671753,0.3169792890548706,0.2956218421459198,0.21707963943481445,0.17031925916671753,0.3169792890548706,0.0,-1.4901161193847656e-08,0.0,0.0
2263,11764,23037,Person,Person,False,31.0,low_degree,True,True,both_correct,0,0,23037,23037,0.27304932475090027,0.27769145369529724,0.1735987514257431,0.2756603956222534,0.19929051399230957,0.3184642195701599,0.12670372426509857,0.35554155707359314,-0.0737588107585907,0.04077276587486267,-0.04689502716064453,0.07988116145133972
2264,2718,19554,Person,Person,False,50.0,mid_degree,True,True,both_correct,0,0,19554,19554,0.2429036945104599,0.2624269723892212,0.2504376173019409,0.2442316859960556,0.18163920938968658,0.3083448112010956,0.1872601956129074,0.32275575399398804,-0.061264485120773315,0.04591783881187439,-0.06317742168903351,0.07852406799793243
2265,8968,20845,Place,Place,False,35.0,mid_degree,True,True,both_correct,0,0,20845,20845,0.2752465605735779,0.2548077404499054,0.18991559743881226,0.2800300717353821,0.18010596930980682,0.22230078279972076,0.18638846278190613,0.4112047851085663,-0.09514059126377106,-0.03250695765018463,-0.003527134656906128,0.1311747133731842
2266,3093,16089,Person,Person,False,187.0,high_degree,True,True,both_correct,0,0,16089,16089,0.24290572106838226,0.26139163970947266,0.251371294260025,0.24433131515979767,0.1816522777080536,0.30714643001556396,0.18799856305122375,0.3232027292251587,-0.061253443360328674,0.04575479030609131,-0.06337273120880127,0.07887141406536102
2267,13428,18500,Place,Place,False,8.0,low_degree,True,True,both_correct,0,0,18500,18500,0.28073450922966003,0.2297673523426056,0.1959764063358307,0.2935217320919037,0.18244792520999908,0.19909264147281647,0.19102981686592102,0.42742958664894104,-0.09828658401966095,-0.030674710869789124,-0.004946589469909668,0.13390785455703735
2268,5465,15363,Entity,Entity,False,82.0,high_degree,True,True,both_correct,0,0,15363,15363,0.3013680577278137,0.20669911801815033,0.19020740687847137,0.3017253875732422,0.3013680577278137,0.20669911801815033,0.19020742177963257,0.3017253875732422,0.0,0.0,1.4901161193847656e-08,0.0
2269,9861,18962,Person,Person,False,66.0,mid_degree,True,True,both_correct,0,0,18962,18962,0.2811559736728668,0.29354265332221985,0.14881938695907593,0.2764820158481598,0.20369724929332733,0.33416450023651123,0.10781595855951309,0.35432225465774536,-0.07745872437953949,0.04062184691429138,-0.041003428399562836,0.07784023880958557
2270,11097,15134,Entity,Entity,False,104.0,high_degree,False,False,both_wrong,43,30,20484,20484,0.31574252247810364,0.20101068913936615,0.14797458052635193,0.33527225255966187,0.31574252247810364,0.20101068913936615,0.14797458052635193,0.33527225255966187,0.0,0.0,0.0,0.0
2271,4099,26454,Creative Work,Creative Work,False,85.0,high_degree,True,True,both_correct,0,0,26454,26454,0.3274516463279724,0.18968363106250763,0.15720367431640625,0.3256610333919525,0.19614560902118683,0.18936115503311157,0.10988164693117142,0.504611611366272,-0.13130603730678558,-0.00032247602939605713,-0.04732202738523483,0.17895057797431946
2272,14730,22177,Place,Place,False,12.0,low_degree,True,True,both_correct,0,0,22177,22177,0.2873312532901764,0.23782962560653687,0.177721306681633,0.29711782932281494,0.18694467842578888,0.206309512257576,0.17343005537986755,0.4333156943321228,-0.10038657486438751,-0.031520113348960876,-0.004291251301765442,0.13619786500930786
2273,7772,21374,Person,Person,False,23.0,low_degree,True,True,both_correct,0,0,21374,21374,0.27906855940818787,0.28772151470184326,0.15679888427257538,0.2764110267162323,0.20271392166614532,0.3283952474594116,0.1138906478881836,0.3550001382827759,-0.07635463774204254,0.04067373275756836,-0.042908236384391785,0.07858911156654358
2274,5497,18286,Organization,Organization,False,69.0,mid_degree,True,True,both_correct,0,0,18286,18286,0.3071545362472534,0.22724153101444244,0.15827545523643494,0.3073285222053528,0.22954438626766205,0.1940632164478302,0.1351807415485382,0.4412117004394531,-0.07761014997959137,-0.033178314566612244,-0.02309471368789673,0.13388317823410034
2275,5962,23382,Person,Person,False,38.0,mid_degree,True,True,both_correct,0,0,23382,23382,0.27231767773628235,0.2856401801109314,0.16379766166210175,0.2782444357872009,0.19774439930915833,0.32591137290000916,0.11894717812538147,0.3573969900608063,-0.07457327842712402,0.04027119278907776,-0.044850483536720276,0.07915255427360535
2276,6429,21376,Person,Person,False,83.0,high_degree,True,True,both_correct,0,0,21376,21376,0.2737978398799896,0.2917092740535736,0.15266864001750946,0.2818242311477661,0.19797010719776154,0.3314155042171478,0.1103888601064682,0.3602255880832672,-0.07582773268222809,0.03970623016357422,-0.04227977991104126,0.0784013569355011
2277,9758,25143,Organization,Organization,False,42.0,mid_degree,True,True,both_correct,0,0,25143,25143,0.3233130872249603,0.19992214441299438,0.1580015867948532,0.3187631368637085,0.24049195647239685,0.16993534564971924,0.1343165934085846,0.4552561044692993,-0.08282113075256348,-0.029986798763275146,-0.023684993386268616,0.13649296760559082
2278,7016,22309,Person,Person,False,88.0,high_degree,True,True,both_correct,0,0,22309,22309,0.2765347957611084,0.29562562704086304,0.14829431474208832,0.27954521775245667,0.19983306527137756,0.33566948771476746,0.10716715455055237,0.357330322265625,-0.07670173048973083,0.04004386067390442,-0.04112716019153595,0.07778510451316833
2279,12926,18758,Person,Person,False,27.0,low_degree,True,True,both_correct,0,0,18758,18758,0.271191269159317,0.28677594661712646,0.1543579250574112,0.28767484426498413,0.19586315751075745,0.3254416286945343,0.11147668212652206,0.3672185242176056,-0.07532811164855957,0.03866568207740784,-0.04288124293088913,0.07954367995262146
2280,4038,16770,Place,Place,False,97.0,high_degree,True,True,both_correct,0,0,16770,16770,0.26483145356178284,0.23081670701503754,0.24328981339931488,0.26106202602386475,0.17392681539058685,0.20210963487625122,0.23965057730674744,0.3843129277229309,-0.09090463817119598,-0.028707072138786316,-0.003639236092567444,0.12325090169906616
2281,2267,19338,Person,Person,False,58.0,mid_degree,True,True,both_correct,0,0,19338,19338,0.27553898096084595,0.2901918888092041,0.15485332906246185,0.2794157564640045,0.19956740736961365,0.33024999499320984,0.11215060204267502,0.3580320477485657,-0.0759715735912323,0.04005810618400574,-0.042702727019786835,0.07861629128456116
2282,14029,16830,Entity,Entity,False,8.0,low_degree,True,True,both_correct,0,0,16830,16830,0.33407312631607056,0.2022777795791626,0.15174312889575958,0.31190600991249084,0.33407312631607056,0.2022777646780014,0.15174312889575958,0.31190600991249084,0.0,-1.4901161193847656e-08,0.0,0.0
2283,164,27233,Person,Person,False,79.0,high_degree,True,True,both_correct,0,0,27233,27233,0.274619460105896,0.2975659966468811,0.1487974226474762,0.2790171504020691,0.1984187364578247,0.33782124519348145,0.10750267654657364,0.3562573194503784,-0.07620072364807129,0.04025524854660034,-0.04129474610090256,0.07724016904830933
2284,2854,26178,Creative Work,Creative Work,False,70.0,mid_degree,True,True,both_correct,0,0,26178,26178,0.31498777866363525,0.19699761271476746,0.15755201876163483,0.33046260476112366,0.18730957806110382,0.19523468613624573,0.10934647917747498,0.5081092119216919,-0.12767820060253143,-0.0017629265785217285,-0.04820553958415985,0.17764660716056824
2285,2379,15144,Place,Place,False,473.0,high_degree,True,True,both_correct,0,0,15144,15144,0.09653618186712265,0.09649490565061569,0.7104310393333435,0.09653791785240173,0.06409239023923874,0.0854182243347168,0.7075526714324951,0.14293669164180756,-0.03244379162788391,-0.011076681315898895,-0.0028783679008483887,0.04639877378940582
2286,6078,15549,Person,Person,False,58.0,mid_degree,True,True,both_correct,0,0,15549,15549,0.2469530552625656,0.25298160314559937,0.2550427317619324,0.24502258002758026,0.18534299731254578,0.29833516478538513,0.19140273332595825,0.32491910457611084,-0.061610057950019836,0.04535356163978577,-0.06363999843597412,0.07989652454853058
2287,12780,17715,Entity,Entity,False,6.0,low_degree,True,True,both_correct,0,0,17715,17715,0.29188889265060425,0.20949557423591614,0.19261592626571655,0.30599963665008545,0.29188889265060425,0.20949557423591614,0.19261591136455536,0.30599963665008545,0.0,0.0,-1.4901161193847656e-08,0.0
2288,10577,15909,Entity,Entity,False,8.0,low_degree,True,True,both_correct,0,0,15909,15909,0.29417210817337036,0.21184149384498596,0.19801002740859985,0.29597631096839905,0.29417210817337036,0.21184150874614716,0.19801004230976105,0.29597631096839905,0.0,1.4901161193847656e-08,1.4901161193847656e-08,0.0
2289,13594,16936,Organization,Organization,False,28.0,low_degree,True,True,both_correct,0,0,16936,16936,0.30575504899024963,0.22056326270103455,0.1709890216588974,0.3026926815509796,0.2291404902935028,0.18888922035694122,0.14644964039325714,0.4355207085609436,-0.07661455869674683,-0.03167404234409332,-0.02453938126564026,0.132828027009964
2290,7853,25027,Creative Work,Creative Work,False,88.0,high_degree,True,True,both_correct,0,0,25027,25027,0.3093244135379791,0.1912979930639267,0.14897111058235168,0.3504064381122589,0.18102671205997467,0.18658092617988586,0.10173368453979492,0.5306586623191833,-0.12829770147800446,-0.0047170668840408325,-0.04723742604255676,0.18025222420692444
2291,4724,15899,Place,Place,False,51.0,mid_degree,True,True,both_correct,0,0,15899,15899,0.28634336590766907,0.24422645568847656,0.1755608320236206,0.29386937618255615,0.1863958090543747,0.21196389198303223,0.1714058518409729,0.4302344024181366,-0.09994755685329437,-0.032262563705444336,-0.004154980182647705,0.13636502623558044
2292,10133,25459,Organization,Organization,False,30.0,low_degree,True,True,both_correct,0,0,25459,25459,0.3194968104362488,0.2039007842540741,0.15706463158130646,0.3195377290248871,0.23744706809520721,0.17316700518131256,0.13340440392494202,0.4559815227985382,-0.08204974234104156,-0.030733779072761536,-0.02366022765636444,0.13644379377365112
2293,10165,16435,Entity,Entity,False,67.0,mid_degree,False,False,both_wrong,2,1,16438,16438,0.30969104170799255,0.21675826609134674,0.16312430799007416,0.31042638421058655,0.30969101190567017,0.21675826609134674,0.16312432289123535,0.31042638421058655,-2.9802322387695312e-08,0.0,1.4901161193847656e-08,0.0
2294,6283,21522,Person,Person,False,90.0,high_degree,True,True,both_correct,0,0,21522,21522,0.2783545255661011,0.28581705689430237,0.154367133975029,0.28146129846572876,0.2017689198255539,0.3255338966846466,0.11190001666545868,0.36079713702201843,-0.07658560574054718,0.03971683979034424,-0.04246711730957031,0.07933583855628967
2295,6086,27609,Creative Work,Creative Work,False,52.0,mid_degree,True,True,both_correct,0,0,27609,27609,0.3036409318447113,0.19051629304885864,0.17960382997989655,0.3262389004230499,0.18142932653427124,0.1897183507680893,0.12521006166934967,0.5036422610282898,-0.12221160531044006,-0.0007979422807693481,-0.054393768310546875,0.17740336060523987
2296,10757,15939,Place,Place,False,66.0,mid_degree,True,True,both_correct,0,0,15939,15939,0.2645183801651001,0.21575218439102173,0.25244635343551636,0.26728302240371704,0.172818124294281,0.18793725967407227,0.24737702310085297,0.3918675482273102,-0.09170025587081909,-0.027814924716949463,-0.005069330334663391,0.12458452582359314
2297,4607,19731,Person,Person,False,40.0,mid_degree,False,False,both_wrong,39,6,21374,21374,0.27787551283836365,0.28717970848083496,0.15497846901416779,0.2799663841724396,0.20145398378372192,0.3271375596523285,0.1123490184545517,0.3590594530105591,-0.07642152905464172,0.03995785117149353,-0.04262945055961609,0.0790930688381195
2298,12936,21185,Place,Place,False,26.0,low_degree,True,True,both_correct,0,0,21185,21185,0.2786767780780792,0.25183477997779846,0.18385092914104462,0.2856374680995941,0.18207204341888428,0.21937227249145508,0.18016108870506287,0.41839462518692017,-0.09660473465919495,-0.032462507486343384,-0.0036898404359817505,0.13275715708732605
2299,582,19144,Person,Person,False,33.0,low_degree,True,True,both_correct,0,0,19144,19144,0.27058225870132446,0.3036271929740906,0.15177366137504578,0.2740168869495392,0.19553524255752563,0.3447619080543518,0.1096763089299202,0.35002657771110535,-0.07504701614379883,0.04113471508026123,-0.04209735244512558,0.07600969076156616
2300,10617,21191,Place,Place,False,16.0,low_degree,True,True,both_correct,0,0,21191,21191,0.2898750901222229,0.24460570514202118,0.17123590409755707,0.29428336024284363,0.18919233977794647,0.21285447478294373,0.16762615740299225,0.43032705783843994,-0.10068275034427643,-0.031751230359077454,-0.0036097466945648193,0.1360436975955963
2301,1934,20450,Place,Place,False,23.0,low_degree,True,True,both_correct,0,0,20450,20450,0.2791488468647003,0.2309451550245285,0.20604535937309265,0.2838606834411621,0.1821443736553192,0.20091499388217926,0.2016487568616867,0.4152919352054596,-0.0970044732093811,-0.030030161142349243,-0.004396602511405945,0.13143125176429749
2302,4583,25430,Organization,Organization,False,67.0,mid_degree,True,True,both_correct,0,0,25430,25430,0.2924553453922272,0.2010527402162552,0.15798532962799072,0.34850654006004333,0.21314342319965363,0.16744311153888702,0.13158927857875824,0.4878241717815399,-0.07931192219257355,-0.033609628677368164,-0.026396051049232483,0.13931763172149658
2303,5954,19031,Place,Place,False,55.0,mid_degree,True,True,both_correct,0,0,19031,19031,0.2589018940925598,0.23228365182876587,0.2504076361656189,0.2584068477153778,0.16986612975597382,0.20319536328315735,0.2464190274477005,0.38051947951316833,-0.089035764336586,-0.02908828854560852,-0.003988608717918396,0.12211263179779053
2304,6190,27457,Entity,Person,True,83.0,high_degree,False,False,both_wrong,8,2,27670,27670,0.3164571523666382,0.21460501849651337,0.1528514325618744,0.31608638167381287,0.3164571523666382,0.21460501849651337,0.1528514325618744,0.31608638167381287,0.0,0.0,0.0,0.0
2305,11439,23724,Organization,Organization,False,67.0,mid_degree,True,True,both_correct,0,0,23724,23724,0.31391212344169617,0.19752776622772217,0.1525477170944214,0.3360123932361603,0.23093430697917938,0.16605545580387115,0.12825599312782288,0.4747541546821594,-0.08297781646251678,-0.03147231042385101,-0.02429172396659851,0.13874176144599915
2306,8383,21671,Person,Person,False,31.0,low_degree,True,True,both_correct,0,0,21671,21671,0.27911654114723206,0.2827232778072357,0.16102996468544006,0.27713021636009216,0.20309557020664215,0.323242723941803,0.11716650426387787,0.3564952313899994,-0.0760209709405899,0.04051944613456726,-0.043863460421562195,0.07936501502990723
2307,5183,25300,Person,Person,False,112.0,high_degree,True,True,both_correct,0,0,25300,25300,0.273152232170105,0.2895154356956482,0.15353721380233765,0.2837950885295868,0.1974666267633438,0.32886186242103577,0.11099479347467422,0.3626766502857208,-0.07568560540676117,0.03934642672538757,-0.04254242032766342,0.07888156175613403
2308,14107,17453,Entity,Entity,False,10.0,low_degree,True,True,both_correct,0,0,17453,17453,0.28656983375549316,0.20703238248825073,0.19746333360671997,0.30893445014953613,0.28656983375549316,0.20703236758708954,0.19746333360671997,0.30893445014953613,0.0,-1.4901161193847656e-08,0.0,0.0
2309,163,19433,Entity,Entity,False,437.0,high_degree,True,True,both_correct,0,0,19433,19433,0.31687799096107483,0.19552677869796753,0.14286401867866516,0.3447311818599701,0.31687799096107483,0.19552677869796753,0.14286403357982635,0.3447312116622925,0.0,0.0,1.4901161193847656e-08,2.9802322387695312e-08
2310,280,16262,Person,Person,False,68.0,mid_degree,True,True,both_correct,0,0,16262,16262,0.24342264235019684,0.2576059401035309,0.25333842635154724,0.24563299119472504,0.18226051330566406,0.3030679225921631,0.18968093395233154,0.3249906003475189,-0.061162129044532776,0.0454619824886322,-0.0636574923992157,0.07935760915279388
2311,7153,27683,Creative Work,Creative Work,False,73.0,mid_degree,False,True,rescued,4,0,19665,27683,0.3269801735877991,0.19078342616558075,0.157271608710289,0.3249647915363312,0.19600342214107513,0.19059553742408752,0.11000503599643707,0.5033960342407227,-0.13097675144672394,-0.0001878887414932251,-0.04726657271385193,0.17843124270439148
2312,9593,26602,Person,Person,False,66.0,mid_degree,True,True,both_correct,0,0,26602,26602,0.27885475754737854,0.29490309953689575,0.15035992860794067,0.2758822739124298,0.20200073719024658,0.33566445112228394,0.10891290754079819,0.3534218966960907,-0.07685402035713196,0.040761351585388184,-0.04144702106714249,0.07753962278366089
2313,5612,18627,Person,Person,False,62.0,mid_degree,True,False,harmed,0,1,18627,21668,0.26979154348373413,0.30647310614585876,0.15016652643680573,0.2735687792301178,0.19477485120296478,0.347655713558197,0.10840772837400436,0.34916171431541443,-0.07501669228076935,0.04118260741233826,-0.04175879806280136,0.07559293508529663
2314,3023,26542,Creative Work,Creative Work,False,83.0,high_degree,True,True,both_correct,0,0,26542,26542,0.3301989734172821,0.19612854719161987,0.14496204257011414,0.3287104070186615,0.19687549769878387,0.19488799571990967,0.10086578130722046,0.50737065076828,-0.13332347571849823,-0.001240551471710205,-0.04409626126289368,0.17866024374961853
2315,4323,23696,Creative Work,Creative Work,False,65.0,mid_degree,True,True,both_correct,0,0,23696,23696,0.3165555000305176,0.18983019888401031,0.15998917818069458,0.33362510800361633,0.18821972608566284,0.18810884654521942,0.11100317537784576,0.512668251991272,-0.12833577394485474,-0.0017213523387908936,-0.048986002802848816,0.17904314398765564
2316,1127,24125,Person,Person,False,139.0,high_degree,True,True,both_correct,0,0,24125,24125,0.275644987821579,0.2983793020248413,0.14704540371894836,0.27893030643463135,0.19902925193309784,0.33852291107177734,0.10617662221193314,0.3562711477279663,-0.07661573588848114,0.040143609046936035,-0.04086878150701523,0.07734084129333496
2317,7065,16048,Entity,Entity,False,100.0,high_degree,True,True,both_correct,0,0,16048,16048,0.2859448492527008,0.21297316253185272,0.21463990211486816,0.2864421010017395,0.2859448492527008,0.21297316253185272,0.21463988721370697,0.2864421010017395,0.0,0.0,-1.4901161193847656e-08,0.0
2318,5686,25379,Person,Person,False,55.0,mid_degree,False,False,both_wrong,36,7,25848,22949,0.2735159695148468,0.28641778230667114,0.15072722733020782,0.2893390953540802,0.197358176112175,0.3247319459915161,0.10875622928142548,0.3691536784172058,-0.07615779340267181,0.03831416368484497,-0.04197099804878235,0.07981458306312561
2319,5951,15813,Place,Place,False,108.0,high_degree,True,True,both_correct,0,0,15813,15813,0.2632361650466919,0.2166396528482437,0.2497452050447464,0.2703790068626404,0.1715187281370163,0.18820197880268097,0.24421638250350952,0.3960629105567932,-0.0917174369096756,-0.028437674045562744,-0.0055288225412368774,0.12568390369415283
2320,12394,20451,Place,Place,False,21.0,low_degree,True,True,both_correct,0,0,20451,20451,0.28414440155029297,0.25335341691970825,0.17451855540275574,0.28798362612724304,0.18581819534301758,0.22090193629264832,0.17117686569690704,0.42210298776626587,-0.09832620620727539,-0.032451480627059937,-0.003341689705848694,0.13411936163902283
2321,14720,17818,Entity,Entity,False,4.0,low_degree,True,True,both_correct,0,0,17818,17818,0.30409711599349976,0.2101191282272339,0.16727182269096375,0.3185119330883026,0.30409708619117737,0.2101191282272339,0.16727183759212494,0.3185119330883026,-2.9802322387695312e-08,0.0,1.4901161193847656e-08,0.0
2322,3847,15448,Event,Event,False,49.0,mid_degree,True,True,both_correct,0,0,15448,15448,0.3132702708244324,0.22220101952552795,0.14780567586421967,0.3167230188846588,0.30987757444381714,0.21978157758712769,0.14626123011112213,0.32407957315444946,-0.0033926963806152344,-0.0024194419384002686,-0.0015444457530975342,0.007356554269790649
2323,4138,25442,Creative Work,Creative Work,False,75.0,high_degree,True,True,both_correct,0,0,25442,25442,0.3363625109195709,0.1888655722141266,0.15256057679653168,0.3222113847732544,0.2023075371980667,0.18931551277637482,0.10707288980484009,0.5013040900230408,-0.1340549737215042,0.00044994056224823,-0.04548768699169159,0.17909270524978638
2324,2503,23200,Person,Person,False,68.0,mid_degree,True,True,both_correct,0,0,23200,23200,0.24688491225242615,0.24948176741600037,0.25618138909339905,0.24745194613933563,0.1852259486913681,0.294102281332016,0.1921880692243576,0.3284836709499359,-0.061658963561058044,0.044620513916015625,-0.06399331986904144,0.08103172481060028
2325,12538,19681,Place,Place,False,21.0,low_degree,True,True,both_correct,0,0,19681,19681,0.26026707887649536,0.24179202318191528,0.21653501689434052,0.28140586614608765,0.16922985017299652,0.20961536467075348,0.2111743688583374,0.409980446100235,-0.09103722870349884,-0.032176658511161804,-0.005360648036003113,0.12857457995414734
2326,11739,17932,Person,Person,False,22.0,low_degree,True,True,both_correct,0,0,17932,17932,0.27005505561828613,0.2873633801937103,0.1685442477464676,0.27403730154037476,0.19646112620830536,0.3284794092178345,0.12260853499174118,0.3524509370326996,-0.07359392940998077,0.041116029024124146,-0.04593571275472641,0.07841363549232483
2327,14151,20835,Place,Place,False,18.0,low_degree,True,True,both_correct,0,0,20835,20835,0.29009929299354553,0.2529595196247101,0.16215264797210693,0.29478853940963745,0.18947376310825348,0.22028037905693054,0.1588481068611145,0.43139776587486267,-0.10062552988529205,-0.03267914056777954,-0.0033045411109924316,0.13660922646522522
2328,943,19489,Person,Person,False,241.0,high_degree,True,True,both_correct,0,0,19489,19489,0.2748807370662689,0.3005427420139313,0.14653562009334564,0.27804094552993774,0.19834932684898376,0.34075477719306946,0.10574379563331604,0.35515210032463074,-0.07653141021728516,0.040212035179138184,-0.0407918244600296,0.077111154794693
2329,7919,20711,Place,Place,False,46.0,mid_degree,True,True,both_correct,0,0,20711,20711,0.2661750018596649,0.234357550740242,0.23292139172554016,0.2665460705757141,0.17442625761032104,0.20476116240024567,0.228933647274971,0.39187896251678467,-0.09174874424934387,-0.029596388339996338,-0.003987744450569153,0.12533289194107056
2330,6,22950,Person,Person,False,117.0,high_degree,True,True,both_correct,0,0,22950,22950,0.2747616469860077,0.2941819727420807,0.1479414403438568,0.2831149697303772,0.19831448793411255,0.33363181352615356,0.10677853971719742,0.3612751364707947,-0.07644715905189514,0.039449840784072876,-0.04116290062665939,0.07816016674041748
2331,4933,17159,Place,Place,False,35.0,mid_degree,True,True,both_correct,0,0,17159,17159,0.26184335350990295,0.2268088161945343,0.2464572638273239,0.26489052176475525,0.1713949292898178,0.19794303178787231,0.24196508526802063,0.3886969983577728,-0.09044842422008514,-0.028865784406661987,-0.004492178559303284,0.12380647659301758
2332,475,26742,Person,Person,False,67.0,mid_degree,True,True,both_correct,0,0,26742,26742,0.27878060936927795,0.2887415885925293,0.15453246235847473,0.2779453694820404,0.20224647223949432,0.3291395604610443,0.11210891604423523,0.35650503635406494,-0.07653413712978363,0.040397971868515015,-0.0424235463142395,0.07855966687202454
2333,520,26336,Event,Event,False,296.0,high_degree,False,False,both_wrong,17,17,27510,27510,0.29231250286102295,0.21550986170768738,0.14453747868537903,0.34764012694358826,0.28865721821784973,0.21279847621917725,0.14283837378025055,0.35570594668388367,-0.0036552846431732178,-0.002711385488510132,-0.001699104905128479,0.00806581974029541
2334,11478,17147,Person,Person,False,45.0,mid_degree,False,False,both_wrong,7,1,15771,23987,0.2732098698616028,0.2892988324165344,0.15958349406719208,0.2779078185558319,0.19817045331001282,0.3297179043292999,0.11575038731098175,0.3563612997531891,-0.07503941655158997,0.0404190719127655,-0.04383310675621033,0.07845348119735718
2335,12090,19573,Person,Person,False,101.0,high_degree,True,True,both_correct,0,0,19573,19573,0.2766335606575012,0.29885855317115784,0.1485120803117752,0.27599579095840454,0.20006680488586426,0.33961644768714905,0.10740862786769867,0.35290810465812683,-0.07656675577163696,0.04075789451599121,-0.04110345244407654,0.07691231369972229
2336,13733,21406,Place,Place,False,13.0,low_degree,False,True,rescued,1,0,21687,21406,0.2920319736003876,0.2445303499698639,0.1705818623304367,0.292855829000473,0.19083842635154724,0.21305477619171143,0.16719456017017365,0.4289121925830841,-0.10119354724884033,-0.031475573778152466,-0.0033873021602630615,0.13605636358261108
2337,12532,18010,Place,Place,False,13.0,low_degree,True,True,both_correct,0,0,18010,18010,0.28680363297462463,0.2385925054550171,0.1835440993309021,0.29105982184410095,0.18711616098880768,0.2075425088405609,0.17960643768310547,0.4257349371910095,-0.09968747198581696,-0.031049996614456177,-0.003937661647796631,0.13467511534690857
2338,2481,18033,Person,Person,False,124.0,high_degree,True,True,both_correct,0,0,18033,18033,0.24501903355121613,0.2579376995563507,0.25214940309524536,0.244893878698349,0.18347075581550598,0.3034827411174774,0.18880099058151245,0.32424548268318176,-0.061548277735710144,0.04554504156112671,-0.06334841251373291,0.07935160398483276
2339,5307,19108,Person,Person,False,125.0,high_degree,True,True,both_correct,0,0,19108,19108,0.2736903429031372,0.29321426153182983,0.14912639558315277,0.2839689552783966,0.19751152396202087,0.3324834704399109,0.10761843621730804,0.362386554479599,-0.07617881894111633,0.039269208908081055,-0.04150795936584473,0.07841759920120239
2340,8049,16960,Place,Place,False,24.0,low_degree,True,True,both_correct,0,0,16960,16960,0.28365573287010193,0.2516638934612274,0.17335371673107147,0.2913266718387604,0.18514597415924072,0.21901211142539978,0.16971156001091003,0.4261302649974823,-0.0985097587108612,-0.03265178203582764,-0.003642156720161438,0.13480359315872192
2341,2250,22080,Entity,Entity,False,22.0,low_degree,True,True,both_correct,0,0,22080,22080,0.3135421574115753,0.20544791221618652,0.15712982416152954,0.323880136013031,0.3135421574115753,0.20544792711734772,0.15712980926036835,0.323880136013031,0.0,1.4901161193847656e-08,-1.4901161193847656e-08,0.0
2342,6173,27140,Creative Work,Creative Work,False,83.0,high_degree,True,True,both_correct,0,0,27140,27140,0.30923518538475037,0.21007247269153595,0.16136467456817627,0.3193276822566986,0.1848849058151245,0.20932090282440186,0.11257383227348328,0.4932202994823456,-0.12435027956962585,-0.0007515698671340942,-0.04879084229469299,0.17389261722564697
2343,14053,26430,Entity,Entity,False,12.0,low_degree,True,True,both_correct,0,0,26430,26430,0.3020966649055481,0.2056024819612503,0.17758838832378387,0.31471243500709534,0.3020966649055481,0.2056024968624115,0.17758838832378387,0.31471243500709534,0.0,1.4901161193847656e-08,0.0,0.0
2344,2447,26532,Person,Person,False,31.0,low_degree,True,True,both_correct,0,0,26532,26532,0.27493423223495483,0.2844769060611725,0.16093029081821442,0.27965858578681946,0.19962374866008759,0.3245511054992676,0.1168469563126564,0.35897818207740784,-0.07531048357486725,0.04007419943809509,-0.044083334505558014,0.07931959629058838
2345,11704,23040,Place,Place,False,55.0,mid_degree,False,False,both_wrong,1,1,17952,17952,0.29193440079689026,0.24427159130573273,0.18206320703029633,0.2817307710647583,0.1919393688440323,0.21412964165210724,0.17953789234161377,0.4143930673599243,-0.09999503195285797,-0.03014194965362549,-0.002525314688682556,0.13266229629516602
2346,14285,17029,Entity,Organization,True,12.0,low_degree,True,True,both_correct,0,0,17029,17029,0.27582865953445435,0.22304004430770874,0.2156154364347458,0.2855158746242523,0.27582865953445435,0.22304001450538635,0.21561545133590698,0.2855158746242523,0.0,-2.9802322387695312e-08,1.4901161193847656e-08,0.0
2347,326,20840,Place,Place,False,27.0,low_degree,True,True,both_correct,0,0,20840,20840,0.27722176909446716,0.24476730823516846,0.18928474187850952,0.28872621059417725,0.18057744204998016,0.21257516741752625,0.18492910265922546,0.42191827297210693,-0.096644327044487,-0.03219214081764221,-0.004355639219284058,0.1331920623779297
2348,1975,22597,Person,Person,False,130.0,high_degree,True,True,both_correct,0,0,22597,22597,0.2784842252731323,0.29124921560287476,0.14846597611904144,0.2818005681037903,0.2013293355703354,0.33084291219711304,0.10733792930841446,0.3604898750782013,-0.07715488970279694,0.03959369659423828,-0.041128046810626984,0.07868930697441101
2349,7163,27167,Creative Work,Creative Work,False,79.0,high_degree,True,True,both_correct,0,0,27167,27167,0.3240157961845398,0.1899193525314331,0.15239936113357544,0.33366549015045166,0.19272848963737488,0.18826831877231598,0.10577120631933212,0.5132319331169128,-0.13128730654716492,-0.0016510337591171265,-0.04662815481424332,0.17956644296646118
2350,8598,16173,Place,Place,False,46.0,mid_degree,True,True,both_correct,0,0,16173,16173,0.2561107575893402,0.23673376441001892,0.24541303515434265,0.2617424428462982,0.16773447394371033,0.20671819150447845,0.24107235670089722,0.3844749331474304,-0.08837628364562988,-0.030015572905540466,-0.004340678453445435,0.1227324903011322
2351,11906,24447,Person,Person,False,21.0,low_degree,True,True,both_correct,0,0,24447,24447,0.2803380489349365,0.281872034072876,0.15830352902412415,0.2794862985610962,0.2037963569164276,0.32197269797325134,0.11508000642061234,0.3591509461402893,-0.07654169201850891,0.040100663900375366,-0.04322352260351181,0.07966464757919312
2352,9703,20646,Place,Place,False,26.0,low_degree,True,True,both_correct,0,0,20646,20646,0.2912937104701996,0.24945084750652313,0.15942472219467163,0.29983070492744446,0.18971404433250427,0.21660862863063812,0.15573205053806305,0.43794527649879456,-0.10157966613769531,-0.03284221887588501,-0.0036926716566085815,0.1381145715713501
2353,7738,27297,Person,Person,False,93.0,high_degree,True,True,both_correct,0,0,27297,27297,0.2754999101161957,0.2925341725349426,0.15125079452991486,0.28071510791778564,0.19923080503940582,0.3324020206928253,0.1093788594007492,0.3589882552623749,-0.07626910507678986,0.03986784815788269,-0.04187193512916565,0.07827314734458923
2354,9543,25968,Creative Work,Creative Work,False,63.0,mid_degree,True,True,both_correct,0,0,25968,25968,0.31797853112220764,0.19241096079349518,0.15493665635585785,0.3346739113330841,0.18878234922885895,0.19038048386573792,0.10734362155199051,0.513493537902832,-0.1291961818933487,-0.002030476927757263,-0.04759303480386734,0.17881962656974792
2355,12333,15504,Place,Place,False,24.0,low_degree,False,False,both_wrong,11,1,16182,16182,0.2866818904876709,0.23313607275485992,0.1782218962907791,0.30196014046669006,0.18588756024837494,0.20154958963394165,0.17332594096660614,0.4392368495464325,-0.10079433023929596,-0.031586483120918274,-0.004895955324172974,0.13727670907974243
2356,8511,20263,Organization,Organization,False,19.0,low_degree,False,False,both_wrong,314,550,18196,18196,0.2926018536090851,0.22445586323738098,0.16713562607765198,0.31580668687820435,0.21733519434928894,0.19051547348499298,0.14187772572040558,0.4502715766429901,-0.07526665925979614,-0.033940389752388,-0.0252579003572464,0.13446488976478577
2357,12122,18733,Organization,Organization,False,16.0,low_degree,False,False,both_wrong,1,1,22215,22215,0.284181147813797,0.2115819752216339,0.20739327371120453,0.29684364795684814,0.2132575511932373,0.18144050240516663,0.17786744236946106,0.427434504032135,-0.07092359662055969,-0.030141472816467285,-0.02952583134174347,0.13059085607528687
2358,8818,22371,Place,Place,False,9.0,low_degree,True,True,both_correct,0,0,22371,22371,0.28156909346580505,0.24021907150745392,0.17873360216617584,0.2994782626628876,0.18269982933998108,0.20781829953193665,0.17394563555717468,0.43553626537323,-0.09886926412582397,-0.03240077197551727,-0.00478796660900116,0.1360580027103424
2359,493,22435,Creative Work,Creative Work,False,106.0,high_degree,False,False,both_wrong,1,1,19629,19629,0.2569016218185425,0.24487029016017914,0.2400389015674591,0.2581891715526581,0.15944330394268036,0.25328391790390015,0.1738291233778,0.41344356536865234,-0.09745831787586212,0.008413627743721008,-0.06620977818965912,0.15525439381599426
2360,13060,18458,Creative Work,Creative Work,False,14.0,low_degree,True,True,both_correct,0,0,18458,18458,0.30359193682670593,0.1906042844057083,0.1757553368806839,0.33004847168922424,0.18095763027668,0.1893434375524521,0.12221986800432205,0.5074790716171265,-0.12263430655002594,-0.0012608468532562256,-0.05353546887636185,0.17743059992790222
2361,10379,20992,Organization,Organization,False,33.0,low_degree,True,True,both_correct,0,0,20992,20992,0.26796114444732666,0.2237934172153473,0.24532543122768402,0.26291999220848083,0.2047555148601532,0.1954149305820465,0.21423907577991486,0.38559043407440186,-0.06320562958717346,-0.02837848663330078,-0.031086355447769165,0.12267044186592102
2362,14203,15244,Entity,Entity,False,21.0,low_degree,True,True,both_correct,0,0,15244,15244,0.2770577073097229,0.22333747148513794,0.21488703787326813,0.2847177982330322,0.2770577073097229,0.22333747148513794,0.21488703787326813,0.2847177982330322,0.0,0.0,0.0,0.0
2363,3835,15215,Person,Person,False,61.0,mid_degree,True,True,both_correct,0,0,15215,15215,0.27984797954559326,0.2851702570915222,0.15772688388824463,0.2772548496723175,0.20340929925441742,0.3256906569004059,0.11464130878448486,0.356258749961853,-0.07643868029117584,0.04052039980888367,-0.043085575103759766,0.07900390028953552
2364,4990,14966,Entity,Entity,False,194.0,high_degree,False,False,both_wrong,37,27,24864,17866,0.2673436403274536,0.2077273279428482,0.24852795898914337,0.2764010429382324,0.2673436403274536,0.207727313041687,0.24852795898914337,0.2764010429382324,0.0,-1.4901161193847656e-08,0.0,0.0
2365,13270,19011,Person,Person,False,26.0,low_degree,True,True,both_correct,0,0,19011,19011,0.2745833992958069,0.2995542883872986,0.15277661383152008,0.27308574318885803,0.1988651603460312,0.3408886790275574,0.11064668744802475,0.3495994508266449,-0.0757182389497757,0.04133439064025879,-0.04212992638349533,0.07651370763778687
2366,4781,26060,Creative Work,Creative Work,False,60.0,mid_degree,True,True,both_correct,0,0,26060,26060,0.32062190771102905,0.1893434375524521,0.15869086980819702,0.3313438296318054,0.19111478328704834,0.18809635937213898,0.11036732792854309,0.5104214549064636,-0.1295071244239807,-0.0012470781803131104,-0.04832354187965393,0.1790776252746582
2367,1185,25816,Creative Work,Creative Work,False,103.0,high_degree,True,True,both_correct,0,0,25816,25816,0.31478941440582275,0.1935107260942459,0.15326720476150513,0.3384326994419098,0.1860755831003189,0.19063571095466614,0.10572215914726257,0.5175665616989136,-0.12871383130550385,-0.002875015139579773,-0.047545045614242554,0.17913386225700378
2368,1469,25884,Creative Work,Creative Work,False,66.0,mid_degree,True,True,both_correct,0,0,25884,25884,0.3253471553325653,0.1948428452014923,0.15545280277729034,0.32435718178749084,0.1948366016149521,0.19446328282356262,0.10866352915763855,0.5020365715026855,-0.13051055371761322,-0.0003795623779296875,-0.046789273619651794,0.1776793897151947
2369,5862,20124,Creative Work,Creative Work,False,87.0,high_degree,False,False,both_wrong,2,1,24234,24234,0.32536405324935913,0.18910372257232666,0.151973158121109,0.3335590958595276,0.19358722865581512,0.18751497566699982,0.10550737380981445,0.5133904218673706,-0.131776824593544,-0.0015887469053268433,-0.046465784311294556,0.17983132600784302
2370,13731,23881,Place,Place,False,7.0,low_degree,False,False,both_wrong,1,2,16754,16754,0.28135690093040466,0.2425139993429184,0.1796122044324875,0.29651695489883423,0.1829053908586502,0.21019825339317322,0.17512965202331543,0.43176671862602234,-0.09845151007175446,-0.03231574594974518,-0.004482552409172058,0.1352497637271881
2371,4792,18906,Creative Work,Creative Work,False,87.0,high_degree,True,True,both_correct,0,0,18906,18906,0.3156585097312927,0.1956738978624344,0.1575433760881424,0.33112427592277527,0.18777258694171906,0.19398881494998932,0.10935122519731522,0.5088873505592346,-0.12788592278957367,-0.0016850829124450684,-0.04819215089082718,0.17776307463645935
2372,12445,15543,Place,Place,False,20.0,low_degree,False,False,both_wrong,2,28,23886,16754,0.29888516664505005,0.2597842812538147,0.14907905459403992,0.29225146770477295,0.19610317051410675,0.22725604474544525,0.14670681953430176,0.42993399500846863,-0.1027819961309433,-0.032528236508369446,-0.002372235059738159,0.13768252730369568
2373,9947,18494,Place,Place,False,44.0,mid_degree,True,True,both_correct,0,0,18494,18494,0.27881118655204773,0.25136664509773254,0.17927463352680206,0.2905474901199341,0.18154384195804596,0.2182227373123169,0.17508162558078766,0.4251517653465271,-0.09726734459400177,-0.03314390778541565,-0.004193007946014404,0.13460427522659302
2374,118,15888,Place,Place,False,674.0,high_degree,True,True,both_correct,0,0,15888,15888,0.260271817445755,0.22711238265037537,0.2495877742767334,0.2630280554294586,0.1699722856283188,0.19774653017520905,0.244602769613266,0.38767844438552856,-0.09029953181743622,-0.02936585247516632,-0.004985004663467407,0.12465038895606995
2375,12412,26134,Person,Person,False,51.0,mid_degree,True,True,both_correct,0,0,26134,26134,0.2585906684398651,0.27055755257606506,0.20780479907989502,0.2630470097064972,0.19058623909950256,0.31332123279571533,0.15316328406333923,0.34292924404144287,-0.06800442934036255,0.04276368021965027,-0.054641515016555786,0.07988223433494568
2376,3226,18344,Person,Person,False,96.0,high_degree,True,True,both_correct,0,0,18344,18344,0.27793893218040466,0.2921845018863678,0.15101663768291473,0.2788599729537964,0.20117101073265076,0.3322957456111908,0.10931120812892914,0.3572220504283905,-0.0767679214477539,0.040111243724823,-0.041705429553985596,0.07836207747459412
2377,6864,24161,Creative Work,Creative Work,False,71.0,mid_degree,True,True,both_correct,0,0,24161,24161,0.33460357785224915,0.18688498437404633,0.15370146930217743,0.3248099386692047,0.20097123086452484,0.1870712786912918,0.1077171191573143,0.5042403936386108,-0.1336323469877243,0.0001862943172454834,-0.04598435014486313,0.17943045496940613
2378,10176,24621,Creative Work,Creative Work,False,80.0,high_degree,True,True,both_correct,0,0,24621,24621,0.31794682145118713,0.1892414391040802,0.1580953747034073,0.3347163200378418,0.18891583383083344,0.18739557266235352,0.10961297899484634,0.5140755772590637,-0.1290309876203537,-0.0018458664417266846,-0.048482395708560944,0.17935925722122192
2379,2341,22421,Person,Person,False,91.0,high_degree,True,True,both_correct,0,0,22421,22421,0.27703091502189636,0.2921430468559265,0.14873728156089783,0.2820887565612793,0.2001979649066925,0.33172547817230225,0.10748614370822906,0.360590398311615,-0.07683295011520386,0.03958243131637573,-0.04125113785266876,0.0785016417503357
2380,3648,19882,Person,Person,False,21.0,low_degree,True,True,both_correct,0,0,19882,19882,0.26996105909347534,0.29206177592277527,0.16719216108322144,0.27078500390052795,0.1963433176279068,0.3337652087211609,0.12159264087677002,0.3482988178730011,-0.07361774146556854,0.04170343279838562,-0.045599520206451416,0.07751381397247314
2381,5159,25310,Person,Person,False,26.0,low_degree,True,True,both_correct,0,0,25310,25310,0.26768362522125244,0.28576961159706116,0.17019057273864746,0.27635622024536133,0.19456607103347778,0.3263719081878662,0.12370181828737259,0.3553601801395416,-0.07311755418777466,0.040602296590805054,-0.04648875445127487,0.0790039598941803
2382,13778,22254,Place,Place,False,5.0,low_degree,True,True,both_correct,0,0,22254,22254,0.2983270287513733,0.2614099979400635,0.1590193510055542,0.28124359250068665,0.19685311615467072,0.22998273372650146,0.15738129615783691,0.4157828986644745,-0.10147391259670258,-0.03142726421356201,-0.0016380548477172852,0.13453930616378784
2383,2783,23575,Organization,Organization,False,24.0,low_degree,False,False,both_wrong,127,473,25787,25430,0.31038275361061096,0.20634832978248596,0.15822918713092804,0.32503974437713623,0.22971542179584503,0.1745176613330841,0.13383540511131287,0.4619315564632416,-0.08066733181476593,-0.031830668449401855,-0.024393782019615173,0.13689181208610535
2384,3904,20683,Place,Place,False,19.0,low_degree,True,True,both_correct,0,0,20683,20683,0.28855806589126587,0.2522015869617462,0.1729249656200409,0.286315381526947,0.18907950818538666,0.22033436596393585,0.16995039582252502,0.4206357002258301,-0.09947855770587921,-0.031867220997810364,-0.002974569797515869,0.13432031869888306
2385,11795,26019,Person,Person,False,15.0,low_degree,True,True,both_correct,0,0,26019,26019,0.2709990441799164,0.28394562005996704,0.162174254655838,0.28288111090660095,0.19644999504089355,0.3234235346317291,0.11755936592817307,0.3625670373439789,-0.07454904913902283,0.039477914571762085,-0.04461488872766495,0.07968592643737793
2386,13782,16343,Entity,Entity,False,6.0,low_degree,True,True,both_correct,0,0,16343,16343,0.3214263617992401,0.20687368512153625,0.16182012856006622,0.3098798394203186,0.3214263617992401,0.20687368512153625,0.16182012856006622,0.3098798394203186,0.0,0.0,0.0,0.0
2387,10505,27644,Creative Work,Creative Work,False,110.0,high_degree,True,True,both_correct,0,0,27644,27644,0.32139161229133606,0.19150342047214508,0.15263889729976654,0.33446604013442993,0.19086717069149017,0.18954065442085266,0.10577454417943954,0.5138176679611206,-0.1305244415998459,-0.0019627660512924194,-0.046864353120326996,0.17935162782669067
2388,2896,16282,Person,Person,False,87.0,high_degree,True,True,both_correct,0,0,16282,16282,0.2723049223423004,0.2928083837032318,0.1564703732728958,0.2784162759780884,0.1971299797296524,0.3330672085285187,0.11327880620956421,0.3565240204334259,-0.07517494261264801,0.040258824825286865,-0.043191567063331604,0.07810774445533752
2389,4176,25771,Person,Person,False,28.0,low_degree,True,True,both_correct,0,0,25771,25771,0.2831205725669861,0.2854572832584381,0.15349623560905457,0.277925968170166,0.20570126175880432,0.3258812427520752,0.11152157187461853,0.35689598321914673,-0.07741931080818176,0.040423959493637085,-0.041974663734436035,0.07897001504898071
2390,11912,19594,Place,Place,False,8.0,low_degree,False,False,both_wrong,12,10,20543,25089,0.2909081280231476,0.2345193326473236,0.18097606301307678,0.2935965061187744,0.1897551566362381,0.20395757257938385,0.17705683410167694,0.4292304217815399,-0.10115297138690948,-0.03056176006793976,-0.003919228911399841,0.1356339156627655
2391,14223,19442,Entity,Organization,True,5.0,low_degree,False,False,both_wrong,16,100,16633,16633,0.30144989490509033,0.2207450270652771,0.17879241704940796,0.2990126609802246,0.30144989490509033,0.2207450419664383,0.17879243195056915,0.2990126609802246,0.0,1.4901161193847656e-08,1.4901161193847656e-08,0.0
2392,1384,25749,Creative Work,Creative Work,False,63.0,mid_degree,True,True,both_correct,0,0,25749,25749,0.31241756677627563,0.19207337498664856,0.1601646989583969,0.3353444039821625,0.1853175163269043,0.18987904489040375,0.11085604131221771,0.5139474272727966,-0.12710005044937134,-0.002194330096244812,-0.0493086576461792,0.17860302329063416
2393,13613,20386,Place,Place,False,20.0,low_degree,True,True,both_correct,0,0,20386,20386,0.28107425570487976,0.2641572952270508,0.1624646633863449,0.29230380058288574,0.183490589261055,0.22992081940174103,0.15907645225524902,0.42751216888427734,-0.09758366644382477,-0.03423647582530975,-0.0033882111310958862,0.1352083683013916
2394,13870,21646,Place,Place,False,8.0,low_degree,True,True,both_correct,0,0,21646,21646,0.28208351135253906,0.23431947827339172,0.19069039821624756,0.29290658235549927,0.18357491493225098,0.20331420004367828,0.1861313283443451,0.42697957158088684,-0.09850859642028809,-0.03100527822971344,-0.004559069871902466,0.13407298922538757
2395,3774,16165,Entity,Creative Work,True,40.0,mid_degree,False,False,both_wrong,9,4,15574,15574,0.3085710108280182,0.20976956188678741,0.1534411460161209,0.3282182812690735,0.3085710108280182,0.20976956188678741,0.1534411460161209,0.3282182812690735,0.0,0.0,0.0,0.0
2396,63,24368,Person,Person,False,136.0,high_degree,True,True,both_correct,0,0,24368,24368,0.27553901076316833,0.290166974067688,0.149640291929245,0.28465375304222107,0.19902817904949188,0.329330712556839,0.10809240490198135,0.36354875564575195,-0.07651083171367645,0.039163738489151,-0.04154788702726364,0.07889500260353088
2397,11314,23578,Entity,Entity,False,34.0,mid_degree,False,False,both_wrong,11,12,15910,15910,0.31415224075317383,0.212570920586586,0.15671494603157043,0.3165619373321533,0.31415221095085144,0.2125709056854248,0.15671493113040924,0.31656190752983093,-2.9802322387695312e-08,-1.4901161193847656e-08,-1.4901161193847656e-08,-2.9802322387695312e-08
2398,11269,16182,Place,Place,False,15.0,low_degree,True,True,both_correct,0,0,16182,16182,0.2984254062175751,0.2277933955192566,0.17989423871040344,0.2938869595527649,0.19491088390350342,0.19836468994617462,0.17622637748718262,0.43049806356430054,-0.10351452231407166,-0.02942870557308197,-0.003667861223220825,0.13661110401153564
2399,3800,18408,Person,Person,False,53.0,mid_degree,True,True,both_correct,0,0,18408,18408,0.24484442174434662,0.2622028589248657,0.2416895031929016,0.25126320123672485,0.18234649300575256,0.30682921409606934,0.17999938130378723,0.33082494139671326,-0.062497928738594055,0.04462635517120361,-0.06169012188911438,0.0795617401599884
2400,14036,18895,Entity,Entity,False,2.0,low_degree,False,False,both_wrong,237,155,19098,20593,0.29933756589889526,0.20930923521518707,0.18719203770160675,0.3041611313819885,0.29933759570121765,0.20930923521518707,0.18719203770160675,0.3041611313819885,2.9802322387695312e-08,0.0,0.0,0.0
2401,13271,25496,Organization,Organization,False,26.0,low_degree,True,True,both_correct,0,0,25496,25496,0.3255758285522461,0.20210663974285126,0.15000824630260468,0.322309285402298,0.2415749728679657,0.17136651277542114,0.1272064745426178,0.4598519802093506,-0.0840008556842804,-0.030740126967430115,-0.022801771759986877,0.1375426948070526
2402,4708,18096,Person,Person,False,48.0,mid_degree,True,True,both_correct,0,0,18096,18096,0.27870064973831177,0.2888420820236206,0.1555285006761551,0.27692875266075134,0.20230501890182495,0.3294444978237152,0.11289740353822708,0.35535305738449097,-0.07639563083648682,0.040602415800094604,-0.04263109713792801,0.07842430472373962
2403,3543,26495,Person,Person,False,57.0,mid_degree,True,True,both_correct,0,0,26495,26495,0.2850547730922699,0.2769487500190735,0.1592538207769394,0.27874264121055603,0.2077438086271286,0.3171407878398895,0.11605797708034515,0.35905739665031433,-0.0773109644651413,0.04019203782081604,-0.04319584369659424,0.0803147554397583
2404,13876,25623,Entity,Organization,True,4.0,low_degree,False,False,both_wrong,65,196,16800,26865,0.29242751002311707,0.21058744192123413,0.19339796900749207,0.30358704924583435,0.29242753982543945,0.21058744192123413,0.19339798390865326,0.30358704924583435,2.9802322387695312e-08,0.0,1.4901161193847656e-08,0.0
2405,9470,23144,Organization,Organization,False,108.0,high_degree,True,True,both_correct,0,0,23144,23144,0.30589064955711365,0.2318773716688156,0.15669937431812286,0.30553263425827026,0.22884105145931244,0.19823138415813446,0.13397639989852905,0.43895116448402405,-0.07704959809780121,-0.03364598751068115,-0.02272297441959381,0.13341853022575378
2406,10241,20852,Person,Person,False,86.0,high_degree,True,True,both_correct,0,0,20852,20852,0.2784844636917114,0.291005939245224,0.14682549238204956,0.2836841344833374,0.20114842057228088,0.3302695155143738,0.10605274885892868,0.36252927780151367,-0.07733604311943054,0.03926357626914978,-0.04077274352312088,0.07884514331817627
2407,9027,19101,Person,Person,False,54.0,mid_degree,True,True,both_correct,0,0,19101,19101,0.2756955027580261,0.28587058186531067,0.16239945590496063,0.2760344445705414,0.20044344663619995,0.32657501101493835,0.11806962639093399,0.3549119234085083,-0.07525205612182617,0.040704429149627686,-0.04432982951402664,0.07887747883796692
2408,9741,25423,Organization,Organization,False,25.0,low_degree,False,False,both_wrong,3,2,23575,26004,0.31611305475234985,0.20712518692016602,0.15896029770374298,0.31780141592025757,0.23509034514427185,0.1760237067937851,0.13510549068450928,0.45378050208091736,-0.081022709608078,-0.03110148012638092,-0.023854807019233704,0.1359790861606598
2409,2210,21770,Person,Person,False,106.0,high_degree,True,True,both_correct,0,0,21770,21770,0.2476598471403122,0.2532389461994171,0.2506072223186493,0.2484940141439438,0.185280442237854,0.29768383502960205,0.18748022615909576,0.329555481672287,-0.06237940490245819,0.044444888830184937,-0.06312699615955353,0.0810614675283432
2410,13392,23058,Person,Person,False,38.0,mid_degree,True,True,both_correct,0,0,23058,23058,0.27211886644363403,0.30259087681770325,0.15154217183589935,0.2737480700016022,0.1967574954032898,0.3437800407409668,0.10956669598817825,0.3498956859111786,-0.07536137104034424,0.04118916392326355,-0.0419754758477211,0.07614761590957642
2411,4946,15120,Organization,Organization,False,359.0,high_degree,True,True,both_correct,0,0,15120,15120,0.2595880329608917,0.22233450412750244,0.2565246820449829,0.26155275106430054,0.1983586549758911,0.19414442777633667,0.22406689822673798,0.38343000411987305,-0.06122937798500061,-0.02819007635116577,-0.032457783818244934,0.12187725305557251
2412,8164,16924,Place,Place,False,35.0,mid_degree,True,True,both_correct,0,0,16924,16924,0.2963010370731354,0.24648185074329376,0.16885194182395935,0.2883651852607727,0.19429229199886322,0.21549147367477417,0.16606658697128296,0.42414966225624084,-0.10200874507427216,-0.030990377068519592,-0.0027853548526763916,0.13578447699546814
2413,6975,19169,Place,Place,False,17.0,low_degree,True,False,harmed,0,1,19169,27662,0.3050771951675415,0.23290732502937317,0.15393681824207306,0.3080786466598511,0.19842414557933807,0.20197148621082306,0.15016911923885345,0.449435293674469,-0.10665304958820343,-0.03093583881855011,-0.0037676990032196045,0.14135664701461792
2414,13927,16722,Entity,Entity,False,16.0,low_degree,False,False,both_wrong,2,2,16721,16721,0.31184256076812744,0.20545542240142822,0.1527000367641449,0.3300020098686218,0.31184256076812744,0.20545542240142822,0.1527000367641449,0.3300020098686218,0.0,0.0,0.0,0.0
2415,14221,17387,Organization,Organization,False,34.0,mid_degree,True,True,both_correct,0,0,17387,17387,0.2991347014904022,0.23733776807785034,0.1601075530052185,0.3034200072288513,0.22387845814228058,0.20298227667808533,0.1369461566209793,0.4361930787563324,-0.07525624334812164,-0.034355491399765015,-0.023161396384239197,0.13277307152748108
2416,5993,25598,Person,Person,False,99.0,high_degree,False,True,rescued,1,0,26523,25598,0.27940455079078674,0.29040494561195374,0.1473250836133957,0.28286540508270264,0.2020694762468338,0.33000725507736206,0.10654095560312271,0.36138227581977844,-0.07733507454395294,0.039602309465408325,-0.04078412801027298,0.0785168707370758
2417,3124,26847,Creative Work,Creative Work,False,65.0,mid_degree,True,True,both_correct,0,0,26847,26847,0.334060400724411,0.18618479371070862,0.15626035630702972,0.32349449396133423,0.20090201497077942,0.1866091936826706,0.1096569299697876,0.5028318762779236,-0.1331583857536316,0.0004243999719619751,-0.046603426337242126,0.17933738231658936
2418,7412,22253,Place,Place,False,7.0,low_degree,True,True,both_correct,0,0,22253,22253,0.28377896547317505,0.2279057651758194,0.1890638768672943,0.29925140738487244,0.1840904802083969,0.19711971282958984,0.18395645916461945,0.4348333179950714,-0.09968848526477814,-0.030786052346229553,-0.005107417702674866,0.13558191061019897
2419,7973,25936,Organization,Organization,False,32.0,low_degree,True,True,both_correct,0,0,25936,25936,0.3207400441169739,0.2096778303384781,0.15506576001644135,0.3145163357257843,0.23907898366451263,0.1786019504070282,0.13209792971611023,0.45022115111351013,-0.08166106045246124,-0.03107587993144989,-0.022967830300331116,0.13570481538772583
2420,3803,27376,Creative Work,Creative Work,False,100.0,high_degree,True,True,both_correct,0,0,27376,27376,0.31626346707344055,0.18985621631145477,0.16080744564533234,0.33307287096977234,0.18810094892978668,0.1881900429725647,0.11160305887460709,0.5121059417724609,-0.12816251814365387,-0.0016661733388900757,-0.04920438677072525,0.1790330708026886
2421,13394,22227,Place,Place,False,11.0,low_degree,True,True,both_correct,0,0,22227,22227,0.2800554037094116,0.24461506307125092,0.18794608116149902,0.287383496761322,0.1827649027109146,0.2128409445285797,0.18396542966365814,0.42042866349220276,-0.09729050099849701,-0.031774118542671204,-0.003980651497840881,0.13304516673088074
2422,12059,17263,Entity,Creative Work,True,28.0,low_degree,True,True,both_correct,0,0,17263,17263,0.26274392008781433,0.21582777798175812,0.256754606962204,0.26467365026474,0.26274392008781433,0.21582776308059692,0.256754606962204,0.26467365026474,0.0,-1.4901161193847656e-08,0.0,0.0
2423,11107,23170,Organization,Organization,False,14.0,low_degree,True,True,both_correct,0,0,23170,23170,0.29870593547821045,0.22132913768291473,0.16420669853687286,0.31575828790664673,0.221980482339859,0.18795576691627502,0.13946138322353363,0.4506024122238159,-0.07672545313835144,-0.03337337076663971,-0.024745315313339233,0.1348441243171692
2424,10841,22616,Place,Place,False,12.0,low_degree,False,False,both_wrong,4,3,22294,25191,0.3030182123184204,0.22210514545440674,0.17180097103118896,0.3030757009983063,0.19724935293197632,0.1927650421857834,0.16773606836795807,0.44224950671195984,-0.10576885938644409,-0.029340103268623352,-0.004064902663230896,0.13917380571365356
2425,12152,25809,Creative Work,Creative Work,False,33.0,low_degree,False,False,both_wrong,6,67,26535,26535,0.22597265243530273,0.2016025334596634,0.3407895267009735,0.23163525760173798,0.14524970948696136,0.21596720814704895,0.2555558979511261,0.3832271695137024,-0.08072294294834137,0.014364674687385559,-0.08523362874984741,0.15159191191196442
2426,7421,27350,Creative Work,Creative Work,False,94.0,high_degree,True,False,harmed,0,1,27350,27424,0.31030768156051636,0.19244951009750366,0.15127694606781006,0.3459658622741699,0.1822870671749115,0.18841218948364258,0.10370554029941559,0.5255952477455139,-0.12802061438560486,-0.004037320613861084,-0.04757140576839447,0.179629385471344
2427,2386,27662,Creative Work,Creative Work,False,126.0,high_degree,False,False,both_wrong,117,31,27192,27192,0.3236636817455292,0.18981727957725525,0.15187601745128632,0.3346429765224457,0.19236592948436737,0.18801797926425934,0.10533349215984344,0.5142825841903687,-0.1312977522611618,-0.0017993003129959106,-0.04654252529144287,0.17963960766792297
2428,11417,15133,Place,Place,False,80.0,high_degree,True,True,both_correct,0,0,15133,15133,0.2646050751209259,0.2214590162038803,0.2504488229751587,0.2634870707988739,0.17350026965141296,0.193605437874794,0.2463059276342392,0.3865883946418762,-0.09110480546951294,-0.027853578329086304,-0.004142895340919495,0.12310132384300232
2429,4302,18825,Creative Work,Creative Work,False,127.0,high_degree,True,True,both_correct,0,0,18825,18825,0.3414451479911804,0.18727703392505646,0.15308907628059387,0.31818875670433044,0.20623689889907837,0.18852093815803528,0.10790866613388062,0.4973335266113281,-0.13520824909210205,0.0012439042329788208,-0.04518041014671326,0.17914476990699768
2430,12314,17161,Entity,Entity,False,28.0,low_degree,True,True,both_correct,0,0,17161,17161,0.29896605014801025,0.2198861539363861,0.18081745505332947,0.30033037066459656,0.29896605014801025,0.2198861539363861,0.18081745505332947,0.30033037066459656,0.0,0.0,0.0,0.0
2431,5733,15537,Place,Place,False,237.0,high_degree,True,True,both_correct,0,0,15537,15537,0.28999456763267517,0.25112488865852356,0.15670715272426605,0.3021734058856964,0.18842820823192596,0.2175532728433609,0.1527196168899536,0.4412989318370819,-0.1015663594007492,-0.03357161581516266,-0.003987535834312439,0.1391255259513855
2432,9966,20368,Entity,Organization,True,16.0,low_degree,True,True,both_correct,0,0,20368,20368,0.2718484699726105,0.22258871793746948,0.22665853798389435,0.2789042890071869,0.2718484401702881,0.22258871793746948,0.22665853798389435,0.2789042890071869,-2.9802322387695312e-08,0.0,0.0,0.0
2433,4436,26059,Person,Person,False,142.0,high_degree,True,True,both_correct,0,0,26059,26059,0.27489179372787476,0.2995244562625885,0.15011674165725708,0.2754669487476349,0.1988103985786438,0.34037867188453674,0.1085706278681755,0.35224032402038574,-0.07608139514923096,0.04085421562194824,-0.041546113789081573,0.07677337527275085
2434,11887,27104,Place,Place,False,16.0,low_degree,True,True,both_correct,0,0,27104,27104,0.27407127618789673,0.23642651736736298,0.21745285391807556,0.27204930782318115,0.17979289591312408,0.20679043233394623,0.2139585167169571,0.3994581699371338,-0.09427838027477264,-0.029636085033416748,-0.0034943372011184692,0.12740886211395264
2435,9779,19755,Place,Place,False,24.0,low_degree,True,True,both_correct,0,0,19755,19755,0.2885972857475281,0.2498416304588318,0.17883671820163727,0.28272441029548645,0.18939343094825745,0.21860523521900177,0.17602843046188354,0.41597282886505127,-0.09920385479927063,-0.031236395239830017,-0.002808287739753723,0.13324841856956482
2436,12248,20085,Place,Place,False,7.0,low_degree,False,False,both_wrong,10,3,15504,15504,0.27911925315856934,0.24211396276950836,0.1803562045097351,0.2984105944633484,0.1811479926109314,0.20950160920619965,0.17556168138980865,0.4337887763977051,-0.09797126054763794,-0.032612353563308716,-0.004794523119926453,0.1353781819343567
2437,2177,24811,Person,Person,False,84.0,high_degree,True,True,both_correct,0,0,24811,24811,0.27291640639305115,0.2950551509857178,0.15310101211071014,0.27892741560935974,0.19735926389694214,0.3352612555027008,0.11071319878101349,0.35666632652282715,-0.07555714249610901,0.04020610451698303,-0.042387813329696655,0.07773891091346741
2438,11170,26360,Creative Work,Creative Work,False,81.0,high_degree,False,True,rescued,3,0,26060,26360,0.3238680362701416,0.18833531439304352,0.15605485439300537,0.3317418098449707,0.19297106564044952,0.18701833486557007,0.10849275439977646,0.5115178227424622,-0.13089697062969208,-0.0013169795274734497,-0.04756209999322891,0.17977601289749146
2439,11699,16705,Entity,Entity,False,14.0,low_degree,True,True,both_correct,0,0,16705,16705,0.31535062193870544,0.20595328509807587,0.1573721319437027,0.3213239908218384,0.31535062193870544,0.20595328509807587,0.1573721170425415,0.321323961019516,0.0,0.0,-1.4901161193847656e-08,-2.9802322387695312e-08
2440,13752,18321,Place,Place,False,8.0,low_degree,False,True,rescued,1,0,18323,18321,0.2953885495662689,0.23366013169288635,0.17018654942512512,0.30076470971107483,0.19235052168369293,0.2028656005859375,0.1662188321352005,0.4385649859905243,-0.10303802788257599,-0.030794531106948853,-0.003967717289924622,0.13780027627944946
2441,13088,19053,Place,Place,False,28.0,low_degree,True,True,both_correct,0,0,19053,19053,0.2861698567867279,0.2500591278076172,0.17017009854316711,0.2936009466648102,0.1866379678249359,0.21744081377983093,0.1664608269929886,0.42946040630340576,-0.09953188896179199,-0.032618314027786255,-0.003709271550178528,0.13585945963859558
2442,871,26865,Entity,Entity,False,71.0,mid_degree,True,True,both_correct,0,0,26865,26865,0.3061254918575287,0.22091500461101532,0.1600818932056427,0.3128776252269745,0.3061254918575287,0.22091500461101532,0.1600818932056427,0.3128776252269745,0.0,0.0,0.0,0.0
2443,2911,20653,Place,Place,False,21.0,low_degree,True,True,both_correct,0,0,20653,20653,0.29235774278640747,0.2514618933200836,0.16918085515499115,0.28699949383735657,0.19175368547439575,0.21989946067333221,0.16643105447292328,0.42191582918167114,-0.10060405731201172,-0.031562432646751404,-0.002749800682067871,0.13491633534431458
2444,10088,26330,Person,Person,False,24.0,low_degree,True,True,both_correct,0,0,26330,26330,0.27573683857917786,0.29120683670043945,0.1540643572807312,0.2789919674396515,0.19975917041301727,0.33148714900016785,0.11160890012979507,0.3571447730064392,-0.07597766816616058,0.040280312299728394,-0.04245545715093613,0.07815280556678772
2445,12591,22575,Person,Person,False,41.0,mid_degree,True,True,both_correct,0,0,22575,22575,0.27957436442375183,0.281998872756958,0.15833063423633575,0.2800962030887604,0.2031155526638031,0.32191744446754456,0.11502352356910706,0.35994353890419006,-0.07645881175994873,0.03991857171058655,-0.0433071106672287,0.07984733581542969
2446,11585,23299,Organization,Organization,False,45.0,mid_degree,False,False,both_wrong,11,2,24081,24081,0.3142477869987488,0.2143954634666443,0.16212716698646545,0.30922964215278625,0.23480618000030518,0.18306204676628113,0.13844750821590424,0.4436842203140259,-0.0794416069984436,-0.03133341670036316,-0.023679658770561218,0.13445457816123962
2447,12931,16220,Entity,Entity,False,16.0,low_degree,True,True,both_correct,0,0,16220,16220,0.31900617480278015,0.2033034861087799,0.1522819846868515,0.32540833950042725,0.31900617480278015,0.2033034861087799,0.1522819846868515,0.32540833950042725,0.0,0.0,0.0,0.0
2448,11702,27539,Creative Work,Creative Work,False,80.0,high_degree,True,True,both_correct,0,0,27539,27539,0.32673847675323486,0.187399223446846,0.15657205879688263,0.3292902708053589,0.19527029991149902,0.18665218353271484,0.10918485373258591,0.5088926553726196,-0.13146817684173584,-0.0007470399141311646,-0.04738720506429672,0.17960238456726074
2449,11410,17073,Place,Place,False,23.0,low_degree,True,True,both_correct,0,0,17073,17073,0.2842196226119995,0.25792160630226135,0.15991750359535217,0.29794129729270935,0.18504351377487183,0.22388775646686554,0.1561601310968399,0.4349086284637451,-0.09917610883712769,-0.03403384983539581,-0.003757372498512268,0.13696733117103577
2450,1132,27229,Person,Person,False,76.0,high_degree,True,True,both_correct,0,0,27229,27229,0.27735069394111633,0.290620893239975,0.1535705178976059,0.2784578800201416,0.20099897682666779,0.3309357464313507,0.11129289120435715,0.35677245259284973,-0.07635171711444855,0.04031485319137573,-0.04227762669324875,0.07831457257270813
2451,13375,25343,Person,Person,False,25.0,low_degree,True,True,both_correct,0,0,25343,25343,0.2683604061603546,0.2960335910320282,0.16047824919223785,0.2751277685165405,0.19440028071403503,0.3369549810886383,0.11624819040298462,0.3523966073989868,-0.07396012544631958,0.04092139005661011,-0.044230058789253235,0.07726883888244629
2452,11266,25174,Person,Person,False,50.0,mid_degree,True,True,both_correct,0,0,25174,25174,0.2805686295032501,0.2848086655139923,0.15314345061779022,0.28147926926612854,0.20345216989517212,0.32451021671295166,0.1110498383641243,0.3609878122806549,-0.077116459608078,0.03970155119895935,-0.042093612253665924,0.07950854301452637
2453,2796,22307,Person,Person,False,125.0,high_degree,True,True,both_correct,0,0,22307,22307,0.28582465648651123,0.2853471636772156,0.1478552222251892,0.280972957611084,0.20725548267364502,0.32511094212532043,0.10721583664417267,0.36041778326034546,-0.07856917381286621,0.03976377844810486,-0.04063938558101654,0.07944482564926147
2454,12288,16061,Place,Place,False,29.0,low_degree,True,True,both_correct,0,0,16061,16061,0.2792300581932068,0.2548742890357971,0.18078476190567017,0.2851109206676483,0.18257974088191986,0.222197487950325,0.17729875445365906,0.41792404651641846,-0.09665031731128693,-0.03267680108547211,-0.0034860074520111084,0.13281312584877014
2455,10457,16533,Person,Person,False,53.0,mid_degree,True,True,both_correct,0,0,16533,16533,0.24862314760684967,0.24853819608688354,0.2542148530483246,0.2486238032579422,0.18651805818080902,0.2929705083370209,0.19071264564990997,0.32979878783226013,-0.06210508942604065,0.04443231225013733,-0.06350220739841461,0.08117498457431793
2456,2812,15360,Place,Place,False,181.0,high_degree,True,True,both_correct,0,0,15360,15360,0.26328206062316895,0.22967448830604553,0.2501223087310791,0.2569211721420288,0.1729709953069687,0.20117981731891632,0.2464698702096939,0.3793793320655823,-0.09031106531620026,-0.02849467098712921,-0.003652438521385193,0.12245815992355347
2457,10712,21687,Place,Place,False,15.0,low_degree,False,False,both_wrong,1,1,21405,21405,0.29368487000465393,0.24104146659374237,0.17136432230472565,0.29390934109687805,0.191896453499794,0.20999102294445038,0.167942076921463,0.430170476436615,-0.10178841650485992,-0.031050443649291992,-0.0034222453832626343,0.13626113533973694
2458,5234,20681,Place,Place,False,17.0,low_degree,True,True,both_correct,0,0,20681,20681,0.28375115990638733,0.24620206654071808,0.1748470813035965,0.2951997220516205,0.18473713099956512,0.21371318399906158,0.1707373410463333,0.43081238865852356,-0.0990140289068222,-0.032488882541656494,-0.004109740257263184,0.13561266660690308
2459,12258,19125,Place,Place,False,18.0,low_degree,True,True,both_correct,0,0,19125,19125,0.2843572497367859,0.24448178708553314,0.1809646636247635,0.2901962697505951,0.18558533489704132,0.21274004876613617,0.1771443784236908,0.4245302677154541,-0.09877191483974457,-0.03174173831939697,-0.003820285201072693,0.134333997964859
2460,1129,16857,Person,Person,False,90.0,high_degree,True,True,both_correct,0,0,16857,16857,0.24266712367534637,0.24280066788196564,0.2721859812736511,0.24234624207019806,0.1830918788909912,0.28784674406051636,0.205351322889328,0.32371005415916443,-0.059575244784355164,0.04504607617855072,-0.06683465838432312,0.08136381208896637
2461,13875,21907,Entity,Creative Work,True,20.0,low_degree,True,True,both_correct,0,0,21907,21907,0.27391675114631653,0.22113661468029022,0.22884799540042877,0.2760986089706421,0.27391675114631653,0.2211366444826126,0.22884801030158997,0.2760986089706421,0.0,2.9802322387695312e-08,1.4901161193847656e-08,0.0
2462,758,16306,Place,Place,False,80.0,high_degree,True,True,both_correct,0,0,16306,16306,0.25762832164764404,0.23442332446575165,0.2507596015930176,0.25718873739242554,0.16902890801429749,0.20506472885608673,0.24676088988780975,0.37914547324180603,-0.08859941363334656,-0.029358595609664917,-0.003998711705207825,0.1219567358493805
2463,3914,25683,Person,Person,False,47.0,mid_degree,True,True,both_correct,0,0,25683,25683,0.2754029631614685,0.2871130406856537,0.15891383588314056,0.27857014536857605,0.19988514482975006,0.32742926478385925,0.11533553898334503,0.35735005140304565,-0.07551781833171844,0.040316224098205566,-0.04357829689979553,0.0787799060344696
2464,5341,27033,Person,Person,False,66.0,mid_degree,False,True,rescued,1,0,18186,27033,0.09824496507644653,0.09826308488845825,0.7052523493766785,0.09823960810899734,0.08683996647596359,0.13647539913654327,0.6233423352241516,0.1533423364162445,-0.01140499860048294,0.03821231424808502,-0.08191001415252686,0.05510272830724716
2465,8964,21053,Creative Work,Creative Work,False,60.0,mid_degree,False,False,both_wrong,16,6,26890,25742,0.32197433710098267,0.19230566918849945,0.15029564499855042,0.3354243338108063,0.19106079638004303,0.1901821494102478,0.1040574237704277,0.5146996378898621,-0.13091354072093964,-0.002123519778251648,-0.04623822122812271,0.1792753040790558
2466,9980,25362,Person,Person,False,71.0,mid_degree,True,True,both_correct,0,0,25362,25362,0.2770961821079254,0.28494927287101746,0.1518852561712265,0.2860693037509918,0.20040249824523926,0.323810875415802,0.10984984785318375,0.365936815738678,-0.07669368386268616,0.038861602544784546,-0.042035408318042755,0.07986751198768616
2467,51,26886,Entity,Entity,False,71.0,mid_degree,False,False,both_wrong,26,33,14956,14956,0.2743131220340729,0.2126871794462204,0.23962341248989105,0.2733762860298157,0.2743131220340729,0.2126871943473816,0.23962341248989105,0.2733762860298157,0.0,1.4901161193847656e-08,0.0,0.0
2468,13465,25591,Person,Person,False,35.0,mid_degree,True,True,both_correct,0,0,25591,25591,0.27440884709358215,0.2879329323768616,0.15826961398124695,0.2793886363506317,0.19898344576358795,0.3280666470527649,0.11476320028305054,0.35818666219711304,-0.0754254013299942,0.04013371467590332,-0.04350641369819641,0.07879802584648132
2469,9893,27442,Event,Event,False,43.0,mid_degree,True,True,both_correct,0,0,27442,27442,0.31163546442985535,0.2041502147912979,0.14609861373901367,0.3381156623363495,0.3079027533531189,0.20169112086296082,0.14439834654331207,0.346007764339447,-0.00373271107673645,-0.002459093928337097,-0.0017002671957015991,0.007892102003097534
2470,7029,21385,Place,Place,False,29.0,low_degree,False,False,both_wrong,2,1,20543,23702,0.29962125420570374,0.22956211864948273,0.16511622071266174,0.305700421333313,0.19471777975559235,0.1989099234342575,0.16094453632831573,0.4454277455806732,-0.10490347445011139,-0.03065219521522522,-0.004171684384346008,0.13972732424736023
2471,14523,24449,Person,Person,False,4.0,low_degree,False,False,both_wrong,246,103,25724,25724,0.2715906798839569,0.28297677636146545,0.1615275889635086,0.28390491008758545,0.19686448574066162,0.3222968280315399,0.11708077043294907,0.3637579679489136,-0.07472619414329529,0.03932005167007446,-0.04444681853055954,0.07985305786132812
2472,219,24219,Entity,Entity,False,44.0,mid_degree,True,True,both_correct,0,0,24219,24219,0.2728513479232788,0.2130894809961319,0.23757360875606537,0.2764855623245239,0.2728513777256012,0.2130894660949707,0.23757362365722656,0.27648553252220154,2.9802322387695312e-08,-1.4901161193847656e-08,1.4901161193847656e-08,-2.9802322387695312e-08
2473,9881,23950,Organization,Organization,False,33.0,low_degree,True,True,both_correct,0,0,23950,23950,0.3014436364173889,0.22166664898395538,0.16754446923732758,0.30934521555900574,0.2249189168214798,0.18900205194950104,0.1428704708814621,0.44320863485336304,-0.07652471959590912,-0.032664597034454346,-0.02467399835586548,0.1338634192943573
2474,6722,19001,Event,Event,False,17.0,low_degree,True,True,both_correct,0,0,19001,19001,0.2921410799026489,0.23118971288204193,0.16861094534397125,0.30805832147598267,0.2890297472476959,0.22871321439743042,0.16688214242458344,0.31537488102912903,-0.003111332654953003,-0.0024764984846115112,-0.0017288029193878174,0.007316559553146362
2475,11229,20765,Place,Place,False,28.0,low_degree,False,False,both_wrong,2,2,20766,20766,0.28749340772628784,0.2539723217487335,0.16859978437423706,0.2899344563484192,0.1880704164505005,0.22151435911655426,0.16542589664459229,0.42498934268951416,-0.09942299127578735,-0.03245796263217926,-0.0031738877296447754,0.13505488634109497
2476,2744,16660,Entity,Entity,False,137.0,high_degree,True,True,both_correct,0,0,16660,16660,0.27119308710098267,0.20561955869197845,0.24877840280532837,0.2744089663028717,0.2711930572986603,0.20561954379081726,0.24877841770648956,0.2744089365005493,-2.9802322387695312e-08,-1.4901161193847656e-08,1.4901161193847656e-08,-2.9802322387695312e-08
2477,11777,26361,Organization,Organization,False,25.0,low_degree,False,False,both_wrong,14,31,26000,26000,0.305742084980011,0.21131952106952667,0.1592555046081543,0.32368287444114685,0.22638258337974548,0.17880254983901978,0.13476406037807465,0.4600508213043213,-0.0793595016002655,-0.0325169712305069,-0.02449144423007965,0.13636794686317444
2478,4719,25848,Person,Person,False,141.0,high_degree,True,True,both_correct,0,0,25848,25848,0.28504493832588196,0.28665077686309814,0.1486734002828598,0.2796308696269989,0.20675349235534668,0.32669684290885925,0.10783746838569641,0.35871216654777527,-0.07829144597053528,0.04004606604576111,-0.04083593189716339,0.07908129692077637
2479,2666,19999,Organization,Organization,False,74.0,mid_degree,True,True,both_correct,0,0,19999,19999,0.3232601583003998,0.20366917550563812,0.14819537103176117,0.3248753547668457,0.23972782492637634,0.17259928584098816,0.1256008893251419,0.4620720148086548,-0.08353233337402344,-0.031069889664649963,-0.022594481706619263,0.13719666004180908
2480,13421,17084,Place,Place,False,8.0,low_degree,True,True,both_correct,0,0,17084,17084,0.2892380952835083,0.24340452253818512,0.17519117891788483,0.29216620326042175,0.18891362845897675,0.2119627594947815,0.17162257432937622,0.42750102281570435,-0.10032446682453156,-0.031441763043403625,-0.003568604588508606,0.1353348195552826
2481,4376,25614,Creative Work,Creative Work,False,58.0,mid_degree,True,True,both_correct,0,0,25614,25614,0.3193364143371582,0.19249898195266724,0.16317152976989746,0.3249931037425995,0.19116514921188354,0.1920522004365921,0.1139693483710289,0.5028133392333984,-0.12817126512527466,-0.0004467815160751343,-0.04920218139886856,0.17782023549079895
2482,1210,21308,Organization,Organization,False,39.0,mid_degree,False,False,both_wrong,3,3,19207,19207,0.3084022104740143,0.22390532493591309,0.1657654196023941,0.30192700028419495,0.2313241809606552,0.19191788136959076,0.142098531126976,0.4346593916416168,-0.07707802951335907,-0.03198744356632233,-0.02366688847541809,0.13273239135742188
2483,14180,18222,Entity,Entity,False,6.0,low_degree,True,True,both_correct,0,0,18222,18222,0.2985759377479553,0.2104574590921402,0.18464697897434235,0.30631956458091736,0.2985759675502777,0.2104574739933014,0.18464699387550354,0.30631956458091736,2.9802322387695312e-08,1.4901161193847656e-08,1.4901161193847656e-08,0.0
2484,10849,21876,Creative Work,Creative Work,False,70.0,mid_degree,True,True,both_correct,0,0,21876,21876,0.25534284114837646,0.23996931314468384,0.23894329369068146,0.26574456691741943,0.15761522948741913,0.2468661367893219,0.17208708822727203,0.42343148589134216,-0.09772761166095734,0.0068968236446380615,-0.06685620546340942,0.15768691897392273
2485,1068,15087,Place,Place,False,809.0,high_degree,True,True,both_correct,0,0,15087,15087,0.2637179493904114,0.22550523281097412,0.2495269626379013,0.2612498998641968,0.17264994978904724,0.19683508574962616,0.24538403749465942,0.3851308822631836,-0.09106799960136414,-0.02867014706134796,-0.004142925143241882,0.12388098239898682
2486,9107,19675,Person,Person,False,69.0,mid_degree,True,True,both_correct,0,0,19675,19675,0.259952574968338,0.2896004021167755,0.1820915937423706,0.26835542917251587,0.18952099978923798,0.3317522406578064,0.13274723291397095,0.3459795117378235,-0.07043157517910004,0.042151838541030884,-0.04934436082839966,0.07762408256530762
2487,2798,26689,Creative Work,Creative Work,False,96.0,high_degree,True,True,both_correct,0,0,26689,26689,0.3329925835132599,0.18952839076519012,0.14961786568164825,0.32786116003990173,0.19918760657310486,0.1889428347349167,0.10443738102912903,0.5074321627616882,-0.13380497694015503,-0.0005855560302734375,-0.045180484652519226,0.1795710027217865
2488,12802,21920,Entity,Organization,True,10.0,low_degree,True,True,both_correct,0,0,21920,21920,0.2837240695953369,0.22084002196788788,0.21029555797576904,0.28514036536216736,0.2837240397930145,0.22084002196788788,0.21029557287693024,0.28514036536216736,-2.9802322387695312e-08,0.0,1.4901161193847656e-08,0.0
2489,4066,21693,Person,Person,False,88.0,high_degree,True,True,both_correct,0,0,21693,21693,0.2503298819065094,0.25365564227104187,0.25151336193084717,0.24450109899044037,0.18776188790798187,0.2989439070224762,0.1886419802904129,0.3246522545814514,-0.06256799399852753,0.045288264751434326,-0.06287138164043427,0.08015115559101105
2490,1801,17293,Entity,Entity,False,197.0,high_degree,False,False,both_wrong,20,18,15102,18804,0.3159671425819397,0.21921010315418243,0.14498189091682434,0.31984078884124756,0.3159671425819397,0.21921010315418243,0.14498190581798553,0.31984078884124756,0.0,0.0,1.4901161193847656e-08,0.0
2491,8558,20131,Person,Person,False,111.0,high_degree,True,True,both_correct,0,0,20131,20131,0.2395247220993042,0.26476457715034485,0.2505277693271637,0.24518293142318726,0.1787940114736557,0.3105376362800598,0.18699438869953156,0.32367396354675293,-0.0607307106256485,0.045773059129714966,-0.06353338062763214,0.07849103212356567
2492,10063,27560,Creative Work,Creative Work,False,123.0,high_degree,True,True,both_correct,0,0,27560,27560,0.32399049401283264,0.19171367585659027,0.15028618276119232,0.33400970697402954,0.19245372712612152,0.18979153037071228,0.10417894273996353,0.5135757923126221,-0.13153676688671112,-0.0019221454858779907,-0.04610724002122879,0.17956608533859253
2493,251,14999,Entity,Entity,False,3553.0,high_degree,True,True,both_correct,0,0,14999,14999,0.2185719907283783,0.18003655970096588,0.37816980481147766,0.22322165966033936,0.2185719907283783,0.18003655970096588,0.37816980481147766,0.22322165966033936,0.0,0.0,0.0,0.0
2494,12805,15138,Person,Person,False,21.0,low_degree,True,True,both_correct,0,0,15138,15138,0.27015557885169983,0.2737271785736084,0.17792066931724548,0.2781965434551239,0.1971423476934433,0.3138594329357147,0.129828542470932,0.3591696321964264,-0.07301323115825653,0.04013225436210632,-0.04809212684631348,0.08097308874130249
2495,373,25286,Event,Event,False,172.0,high_degree,False,False,both_wrong,3,2,25277,25277,0.3110305070877075,0.21962568163871765,0.15406300127506256,0.3152807652950287,0.3075979948043823,0.2171865552663803,0.15243269503116608,0.3227827847003937,-0.0034325122833251953,-0.0024391263723373413,-0.0016303062438964844,0.00750201940536499
2496,8699,20500,Place,Place,False,10.0,low_degree,True,True,both_correct,0,0,20500,20500,0.2857298254966736,0.20954744517803192,0.2052435278892517,0.2994791567325592,0.1850907951593399,0.180982306599617,0.19941291213035583,0.43451398611068726,-0.10063903033733368,-0.028565138578414917,-0.005830615758895874,0.13503482937812805
2497,8037,26615,Organization,Organization,False,34.0,mid_degree,False,True,rescued,1,0,27710,26615,0.30010801553726196,0.2295927256345749,0.15650440752506256,0.3137948215007782,0.22332535684108734,0.1952381730079651,0.1331004649400711,0.44833606481552124,-0.07678265869617462,-0.0343545526266098,-0.023403942584991455,0.13454124331474304
2498,12296,19927,Organization,Organization,False,24.0,low_degree,True,True,both_correct,0,0,19927,19927,0.3067692518234253,0.21482805907726288,0.15743178129196167,0.32097095251083374,0.2274772971868515,0.18203853070735931,0.13341692090034485,0.45706722140312195,-0.07929195463657379,-0.032789528369903564,-0.02401486039161682,0.1360962688922882
2499,11604,27386,Person,Person,False,18.0,low_degree,False,True,rescued,1,0,25178,27386,0.27556824684143066,0.2908143699169159,0.15804263949394226,0.27557477355003357,0.2000124305486679,0.33166226744651794,0.11470559984445572,0.35361966490745544,-0.07555581629276276,0.04084789752960205,-0.04333703964948654,0.07804489135742188
2500,14324,17620,Place,Place,False,7.0,low_degree,True,True,both_correct,0,0,17620,17620,0.28940728306770325,0.23368136584758759,0.18280552327632904,0.2941058278083801,0.1886419653892517,0.20308412611484528,0.17871977388858795,0.42955413460731506,-0.10076531767845154,-0.03059723973274231,-0.004085749387741089,0.13544830679893494
2501,2288,19381,Person,Person,False,113.0,high_degree,True,True,both_correct,0,0,19381,19381,0.272185742855072,0.29588064551353455,0.1474435180425644,0.28449010848999023,0.19613845646381378,0.3350164294242859,0.10624644160270691,0.362598717212677,-0.07604728639125824,0.03913578391075134,-0.04119707643985748,0.07810860872268677
2502,7282,19063,Place,Place,False,27.0,low_degree,True,True,both_correct,0,0,19063,19063,0.2856854200363159,0.23541828989982605,0.17555159330368042,0.3033447265625,0.18519209325313568,0.2034686952829361,0.17068418860435486,0.44065508246421814,-0.10049332678318024,-0.031949594616889954,-0.0048674046993255615,0.13731035590171814
2503,4682,25088,Person,Person,False,116.0,high_degree,True,True,both_correct,0,0,25088,25088,0.26597777009010315,0.30553725361824036,0.1472630649805069,0.2812218964099884,0.19126208126544952,0.34522294998168945,0.10590586811304092,0.3576091229915619,-0.07471568882465363,0.0396856963634491,-0.04135719686746597,0.07638722658157349
2504,9615,21451,Person,Person,False,88.0,high_degree,True,True,both_correct,0,0,21451,21451,0.2781238555908203,0.2954389452934265,0.14919117093086243,0.27724596858024597,0.2012513130903244,0.3359079658985138,0.10795283317565918,0.3548879027366638,-0.07687254250049591,0.04046902060508728,-0.04123833775520325,0.07764193415641785
2505,9000,20324,Place,Place,False,31.0,low_degree,False,True,rescued,6,0,19088,20324,0.2769656479358673,0.24868038296699524,0.1876431703567505,0.28671082854270935,0.18072843551635742,0.216354101896286,0.18364819884300232,0.419269323348999,-0.09623721241950989,-0.03232628107070923,-0.003994971513748169,0.13255849480628967
2506,9925,26459,Organization,Organization,False,36.0,mid_degree,True,True,both_correct,0,0,26459,26459,0.32446351647377014,0.20190811157226562,0.15639474987983704,0.3172336518764496,0.24160854518413544,0.1718091070652008,0.13309448957443237,0.4534878730773926,-0.0828549712896347,-0.03009900450706482,-0.023300260305404663,0.136254221200943
2507,5597,18966,Organization,Organization,False,154.0,high_degree,True,True,both_correct,0,0,18966,18966,0.3064909875392914,0.24034997820854187,0.1481698900461197,0.30498915910720825,0.22934606671333313,0.20552460849285126,0.12671464681625366,0.43841472268104553,-0.07714492082595825,-0.03482536971569061,-0.021455243229866028,0.13342556357383728
2508,8512,22558,Place,Place,False,62.0,mid_degree,True,True,both_correct,0,0,22558,22558,0.30322158336639404,0.2398819923400879,0.15471914410591125,0.3021773099899292,0.19795353710651398,0.2087969034910202,0.15149728953838348,0.44175222516059875,-0.10526804625988007,-0.031085088849067688,-0.003221854567527771,0.13957491517066956
2509,12982,15048,Place,Place,False,14.0,low_degree,True,True,both_correct,0,0,15048,15048,0.2912662625312805,0.24358485639095306,0.17426031827926636,0.29088854789733887,0.19043603539466858,0.21234022080898285,0.17088809609413147,0.42633557319641113,-0.10083022713661194,-0.031244635581970215,-0.0033722221851348877,0.13544702529907227
2510,6768,26226,Creative Work,Creative Work,False,102.0,high_degree,True,True,both_correct,0,0,26226,26226,0.32751235365867615,0.19057762622833252,0.15113148093223572,0.3307786285877228,0.19529156386852264,0.18939097225666046,0.10515570640563965,0.5101617574691772,-0.1322207897901535,-0.001186653971672058,-0.04597577452659607,0.17938312888145447
2511,5310,18926,Organization,Organization,False,62.0,mid_degree,True,True,both_correct,0,0,18926,18926,0.30367204546928406,0.23488749563694,0.15787126123905182,0.3035691976547241,0.22739343345165253,0.2009919285774231,0.13510406017303467,0.43651053309440613,-0.07627861201763153,-0.03389556705951691,-0.02276720106601715,0.132941335439682
2512,8319,23974,Creative Work,Creative Work,False,86.0,high_degree,True,True,both_correct,0,0,23974,23974,0.29735806584358215,0.24373279511928558,0.1479986608028412,0.31091049313545227,0.17692750692367554,0.24169018864631653,0.10276693105697632,0.47861534357070923,-0.12043055891990662,-0.002042606472969055,-0.04523172974586487,0.16770485043525696
2513,14570,17957,Place,Place,False,13.0,low_degree,True,True,both_correct,0,0,17957,17957,0.28488707542419434,0.24385805428028107,0.18705832958221436,0.28419652581214905,0.18651211261749268,0.2128603309392929,0.18368186056613922,0.4169456660747528,-0.09837496280670166,-0.03099772334098816,-0.0033764690160751343,0.13274914026260376
2514,4335,21911,Organization,Organization,False,41.0,mid_degree,False,False,both_wrong,5,4,23299,20910,0.3056749403476715,0.22001375257968903,0.16483907401561737,0.3094722032546997,0.22817282378673553,0.18767204880714417,0.14062292873859406,0.443532258272171,-0.07750211656093597,-0.03234170377254486,-0.024216145277023315,0.1340600550174713
2515,3458,23039,Person,Person,False,29.0,low_degree,True,True,both_correct,0,0,23039,23039,0.27809974551200867,0.28991246223449707,0.15631763637065887,0.2756701707839966,0.20186951756477356,0.3306654691696167,0.11346302181482315,0.3540019690990448,-0.07623022794723511,0.04075300693511963,-0.042854614555835724,0.07833179831504822
2516,11366,20348,Entity,Entity,False,12.0,low_degree,True,True,both_correct,0,0,20348,20348,0.3064751923084259,0.20663464069366455,0.16420236229896545,0.3226877748966217,0.3064751923084259,0.20663464069366455,0.16420237720012665,0.3226877748966217,0.0,0.0,1.4901161193847656e-08,0.0
2517,13190,18056,Entity,Entity,False,4.0,low_degree,True,True,both_correct,0,0,18056,18056,0.2935585081577301,0.2110869288444519,0.1872054934501648,0.3081490695476532,0.2935585081577301,0.2110869288444519,0.1872054934501648,0.3081490695476532,0.0,0.0,0.0,0.0
2518,11469,17219,Person,Creative Work,True,52.0,mid_degree,False,True,rescued,2,0,19268,17219,0.2782437205314636,0.2738237679004669,0.1496526449918747,0.2982798218727112,0.20079833269119263,0.3104979395866394,0.10800129920244217,0.3807023763656616,-0.077445387840271,0.036674171686172485,-0.041651345789432526,0.08242255449295044
2519,4161,22949,Person,Person,False,103.0,high_degree,True,True,both_correct,0,0,22949,22949,0.2720484137535095,0.29616954922676086,0.1524055302143097,0.2793765664100647,0.1965925246477127,0.33628952503204346,0.11013074964284897,0.35698723793029785,-0.07545588910579681,0.04011997580528259,-0.042274780571460724,0.07761067152023315
2520,3367,27759,Organization,Organization,False,48.0,mid_degree,False,False,both_wrong,15,152,26647,26647,0.3045123219490051,0.2002822458744049,0.1519295573234558,0.34327590465545654,0.2228594422340393,0.16749943792819977,0.12707513570785522,0.4825659394264221,-0.08165287971496582,-0.03278280794620514,-0.024854421615600586,0.13929003477096558
2521,7004,27786,Creative Work,Creative Work,False,63.0,mid_degree,False,False,both_wrong,21,12,27422,27647,0.32080379128456116,0.18943659961223602,0.14401155710220337,0.34574803709983826,0.18863247334957123,0.18563826382160187,0.09881749004125595,0.526911735534668,-0.13217131793498993,-0.0037983357906341553,-0.04519406706094742,0.1811636984348297
2522,1050,27599,Creative Work,Creative Work,False,144.0,high_degree,True,True,both_correct,0,0,27599,27599,0.32328304648399353,0.1917361468076706,0.14936919510364532,0.3356115520000458,0.19171841442584991,0.18950216472148895,0.1033770889043808,0.5154023170471191,-0.13156463205814362,-0.0022339820861816406,-0.045992106199264526,0.17979076504707336
2523,1999,24937,Person,Person,False,82.0,high_degree,True,True,both_correct,0,0,24937,24937,0.26916608214378357,0.29798799753189087,0.15245474874973297,0.2803911864757538,0.19424697756767273,0.3378969430923462,0.1100214421749115,0.35783466696739197,-0.07491910457611084,0.03990894556045532,-0.04243330657482147,0.07744348049163818
2524,9477,24992,Person,Person,False,70.0,mid_degree,False,True,rescued,7,0,22950,24992,0.2777922749519348,0.28998833894729614,0.1535818725824356,0.27863752841949463,0.20132751762866974,0.3302293121814728,0.11130865663290024,0.35713449120521545,-0.07646475732326508,0.040240973234176636,-0.04227321594953537,0.07849696278572083
2525,9163,16070,Person,Person,False,74.0,mid_degree,True,True,both_correct,0,0,16070,16070,0.2431197464466095,0.261172354221344,0.24773207306861877,0.24797582626342773,0.18140259385108948,0.3061976134777069,0.1848488599061966,0.3275509774684906,-0.06171715259552002,0.045025259256362915,-0.06288321316242218,0.07957515120506287
2526,3089,17403,Person,Person,False,105.0,high_degree,True,True,both_correct,0,0,17403,17403,0.2777280807495117,0.2888101041316986,0.14932698011398315,0.28413480520248413,0.2006969451904297,0.3279325067996979,0.10791172832250595,0.3634588122367859,-0.07703113555908203,0.03912240266799927,-0.0414152517914772,0.07932400703430176
2527,5125,14975,Entity,Entity,False,25.0,low_degree,True,True,both_correct,0,0,14975,14975,0.27068036794662476,0.21958909928798676,0.2310640960931778,0.27866649627685547,0.27068033814430237,0.21958908438682556,0.2310640960931778,0.27866649627685547,-2.9802322387695312e-08,-1.4901161193847656e-08,0.0,0.0
2528,12759,21286,Place,Place,False,19.0,low_degree,True,True,both_correct,0,0,21286,21286,0.28983452916145325,0.2521462142467499,0.16926035284996033,0.28875890374183655,0.1898162066936493,0.22017048299312592,0.1662624180316925,0.42375096678733826,-0.10001832246780396,-0.03197573125362396,-0.0029979348182678223,0.1349920630455017
2529,9228,25929,Person,Person,False,100.0,high_degree,True,True,both_correct,0,0,25929,25929,0.2700287997722626,0.2631785273551941,0.14797353744506836,0.318819135427475,0.19340893626213074,0.29618552327156067,0.1059928610920906,0.4044126570224762,-0.07661986351013184,0.03300699591636658,-0.04198067635297775,0.08559352159500122
2530,6299,25505,Person,Person,False,26.0,low_degree,True,True,both_correct,0,0,25505,25505,0.27166399359703064,0.29534268379211426,0.15266010165214539,0.2803332209587097,0.19629070162773132,0.33531004190444946,0.11030091345310211,0.3580983579158783,-0.07537329196929932,0.039967358112335205,-0.042359188199043274,0.07776513695716858
2531,5505,24537,Creative Work,Creative Work,False,77.0,high_degree,True,True,both_correct,0,0,24537,24537,0.3191716969013214,0.19167675077915192,0.1524604856967926,0.33669111132621765,0.18920181691646576,0.18936432898044586,0.10545269399881363,0.5159811973571777,-0.12996987998485565,-0.0023124217987060547,-0.04700779169797897,0.17929008603096008
2532,2148,19046,Organization,Organization,False,238.0,high_degree,True,True,both_correct,0,0,19046,19046,0.2668481767177582,0.2167656570672989,0.24911604821681976,0.2672700583934784,0.2030690312385559,0.18850284814834595,0.2167484611272812,0.39167967438697815,-0.06377914547920227,-0.028262808918952942,-0.032367587089538574,0.12440961599349976
2533,8557,22189,Person,Creative Work,True,80.0,high_degree,True,True,both_correct,0,0,22189,22189,0.27952510118484497,0.26855725049972534,0.15425555408000946,0.2976621091365814,0.20216932892799377,0.30519765615463257,0.11156374216079712,0.38106921315193176,-0.0773557722568512,0.03664040565490723,-0.04269181191921234,0.08340710401535034
2534,12544,19061,Place,Place,False,7.0,low_degree,False,False,both_wrong,2,5,15504,20223,0.273408979177475,0.23978987336158752,0.17850427329540253,0.3082968592643738,0.17622040212154388,0.20606206357479095,0.17256291210651398,0.44515460729599,-0.09718857705593109,-0.03372780978679657,-0.00594136118888855,0.1368577480316162
2535,9874,19123,Place,Place,False,26.0,low_degree,True,True,both_correct,0,0,19123,19123,0.28803685307502747,0.24308069050312042,0.16931457817554474,0.29956790804862976,0.18729136884212494,0.21073788404464722,0.16512666642665863,0.4368440508842468,-0.10074548423290253,-0.032342806458473206,-0.004187911748886108,0.13727614283561707
2536,5375,27203,Entity,Entity,False,72.0,mid_degree,False,False,both_wrong,7,6,16452,16452,0.2256132960319519,0.18286778032779694,0.36020728945732117,0.2313115894794464,0.2256133109331131,0.18286779522895813,0.36020731925964355,0.2313115894794464,1.4901161193847656e-08,1.4901161193847656e-08,2.9802322387695312e-08,0.0
2537,3913,22405,Creative Work,Creative Work,False,208.0,high_degree,True,True,both_correct,0,0,22405,22405,0.320869505405426,0.18927724659442902,0.14769527316093445,0.3421579897403717,0.189336359500885,0.18613697588443756,0.1017046794295311,0.5228219628334045,-0.13153314590454102,-0.003140270709991455,-0.04599059373140335,0.18066397309303284
2538,2855,25541,Person,Person,False,87.0,high_degree,True,True,both_correct,0,0,25541,25541,0.2734103202819824,0.29217252135276794,0.1531413048505783,0.28127583861351013,0.19767577946186066,0.3319174647331238,0.1107211783528328,0.3596855401992798,-0.07573454082012177,0.039744943380355835,-0.042420126497745514,0.07840970158576965
2539,7532,25273,Creative Work,Creative Work,False,44.0,mid_degree,True,True,both_correct,0,0,25273,25273,0.2950550615787506,0.26066046953201294,0.15115326642990112,0.2931312024593353,0.17751812934875488,0.26136383414268494,0.10611352324485779,0.4550045132637024,-0.11753693222999573,0.0007033646106719971,-0.045039743185043335,0.16187331080436707
2540,10449,21553,Creative Work,Creative Work,False,57.0,mid_degree,True,True,both_correct,0,0,21553,21553,0.31205740571022034,0.20218722522258759,0.15734055638313293,0.32841479778289795,0.18541878461837769,0.20021729171276093,0.10910361260175705,0.5052602887153625,-0.12663862109184265,-0.00196993350982666,-0.048236943781375885,0.1768454909324646
2541,9849,17732,Organization,Organization,False,52.0,mid_degree,True,True,both_correct,0,0,17732,17732,0.3091491460800171,0.21088604629039764,0.14855709671974182,0.33140769600868225,0.2279832661151886,0.17771698534488678,0.1252048760652542,0.469094842672348,-0.08116587996482849,-0.033169060945510864,-0.02335222065448761,0.13768714666366577
2542,5198,16669,Entity,Entity,False,8.0,low_degree,False,False,both_wrong,2,2,16310,16310,0.29890796542167664,0.21607711911201477,0.18448281288146973,0.3005320727825165,0.29890796542167664,0.21607711911201477,0.18448281288146973,0.3005320727825165,0.0,0.0,0.0,0.0
2543,13942,22791,Person,Person,False,23.0,low_degree,True,True,both_correct,0,0,22791,22791,0.2734939754009247,0.2966598570346832,0.15432260930538177,0.2755236029624939,0.19804760813713074,0.33754661679267883,0.1117485985159874,0.35265716910362244,-0.07544636726379395,0.040886759757995605,-0.04257401078939438,0.07713356614112854
2544,6863,24162,Person,Person,False,55.0,mid_degree,True,True,both_correct,0,0,24162,24162,0.24850863218307495,0.2526616156101227,0.25059229135513306,0.2482374906539917,0.18617871403694153,0.2974276542663574,0.18782421946525574,0.3285693824291229,-0.06232991814613342,0.04476603865623474,-0.06276807188987732,0.08033189177513123
2545,11024,20754,Place,Place,False,23.0,low_degree,True,True,both_correct,0,0,20754,20754,0.2898447513580322,0.24979346990585327,0.1722625195980072,0.2880992591381073,0.18981727957725525,0.21810947358608246,0.16920574009418488,0.42286747694015503,-0.10002747178077698,-0.03168399631977081,-0.0030567795038223267,0.13476821780204773
2546,2163,18231,Person,Person,False,83.0,high_degree,True,True,both_correct,0,0,18231,18231,0.27591171860694885,0.2977745831012726,0.1476752907037735,0.2786383628845215,0.19930300116539001,0.3379734456539154,0.10667482018470764,0.3560487627983093,-0.07660871744155884,0.04019886255264282,-0.04100047051906586,0.07741039991378784
2547,14660,23020,Organization,Organization,False,15.0,low_degree,True,True,both_correct,0,0,23020,23020,0.2951768636703491,0.22727301716804504,0.17422498762607574,0.3033251166343689,0.22090227901935577,0.19436249136924744,0.14901183545589447,0.4357233941555023,-0.07427458465099335,-0.03291052579879761,-0.025213152170181274,0.13239827752113342
2548,13588,21499,Entity,Entity,False,18.0,low_degree,True,True,both_correct,0,0,21499,21499,0.2819952368736267,0.21979013085365295,0.21209818124771118,0.28611645102500916,0.2819952368736267,0.21979013085365295,0.21209816634655,0.28611645102500916,0.0,0.0,-1.4901161193847656e-08,0.0
2549,2766,15969,Place,Place,False,179.0,high_degree,True,True,both_correct,0,0,15969,15969,0.2609550952911377,0.2258182018995285,0.25003698468208313,0.2631896734237671,0.17053401470184326,0.1967536360025406,0.24517963826656342,0.38753271102905273,-0.09042108058929443,-0.029064565896987915,-0.004857346415519714,0.12434303760528564
2550,9989,26095,Person,Person,False,30.0,low_degree,True,True,both_correct,0,0,26095,26095,0.27995312213897705,0.2852286696434021,0.151896134018898,0.2829221189022064,0.20282228291034698,0.3246951103210449,0.11004272848367691,0.3624398708343506,-0.07713083922863007,0.03946644067764282,-0.0418534055352211,0.07951775193214417
2551,3290,24415,Organization,Organization,False,40.0,mid_degree,False,True,rescued,2,0,22327,24415,0.2978440225124359,0.22233743965625763,0.1724829077720642,0.30733561515808105,0.2224508821964264,0.1897599995136261,0.1472255438566208,0.4405636191368103,-0.07539314031600952,-0.03257744014263153,-0.02525736391544342,0.13322800397872925
2552,2478,24644,Person,Person,False,41.0,mid_degree,True,True,both_correct,0,0,24644,24644,0.26820582151412964,0.2851939797401428,0.17003768682479858,0.27656254172325134,0.19503773748874664,0.32586899399757385,0.12364347279071808,0.3554498553276062,-0.073168084025383,0.04067501425743103,-0.046394214034080505,0.07888731360435486
2553,13658,26842,Entity,Entity,False,27.0,low_degree,True,True,both_correct,0,0,26842,26842,0.3077456057071686,0.2148587554693222,0.1567198783159256,0.3206757605075836,0.3077456057071686,0.2148587703704834,0.1567198783159256,0.3206757605075836,0.0,1.4901161193847656e-08,0.0,0.0
2554,583,15242,Place,Place,False,184.0,high_degree,True,True,both_correct,0,0,15242,15242,0.2580523192882538,0.2374941110610962,0.24988117814064026,0.2545723617076874,0.16957804560661316,0.20808279514312744,0.2465905100107193,0.3757486045360565,-0.08847427368164062,-0.02941131591796875,-0.0032906681299209595,0.12117624282836914
2555,5636,21017,Creative Work,Creative Work,False,66.0,mid_degree,True,True,both_correct,0,0,21017,21017,0.32528260350227356,0.19040310382843018,0.15226241946220398,0.3320518732070923,0.193742573261261,0.18900276720523834,0.10582555085420609,0.5114291310310364,-0.13154003024101257,-0.0014003366231918335,-0.046436868607997894,0.1793772578239441
2556,14410,18483,Event,Event,False,21.0,low_degree,True,True,both_correct,0,0,18483,18483,0.28951993584632874,0.23006302118301392,0.18147969245910645,0.2989373505115509,0.2864977717399597,0.22764748334884644,0.17966023087501526,0.3061945140361786,-0.0030221641063690186,-0.0024155378341674805,-0.0018194615840911865,0.0072571635246276855
2557,3571,19873,Person,Person,False,48.0,mid_degree,True,True,both_correct,0,0,19873,19873,0.2669394016265869,0.27393025159835815,0.19287322461605072,0.266257107257843,0.19619542360305786,0.3163508176803589,0.14176449179649353,0.34568923711776733,-0.07074397802352905,0.04242056608200073,-0.05110873281955719,0.07943212985992432
2558,9648,22552,Person,Person,False,41.0,mid_degree,True,True,both_correct,0,0,22552,22552,0.27467912435531616,0.2906486988067627,0.153890460729599,0.28078168630599976,0.19879689812660217,0.3305254280567169,0.11137604713439941,0.3593015670776367,-0.07588222622871399,0.039876729249954224,-0.042514413595199585,0.07851988077163696
2559,4026,22165,Entity,Entity,False,100.0,high_degree,False,False,both_wrong,4,1,17498,27512,0.27149903774261475,0.20763644576072693,0.24853557348251343,0.2723289430141449,0.27149903774261475,0.20763644576072693,0.24853558838367462,0.2723289430141449,0.0,0.0,1.4901161193847656e-08,0.0
2560,8198,25724,Entity,Organization,True,12.0,low_degree,True,True,both_correct,0,0,25724,25724,0.30997946858406067,0.21354441344738007,0.16167840361595154,0.3147977292537689,0.30997949838638306,0.21354438364505768,0.16167841851711273,0.3147977292537689,2.9802322387695312e-08,-2.9802322387695312e-08,1.4901161193847656e-08,0.0
2561,5098,23972,Entity,Event,True,38.0,mid_degree,True,True,both_correct,0,0,23972,23972,0.2904457747936249,0.21999996900558472,0.19383928179740906,0.29571497440338135,0.2904457747936249,0.21999996900558472,0.19383929669857025,0.29571497440338135,0.0,0.0,1.4901161193847656e-08,0.0
2562,2522,18381,Place,Place,False,25.0,low_degree,True,True,both_correct,0,0,18381,18381,0.28344711661338806,0.252607136964798,0.1717260777950287,0.29221972823143005,0.1849166452884674,0.21972158551216125,0.16803261637687683,0.4273291230201721,-0.09853047132492065,-0.03288555145263672,-0.0036934614181518555,0.13510939478874207
2563,6426,21648,Person,Person,False,148.0,high_degree,True,True,both_correct,0,0,21648,21648,0.2766034007072449,0.29975393414497375,0.14810970425605774,0.27553293108940125,0.20001520216464996,0.34058210253715515,0.10709778964519501,0.3523048758506775,-0.07658819854259491,0.040828168392181396,-0.04101191461086273,0.07677194476127625
2564,10467,16666,Place,Place,False,21.0,low_degree,True,True,both_correct,0,0,16666,16666,0.2857975959777832,0.23797713220119476,0.17930693924427032,0.2969183325767517,0.1858031451702118,0.20627771317958832,0.1748417615890503,0.43307745456695557,-0.09999445080757141,-0.031699419021606445,-0.004465177655220032,0.13615912199020386
2565,12571,19036,Place,Place,False,10.0,low_degree,True,True,both_correct,0,0,19036,19036,0.28094595670700073,0.24323518574237823,0.17295432090759277,0.30286452174186707,0.18202762305736542,0.21011842787265778,0.1680738925933838,0.4397800862789154,-0.09891833364963531,-0.03311675786972046,-0.004880428314208984,0.13691556453704834
2566,10844,20586,Person,Person,False,28.0,low_degree,True,True,both_correct,0,0,20586,20586,0.27130287885665894,0.2863807678222656,0.16264250874519348,0.27967387437820435,0.19681352376937866,0.3264349400997162,0.11798407882452011,0.35876742005348206,-0.07448935508728027,0.04005417227745056,-0.04465842992067337,0.07909354567527771
2567,14735,23107,Place,Place,False,6.0,low_degree,True,True,both_correct,0,0,23107,23107,0.28711017966270447,0.23339694738388062,0.17705896496772766,0.3024338483810425,0.18625877797603607,0.20187687873840332,0.17228232324123383,0.4395820200443268,-0.1008514016866684,-0.031520068645477295,-0.0047766417264938354,0.1371481716632843
2568,8312,27595,Creative Work,Creative Work,False,82.0,high_degree,False,True,rescued,2,0,26752,27595,0.3247132897377014,0.19187700748443604,0.1535283625125885,0.3298812806606293,0.1936652660369873,0.19072315096855164,0.10684061795473099,0.5087709426879883,-0.1310480237007141,-0.0011538565158843994,-0.04668774455785751,0.178889662027359
2569,12084,21883,Person,Person,False,45.0,mid_degree,True,True,both_correct,0,0,21883,21883,0.26815420389175415,0.2794583737850189,0.18302930891513824,0.2693581283092499,0.19624952971935272,0.3213612139225006,0.13394401967525482,0.34844526648521423,-0.07190467417240143,0.04190284013748169,-0.04908528923988342,0.07908713817596436
