pair,dataset,rate,group,baseline_n,baseline_img_mean,baseline_img_std,baseline_img_min,baseline_img_median,baseline_img_max,baseline_attr_mean,baseline_attr_std,baseline_attr_min,baseline_attr_median,baseline_attr_max,baseline_rel_mean,baseline_rel_std,baseline_rel_min,baseline_rel_median,baseline_rel_max,baseline_graph_mean,baseline_graph_std,baseline_graph_min,baseline_graph_median,baseline_graph_max,baseline_entropy_mean,baseline_entropy_std,baseline_entropy_median,cdmr_n,cdmr_img_mean,cdmr_img_std,cdmr_img_min,cdmr_img_median,cdmr_img_max,cdmr_attr_mean,cdmr_attr_std,cdmr_attr_min,cdmr_attr_median,cdmr_attr_max,cdmr_rel_mean,cdmr_rel_std,cdmr_rel_min,cdmr_rel_median,cdmr_rel_max,cdmr_graph_mean,cdmr_graph_std,cdmr_graph_min,cdmr_graph_median,cdmr_graph_max,cdmr_entropy_mean,cdmr_entropy_std,cdmr_entropy_median,delta_n,delta_img_mean,delta_img_std,delta_img_min,delta_img_median,delta_img_max,delta_attr_mean,delta_attr_std,delta_attr_min,delta_attr_median,delta_attr_max,delta_rel_mean,delta_rel_std,delta_rel_min,delta_rel_median,delta_rel_max,delta_graph_mean,delta_graph_std,delta_graph_min,delta_graph_median,delta_graph_max,delta_entropy_mean,delta_entropy_std,delta_entropy_median
FBDB15K_r02,FBDB15K,0.2,all,10277,0.2739282961823521,0.020920618312824126,0.09625513106584549,0.2737090587615967,0.3768009841442108,0.262318429440605,0.020413669616327387,0.09625513106584549,0.2647089660167694,0.31979846954345703,0.18987818147562655,0.049008127060691783,0.1425584852695465,0.17793725430965424,0.7112345695495605,0.27387509282674377,0.020733542554164597,0.09625513106584549,0.2743169963359833,0.38705119490623474,1.368205479107733,0.023834151980093584,1.3706782607405332,10277,0.20410037712038429,0.032855351782700465,0.06432387977838516,0.20027223229408264,0.3607940673828125,0.2684973161393907,0.0435484357538618,0.08550676703453064,0.25021296739578247,0.3658086359500885,0.1630514999689371,0.0596010609379066,0.100504569709301,0.14622077345848083,0.7112343311309814,0.36435080636530126,0.05906267255141774,0.09625519812107086,0.35516923666000366,0.5193641781806946,1.3207806916854696,0.039628366850943585,1.326605813473678,10277,-0.06982791906196784,0.03457934523835027,-0.1301625370979309,-0.07291297614574432,0.0004214048385620117,0.006178886698785663,0.030712738383791655,-0.04110381007194519,0.0021249055862426758,0.04984138906002045,-0.026826681506689435,0.021432179473411427,-0.09727495908737183,-0.039940088987350464,0.0014112889766693115,0.09047571353855748,0.04872914960071923,-5.960464477539063e-08,0.07471492886543274,0.16560786962509155,0.250097278750289,0.11118143321738906,0.30690733009629395
FBDB15K_r02,FBDB15K,0.2,baseline_correct,5427,0.2750539687735524,0.01742387144406153,0.101597361266613,0.2743193805217743,0.3768009841442108,0.26641152692182696,0.018695284941158092,0.10155955702066422,0.27032923698425293,0.31979846954345703,0.1834406184599899,0.03749278424401186,0.1431511491537094,0.1726323515176773,0.695249617099762,0.2750938858020716,0.017121988175237485,0.10159340500831604,0.27517029643058777,0.37735992670059204,1.3683789334838252,0.015096507928846353,1.3683476714512024,5427,0.199466652277207,0.025786824193349187,0.0941099002957344,0.199929341673851,0.34493935108184814,0.28060987597921394,0.04486729202560846,0.10155955702066422,0.2808133065700531,0.3658086359500885,0.15166721241220885,0.04922178927058818,0.10158322006464005,0.13282173871994019,0.695249617099762,0.3682562583332917,0.04914984744869268,0.10159341245889664,0.3526287078857422,0.5093018412590027,1.3165476388591844,0.033035527103917155,1.319788403650102,5427,-0.07558731649634542,0.02703050456887806,-0.12927159667015076,-0.07351389527320862,0.0004118382930755615,0.014198349057387006,0.03183917461368318,-0.040543749928474426,0.009005963802337646,0.04984138906002045,-0.03177340604778107,0.02020671758744117,-0.0894651710987091,-0.04221837967634201,0.0006316602230072021,0.09316237253122003,0.04059723787463672,-2.9802322387695312e-08,0.07370495796203613,0.16560786962509155,0.28124263678440437,0.08436345269380437,0.3229696083384926
FBDB15K_r02,FBDB15K,0.2,cdmr_correct,6014,0.2758207342673823,0.017843074498615406,0.101597361266613,0.27469103038311005,0.3768009841442108,0.26569947803168154,0.01901147262134004,0.10155955702066422,0.2696119397878647,0.31979846954345703,0.18270590999245762,0.037308284888333834,0.1431511491537094,0.17147335410118103,0.695249617099762,0.27577387795501423,0.01746350039698878,0.10159340500831604,0.2755220979452133,0.37735992670059204,1.3680165004480527,0.015045971588592475,1.3679621226401282,6014,0.1990190227244992,0.0251006865923402,0.0941099002957344,0.19967412948608398,0.34493935108184814,0.2788919700123184,0.044857966758770296,0.10155955702066422,0.27692824602127075,0.3658086359500885,0.1508491284548146,0.04884462796456841,0.10158322006464005,0.13234711438417435,0.695249617099762,0.3712398781814982,0.05028332676875957,0.10159341245889664,0.3533896952867508,0.5093018412590027,1.315076158116595,0.033713496381541704,1.319162033015008,6014,-0.07680171154288307,0.02707621100668401,-0.1301625370979309,-0.07365966588258743,0.0004118382930755615,0.013192491980636878,0.03183246816373029,-0.040543749928474426,0.005206659436225891,0.04984138906002045,-0.031856781537643014,0.02003804372633139,-0.0894651710987091,-0.04228324815630913,0.0006316602230072021,0.09546600022648394,0.040909072284377,-2.9802322387695312e-08,0.07386015355587006,0.1652851104736328,0.2823363290219141,0.08157914334807306,0.31870130057322066
FBDB15K_r02,FBDB15K,0.2,both_correct,5118,0.2751343687730592,0.017309627805427528,0.101597361266613,0.274440661072731,0.3768009841442108,0.2668680834506419,0.018646524332695442,0.10155955702066422,0.2710682451725006,0.31979846954345703,0.18280897271171964,0.037307434016698476,0.1431511491537094,0.17149505764245987,0.695249617099762,0.2751885752203456,0.017006260013547804,0.10159340500831604,0.2752826660871506,0.37735992670059204,1.3681896710200236,0.015193191479213837,1.3679532332885507,5118,0.19959924416343605,0.02558346047546919,0.0941099002957344,0.2000332623720169,0.34493935108184814,0.2819668707911299,0.04476350586408732,0.10155955702066422,0.2994295060634613,0.3658086359500885,0.15067967711778626,0.048852942243824464,0.10158322006464005,0.1321522742509842,0.695249617099762,0.36775420697121336,0.04881198702701969,0.10159341245889664,0.3523573875427246,0.5093018412590027,1.316308125839676,0.032796282568055994,1.319310852791888,5118,-0.07553512460962317,0.026769981851356223,-0.12927159667015076,-0.0734596997499466,0.0004118382930755615,0.01509878734048804,0.031730035670371144,-0.040543749928474426,0.042359545826911926,0.04984138906002045,-0.03212929559393337,0.020064487120375722,-0.0894651710987091,-0.04231885448098183,0.0006316602230072021,0.09256563175086772,0.04028342900293165,-2.9802322387695312e-08,0.07363958656787872,0.1652851104736328,0.2824827176550607,0.08379786118381342,0.32399157282603314
FBDB15K_r02,FBDB15K,0.2,both_wrong,3954,0.27106601285494275,0.024717762127065737,0.09625513106584549,0.27173352241516113,0.3607940673828125,0.25744697343808687,0.02159574376710763,0.09625513106584549,0.2598697990179062,0.30368372797966003,0.2004726389192184,0.061766052129817436,0.1425584852695465,0.19032195955514908,0.7112345695495605,0.2710143744787244,0.024737813924877436,0.09625513106584549,0.27220287919044495,0.38705119490623474,1.3682343802122772,0.033437184565890475,1.3744287829080664,3954,0.2123628180882939,0.04087955931104478,0.06432387977838516,0.20278332382440567,0.3607940673828125,0.25349703036930804,0.03665166975784707,0.08550676703453064,0.24061695486307144,0.3481188416481018,0.1812226182046748,0.06950918848493333,0.100504569709301,0.1694379523396492,0.7112343311309814,0.35291753336787224,0.06914240639054346,0.09625519812107086,0.3658694475889206,0.5193641781806946,1.32947802364619,0.04608075611555263,1.3399234530473834,3954,-0.0587031947666488,0.04143020735824734,-0.12829852104187012,-0.06788615882396698,0.0004214048385620117,-0.00394994306877881,0.025682101139110947,-0.04110381007194519,0.0,0.049822062253952026,-0.019250020714543598,0.021231290552558218,-0.09727495908737183,-0.0010614991188049316,0.0014112889766693115,0.08190315888914787,0.05787059439509363,-5.960464477539063e-08,0.11307290196418762,0.16531696915626526,0.20023313356311745,0.1314759231799949,0.2512913315082077
FBDB15K_r02,FBDB15K,0.2,rescued,896,0.2797412907405357,0.020184810340359655,0.16845908761024475,0.2762432098388672,0.3444417119026184,0.2590243412747181,0.019687053035285156,0.16855916380882263,0.2615215629339218,0.3043411374092102,0.18211721021881594,0.03730768727783887,0.1442589908838272,0.17140616476535797,0.49341240525245667,0.2791171585309452,0.019541416904633426,0.1691589206457138,0.27670882642269135,0.3273739516735077,1.36702734086396,0.014135153875139143,1.3679774434692833,896,0.19570476678200066,0.021848776482085542,0.1340625286102295,0.19439417123794556,0.3002116084098816,0.26132797203691943,0.04120791522980578,0.15514151751995087,0.23880992084741592,0.3480801582336426,0.1518170435696707,0.04878582777876848,0.10182493925094604,0.1339424103498459,0.45137497782707214,0.3911502188670316,0.0538091461294411,0.23857858777046204,0.3796025663614273,0.49013930559158325,1.308039092484087,0.037773885710229105,1.3180928052616716,896,-0.08403652395853507,0.027673142037987875,-0.1301625370979309,-0.08015454560518265,0.00039818882942199707,0.0023036307622013347,0.030185621728181945,-0.03545086085796356,0.0029388144612312317,0.0495644211769104,-0.030300166649145206,0.019814606148279672,-0.08924618363380432,-0.0416608527302742,0.00044192373752593994,0.11203306033608637,0.04051163317066431,-2.9802322387695312e-08,0.11694692075252533,0.1642109751701355,0.2815001493071326,0.06751622238761328,0.31056188039108495
FBDB15K_r02,FBDB15K,0.2,harmed,309,0.2737222949953141,0.019168584439982497,0.1966295689344406,0.2719796597957611,0.3279385566711426,0.2588495323766011,0.0178615704551342,0.19753648340702057,0.2600027024745941,0.2954103946685791,0.19390263444590336,0.03897796364128723,0.14438676834106445,0.1859668493270874,0.4084249436855316,0.2735255348547377,0.018867217208991628,0.19740895926952362,0.27224671840667725,0.31847599148750305,1.3715137078842634,0.012999197207644177,1.373929540856853,309,0.19727051870529705,0.028859633339403203,0.13126333057880402,0.1950000822544098,0.2947017550468445,0.25813382598767387,0.04039156392027869,0.1753450334072113,0.23655246198177338,0.3390260636806488,0.16802386495866437,0.05232833842833804,0.10216466337442398,0.1593620330095291,0.4078584313392639,0.3765717886605309,0.05376412232568658,0.24454523622989655,0.3731875717639923,0.4840838611125946,1.320514718580358,0.03654484163907679,1.3302679707428755,309,-0.07645177629001704,0.031016260196406242,-0.12617886066436768,-0.07469598948955536,0.0004073679447174072,-0.0007157063889272004,0.029879551404240538,-0.03457219898700714,0.0,0.04710081219673157,-0.02587876948723901,0.021594834816942406,-0.08147090673446655,-0.02573050558567047,0.0002635568380355835,0.10304625380579321,0.04432759733500019,-2.9802322387695312e-08,0.11510506272315979,0.16560786962509155,0.2607030448879016,0.09080293924117326,0.2553968315689974
FBDB15K_r02,FBDB15K,0.2,type_consistent,9747,0.27423664598409564,0.020693140938954663,0.09625513106584549,0.273711621761322,0.3768009841442108,0.2623069880428382,0.020262256433860662,0.09625513106584549,0.26448020339012146,0.31979846954345703,0.1892558106908165,0.0475518328699683,0.1425584852695465,0.1776745319366455,0.7112345695495605,0.27420055516988323,0.02049345907117989,0.09625513106584549,0.2743564546108246,0.38705119490623474,1.368286247811245,0.022897596495833762,1.3705865284146812,9747,0.20260183917454258,0.03160592476987743,0.06432387977838516,0.1997743397951126,0.3607940673828125,0.2683829114061203,0.04382313502719129,0.08550676703453064,0.24744565784931183,0.3658086359500885,0.1617811578805109,0.058240713190255186,0.100504569709301,0.14597460627555847,0.7111355662345886,0.3672340910878318,0.05770548509311597,0.09628831595182419,0.3569135069847107,0.5193641781806946,1.3195405363146553,0.03901146561166119,1.3258327838114967,9747,-0.07163480680955304,0.033300247038612195,-0.1301625370979309,-0.07303734123706818,0.0004214048385620117,0.006075923363282104,0.031042560484878277,-0.04110381007194519,0.002437412738800049,0.04984138906002045,-0.027474652810305634,0.02123612885722213,-0.09727495908737183,-0.04026959091424942,0.0013083219528198242,0.09303353591794856,0.04730970999500737,-5.960464477539063e-08,0.10975739359855652,0.16560786962509155,0.2560803447879405,0.10517762594653883,0.3084733789711674
FBDB15K_r02,FBDB15K,0.2,type_mismatch,530,0.2682575687906652,0.024038617299268504,0.09625519812107086,0.27356860041618347,0.3126828968524933,0.26252884322179937,0.023020346592893016,0.09625518321990967,0.268194243311882,0.29352718591690063,0.2013239324936327,0.06964010223790613,0.1452830284833908,0.18340502679347992,0.7112343311309814,0.2678896561124415,0.02396110787793639,0.09625519812107086,0.27349281311035156,0.32799506187438965,1.3667200969320155,0.03702212958386372,1.3719930373706002,530,0.23165933817343892,0.041950561345799324,0.09625519812107086,0.24380776286125183,0.3042835295200348,0.2706012839416288,0.03808423042431138,0.09625519812107086,0.26679758727550507,0.33620187640190125,0.18641381003665475,0.07697353481383089,0.10328961908817291,0.1780596822500229,0.7112343311309814,0.3113255682700085,0.058637061922105244,0.09625519812107086,0.28391094505786896,0.48024052381515503,1.34358785092948,0.04375086560804241,1.3539975470528347,530,-0.03659823061722629,0.04035134853043695,-0.12287771701812744,-2.9802322387695312e-08,0.00041237473487854004,0.008072440719829415,0.023767791448546183,-0.03362390398979187,0.0,0.04557284712791443,-0.014910122456977952,0.021527939018328328,-0.08455508947372437,-1.4901161193847656e-08,0.0014112889766693115,0.04343591215756704,0.05048261722545467,-2.9802322387695312e-08,2.9802322387695312e-08,0.16379022598266602,0.14006530767672298,0.15324780676036953,1.3014435624627972e-06
FBDB15K_r02,FBDB15K,0.2,low_degree,3518,0.2633056780995802,0.01244292977643617,0.12711523473262787,0.26325514912605286,0.300876259803772,0.25998558974049185,0.012299925193802127,0.12683027982711792,0.25991325080394745,0.29468801617622375,0.21365957223027182,0.035244468262279886,0.14615456759929657,0.2123550847172737,0.6189490556716919,0.26304916081491553,0.012358956437863862,0.12710542976856232,0.2628978192806244,0.2975609302520752,1.3791360923247487,0.013025553423783994,1.3819701949336674,3518,0.20289705110255327,0.03715131495146464,0.11191911995410919,0.19612421840429306,0.29397931694984436,0.25037332372596954,0.03389080079642016,0.12637165188789368,0.23342325538396835,0.3324819803237915,0.19953474378707803,0.04374034037946919,0.11304924637079239,0.2050875872373581,0.6189490556716919,0.34719488096294787,0.047813962276378984,0.12710542976856232,0.36870452761650085,0.4570499658584595,1.3457613480247623,0.020824531369848867,1.343570276883561,3518,-0.060408626997026954,0.03363011801367528,-0.1160232424736023,-0.06935454159975052,0.00040443241596221924,-0.009612266014522284,0.027610369107371083,-0.03715240955352783,-0.02833542227745056,0.04899129271507263,-0.014124828443193788,0.0205053905847289,-0.08838534355163574,-0.0004027709364891052,0.0007052570581436157,0.08414572014803233,0.04756148625916138,-5.960464477539063e-08,0.11387775838375092,0.15948903560638428,0.21072767861985178,0.11547390091217975,0.24971649032069965
FBDB15K_r02,FBDB15K,0.2,mid_degree,3295,0.2753977554928008,0.01737930035829811,0.09625519812107086,0.2751537561416626,0.32676583528518677,0.2659606994713384,0.018636674832596442,0.09625518321990967,0.27129635214805603,0.3045600950717926,0.18332600760894047,0.04116242985819206,0.14608117938041687,0.1737821400165558,0.7112343311309814,0.27531553677570114,0.017104012216811515,0.09625519812107086,0.2754693031311035,0.3196474611759186,1.3679897811376125,0.018779309948200002,1.3689197113228833,3295,0.20348197760142397,0.026889499147527272,0.07357317209243774,0.20143191516399384,0.30731531977653503,0.2799814456579175,0.04319565187114284,0.09625519812107086,0.2788706421852112,0.34823593497276306,0.14951063292567393,0.048434014335432755,0.10324186086654663,0.13432227075099945,0.7112343311309814,0.36702594416320594,0.0518588931264992,0.09625519812107086,0.3508460223674774,0.48288190364837646,1.3173181507754783,0.03244016103881117,1.320724809340148,3295,-0.07191577789137685,0.028846815404587545,-0.125442773103714,-0.07148037850856781,0.000400543212890625,0.014020746186579124,0.03165583314678221,-0.03545086085796356,0.006281554698944092,0.04984138906002045,-0.03381537468326652,0.019085476785083832,-0.09585440158843994,-0.04371235519647598,0.0014112889766693115,0.09171040738750481,0.04289019725916454,-2.9802322387695312e-08,0.0736629068851471,0.1636994481086731,0.2761345876104572,0.09377544494373974,0.32114064092177524
FBDB15K_r02,FBDB15K,0.2,high_degree,3464,0.2833187413287906,0.02547761442915854,0.09625513106584549,0.28182241320610046,0.3768009841442108,0.2612230629029987,0.027072984369070754,0.09625513106584549,0.2696012705564499,0.31979846954345703,0.17195857414764978,0.05758571122463161,0.1425584852695465,0.1544182077050209,0.7112345695495605,0.2834996211194104,0.02506661969612637,0.09625513106584549,0.2816801369190216,0.38705119490623474,1.357309644094478,0.030618134585519097,1.357303296937832,3464,0.2059106910192595,0.03328615175011759,0.06432387977838516,0.20134717226028442,0.3607940673828125,0.27597999470372947,0.046584038101576936,0.08550676703453064,0.2661643475294113,0.3658086359500885,0.13887976358190832,0.06522286320404096,0.100504569709301,0.11510617658495903,0.7111355662345886,0.37922954958740956,0.07030175917407809,0.09628831595182419,0.35393834114074707,0.5193641781806946,1.2987042261244963,0.045662983007921494,1.3043253307635556,3464,-0.07740805030953113,0.03815270993245994,-0.1301625370979309,-0.0744895413517952,0.0004214048385620117,0.014756931800730785,0.026186976734789494,-0.04110381007194519,0.003925755620002747,0.049095943570137024,-0.033078810565741454,0.01843516488073229,-0.09727495908737183,-0.04201944172382355,0.0013083219528198242,0.09572992846799916,0.05410941754794863,-2.9802322387695312e-08,0.07330796122550964,0.16560786962509155,0.2653135953105151,0.11097807014816227,0.31486068768438824
FBDB15K_r05,FBDB15K,0.5,all,6423,0.2896391140262546,0.025804734282466102,0.09625513106584549,0.281231164932251,0.40674129128456116,0.24572450177178248,0.03941905877935042,0.09625513106584549,0.2521574795246124,0.31755053997039795,0.16934018360200598,0.03510889787359716,0.13724355399608612,0.16064080595970154,0.7112345695495605,0.29529619987264666,0.02859407847897748,0.09625513106584549,0.28604450821876526,0.4382449686527252,1.3560201602196449,0.023147870628373965,1.360496817383218,6423,0.21627623906262508,0.04479457075702312,0.08143363893032074,0.20126521587371826,0.40674129128456116,0.2508341738173807,0.06046563257220169,0.09266597032546997,0.2238871306180954,0.36217132210731506,0.14352011959115313,0.0434482093165926,0.0912325456738472,0.1349930763244629,0.7112345695495605,0.3893694683686699,0.061824881307402525,0.09625513106584549,0.36517104506492615,0.5901462435722351,1.3022353406144114,0.041738712596940446,1.309359074468031,6423,-0.07336287496362949,0.03741745485887819,-0.13645943999290466,-0.07312220335006714,0.0007012784481048584,0.0051096720455982,0.030843901160766296,-0.039842233061790466,1.4901161193847656e-08,0.04843413829803467,-0.025820064010852857,0.020157077266591026,-0.09405690431594849,-0.040092840790748596,0.003766179084777832,0.09407326849602324,0.05265326753494913,-5.960464477539063e-08,0.0753682553768158,0.17423370480537415,0.2505194073242584,0.11083920345392656,0.3023315748566437
FBDB15K_r05,FBDB15K,0.5,baseline_correct,4569,0.2871746461089186,0.02446345810761909,0.09625513106584549,0.2783960700035095,0.40674129128456116,0.252551138076526,0.03832257701103891,0.09625513106584549,0.259066104888916,0.31755053997039795,0.16844925201873232,0.030252278060612058,0.13893721997737885,0.15963539481163025,0.7112345695495605,0.29182496332129493,0.026618822688536613,0.09625513106584549,0.28120923042297363,0.41148611903190613,1.3576930732010324,0.01892925656525338,1.3606529333347934,4569,0.2088017309079235,0.03647111943055174,0.09625513106584549,0.20046767592430115,0.40674129128456116,0.2629626060023327,0.06159741698568424,0.09625513106584549,0.23354405164718628,0.36217132210731506,0.1386883209899156,0.03897635355538504,0.09789863228797913,0.12215778231620789,0.7112345695495605,0.3895473426917654,0.06074505896383871,0.09625513106584549,0.35638272762298584,0.5405585765838623,1.3000140241889984,0.040138863744639264,1.3076145145481648,4569,-0.07837291520099511,0.03252022163363432,-0.13645943999290466,-0.07336091995239258,0.0006956309080123901,0.010411467925806644,0.03173216190022431,-0.038367852568626404,0.0017822086811065674,0.04843413829803467,-0.02976093102881673,0.019457113883130504,-0.08858534693717957,-0.041451551020145416,0.003766179084777832,0.09772237937047044,0.047542709618110385,-5.960464477539063e-08,0.0741044282913208,0.17423370480537415,0.2738337883944186,0.09128781581733927,0.3113130650163263
FBDB15K_r05,FBDB15K,0.5,cdmr_correct,4706,0.2875985994672223,0.024759405871633257,0.09625513106584549,0.27872391045093536,0.40674129128456116,0.2519678359750707,0.03862772956423315,0.09625513106584549,0.25848495960235596,0.31755053997039795,0.16819161548735587,0.030988574774743285,0.13893721997737885,0.15928994864225388,0.7112345695495605,0.29224194863180225,0.02694323017414841,0.09625513106584549,0.2813820391893387,0.41148611903190613,1.3572806388628191,0.019186942027843303,1.3605039940425419,4706,0.20864070454336103,0.036074259450505686,0.09625513106584549,0.2004944086074829,0.40674129128456116,0.2623613761461673,0.06176567187415838,0.09625513106584549,0.23265999555587769,0.36217132210731506,0.13813825258316256,0.03956199552264914,0.09524732828140259,0.12164841219782829,0.7112345695495605,0.3908596675284128,0.06170281317452752,0.09625513106584549,0.35709957778453827,0.5557376146316528,1.298878799054416,0.040872493902438016,1.3072464278842761,4706,-0.07895789492386127,0.03266855447286045,-0.13645943999290466,-0.07337864488363266,0.0006956309080123901,0.010393540171096541,0.031566801577927905,-0.039707571268081665,0.0017535090446472168,0.04843413829803467,-0.030053362904193297,0.01929076027389447,-0.08858534693717957,-0.04155076667666435,0.003766179084777832,0.0986177188966105,0.047809479625429155,-5.960464477539063e-08,0.07420128583908081,0.1741849184036255,0.27463295272655813,0.09038095481203472,0.3113321085093186
FBDB15K_r05,FBDB15K,0.5,both_correct,4406,0.28702261603445395,0.02452246340953942,0.09625513106584549,0.2782285064458847,0.40674129128456116,0.2529854648545743,0.03846407125736152,0.09625513106584549,0.2597801089286804,0.31755053997039795,0.16835878972053744,0.030489417743302532,0.13893721997737885,0.1593833491206169,0.7112345695495605,0.2916331289524633,0.026692372392788297,0.09625513106584549,0.2809890955686569,0.41148611903190613,1.3576390868519894,0.018978542545273085,1.360599424520254,4406,0.20877554713563654,0.03629585105222946,0.09625513106584549,0.2005186676979065,0.40674129128456116,0.26425399026050117,0.0618247315677701,0.09625513106584549,0.235373854637146,0.36217132210731506,0.13815365076112412,0.03900669592965267,0.09789863228797913,0.12167639285326004,0.7112345695495605,0.38881681253943345,0.060911373038204555,0.09625513106584549,0.35531099140644073,0.5405585765838623,1.2999053939938454,0.04015555766716202,1.3074529046296233,4406,-0.07824706889881744,0.032464795442255445,-0.13645943999290466,-0.07332698255777359,0.0006956309080123901,0.011268525405926863,0.031615147227091474,-0.038367852568626404,0.002082347869873047,0.04843413829803467,-0.030205138959413326,0.01934149820627107,-0.08858534693717957,-0.04156740754842758,0.003766179084777832,0.09718368358697017,0.047498503485154775,-5.960464477539063e-08,0.07393689453601837,0.1741849184036255,0.2747421289138379,0.09125194552967697,0.3125923122973475
FBDB15K_r05,FBDB15K,0.5,both_wrong,1554,0.2956458870489318,0.02817941186050316,0.09625513106584549,0.2923569232225418,0.4016445279121399,0.2273331062156261,0.03656246468754859,0.09625513106584549,0.23651624470949173,0.3090963661670685,0.17265537440623402,0.046010020018103025,0.13724355399608612,0.1655590832233429,0.7112345695495605,0.30436563080457185,0.03177950848270255,0.09625513106584549,0.2993963807821274,0.4382449686527252,1.3518744966645435,0.032322560868561084,1.3599542741062827,1554,0.24010880313995875,0.058545873916245675,0.08143363893032074,0.2195129245519638,0.4016445279121399,0.21831544179426196,0.04310667798099761,0.09266597032546997,0.20813945680856705,0.35364416241645813,0.15880898206448002,0.051005742145440486,0.0912325456738472,0.15111622959375381,0.7112345695495605,0.3827667742814183,0.062367305177846416,0.09625513106584549,0.39659976959228516,0.5901462435722351,1.3123250024669437,0.04291071516052349,1.3176618629787797,1554,-0.05553708390897305,0.04488848387970577,-0.13520056009292603,-0.07057859003543854,0.0007012784481048584,-0.009017664421364147,0.022992231813003056,-0.039842233061790466,-0.0008472129702568054,0.04651212692260742,-0.013846392341753997,0.017641060329935395,-0.09405690431594849,-0.0015664026141166687,0.0016890168190002441,0.07840114347684644,0.06299147729990177,-5.960464477539063e-08,0.12084116041660309,0.17418545484542847,0.17762594500180234,0.1346802661331795,0.258591520374996
FBDB15K_r05,FBDB15K,0.5,rescued,300,0.2960578761498133,0.026610000797252953,0.1495210826396942,0.29249773919582367,0.35768651962280273,0.23702225983142852,0.03793177641678479,0.15207844972610474,0.24416612833738327,0.3032403588294983,0.16573638324936232,0.037477265366546,0.1407366544008255,0.1575615033507347,0.5508802533149719,0.301183480322361,0.028950831343152617,0.14752019941806793,0.295058012008667,0.3927088677883148,1.352016232728534,0.021338945993855458,1.3581666490936164,300,0.20666031633814175,0.032582800528678534,0.1001167744398117,0.19993964582681656,0.3533836901187897,0.23456518352031708,0.05368949009723664,0.13510699570178986,0.21437053382396698,0.3465634882450104,0.13791210467616716,0.04696662463385702,0.09524732828140259,0.12046704441308975,0.550579309463501,0.42086239779988927,0.06535290735288045,0.2141968458890915,0.41697055101394653,0.5557376146316528,1.2838015413773296,0.047759144389490464,1.30459045064099,300,-0.08939755981167158,0.03384880028225626,-0.13593323528766632,-0.08933250606060028,0.0006559491157531738,-0.0024570763111114503,0.027842755477525852,-0.039707571268081665,-7.450580596923828e-09,0.04685905575752258,-0.027824278573195138,0.018385827444254325,-0.061964958906173706,-0.04052295535802841,0.0019192546606063843,0.11967891747752825,0.04740528084615906,-5.960464477539063e-08,0.12477584183216095,0.17393162846565247,0.27302951845604173,0.07643645657142246,0.3029619128991152
FBDB15K_r05,FBDB15K,0.5,harmed,163,0.29128412161868045,0.022423603209098357,0.24044398963451385,0.28589850664138794,0.3614121973514557,0.24081099216192048,0.03212483593383534,0.1780184656381607,0.24981693923473358,0.2951224148273468,0.17089450898711667,0.022795675013516016,0.1404753178358078,0.16641594469547272,0.25754645466804504,0.2970103757695918,0.023972705123147083,0.24587585031986237,0.29052790999412537,0.3739162087440491,1.3591523606481661,0.017481602338975166,1.3634027195582759,163,0.20950949594287052,0.04091901182981555,0.170638307929039,0.1969107985496521,0.3614121675491333,0.22805561801772908,0.04209872171787666,0.1780184656381607,0.2193915694952011,0.33710169792175293,0.153140818094549,0.03519366999676343,0.09972552210092545,0.15074817836284637,0.2557547390460968,0.4092940657051063,0.052332467138968324,0.3029417395591736,0.41012048721313477,0.5229560136795044,1.302950371672705,0.039572143911651904,1.3135200225373953,163,-0.0817746256758099,0.03380719034391149,-0.13352639973163605,-0.09075511991977692,0.0005975961685180664,-0.012755374144191391,0.02550958324807633,-0.03604230284690857,-0.029172822833061218,0.047660231590270996,-0.017753690892567665,0.01871694428144138,-0.06180986762046814,-0.0029661059379577637,5.27501106262207e-05,0.11228368993551453,0.04641120721192745,-2.9802322387695312e-08,0.12397202849388123,0.17423370480537415,0.24928073116397806,0.08879921375302254,0.26064748663313864
FBDB15K_r05,FBDB15K,0.5,type_consistent,6103,0.289137174396872,0.025855004799043565,0.09625513106584549,0.2805132567882538,0.40674129128456116,0.2470285060519315,0.03898034734603742,0.09625513106584549,0.25279033184051514,0.31755053997039795,0.16915132419097703,0.03484843810439455,0.13724355399608612,0.16053403913974762,0.7112345695495605,0.2946829946594767,0.028486569421644247,0.09625513106584549,0.28471678495407104,0.4382449686527252,1.356260727060071,0.023072214006402955,1.3607215194888596,6103,0.2138296249651448,0.0426590802196172,0.08143363893032074,0.2009042501449585,0.40674129128456116,0.25206357130315993,0.06047391313260431,0.09266597032546997,0.22484174370765686,0.36217132210731506,0.14265454467126587,0.042960613627952844,0.09501727670431137,0.133214071393013,0.7112345695495605,0.39145225978558834,0.06147524426033423,0.09625513106584549,0.3756204843521118,0.5579661726951599,1.3010182141348179,0.04147939840837849,1.3090439463699253,6103,-0.07530754943172717,0.03601991987401373,-0.13645943999290466,-0.07317943871021271,0.000696331262588501,0.005035065251228439,0.03122583417320692,-0.039842233061790466,1.4901161193847656e-08,0.04843413829803467,-0.026496779519711168,0.01998031376353858,-0.09405690431594849,-0.04045648127794266,0.003766179084777832,0.0967692651261116,0.05114863626912691,-5.960464477539063e-08,0.11465957760810852,0.17423370480537415,0.256889141690947,0.10446430642684126,0.3029379398364476
FBDB15K_r05,FBDB15K,0.5,type_mismatch,320,0.29921204389538614,0.02280152104539815,0.12103024870157242,0.29820793867111206,0.376236230134964,0.22085469514131545,0.039482860837733946,0.11402493715286255,0.20015692710876465,0.29332128167152405,0.1729420866817236,0.039578918004451284,0.13785754144191742,0.16329173743724823,0.6437368988990784,0.3069911730475724,0.028119666225638364,0.1212078183889389,0.3034761846065521,0.42901915311813354,1.3514320995098845,0.02409069257436906,1.3566048458831075,320,0.26293775730300695,0.05724411859933802,0.12103024870157242,0.28989748656749725,0.376236230134964,0.22738725864328443,0.05530289175567815,0.11402493715286255,0.1983315646648407,0.3356333076953888,0.16002825626637787,0.049035562469711365,0.0912325456738472,0.15892360359430313,0.6437368988990784,0.3496467308141291,0.05462490265036999,0.1212078183889389,0.3379707783460617,0.5901462435722351,1.325448224692403,0.03983206326827636,1.3282575379037511,320,-0.03627428659237921,0.04370067095510724,-0.13147425651550293,0.0,0.0007012784481048584,0.00653256350196898,0.022295479790174474,-0.03295572102069855,0.0,0.04363948106765747,-0.012913830415345728,0.019139349034840242,-0.05804705619812012,-1.4901161193847656e-08,0.0004920214414596558,0.04265555776655674,0.054485571801291495,-5.960464477539063e-08,2.9802322387695312e-08,0.17403843998908997,0.12903662969956906,0.15142760079650092,1.3014435624627972e-06
FBDB15K_r05,FBDB15K,0.5,low_degree,2204,0.2845303131548008,0.01867306851205758,0.13058912754058838,0.2798941731452942,0.3505789339542389,0.24390193191906284,0.03199642364328984,0.15207844972610474,0.2500966042280197,0.3001713454723358,0.17980424528383732,0.023526226232991353,0.14045041799545288,0.17548149079084396,0.5546762347221375,0.29176350883774443,0.021207691189584755,0.1310560554265976,0.2865094095468521,0.39857056736946106,1.3648323405880018,0.014224436336107295,1.367049757383318,2204,0.2192205513900183,0.04996422393597197,0.1001167744398117,0.19902827590703964,0.3505789637565613,0.23348376901985946,0.0467195752446705,0.13510699570178986,0.220706507563591,0.34430086612701416,0.16650849594624745,0.03271647858446529,0.1043945923447609,0.17066892236471176,0.5537284016609192,0.3807871847290093,0.04446533323284023,0.13594262301921844,0.3984108865261078,0.533579409122467,1.3231454154027942,0.021423577574331023,1.321269253329746,2204,-0.06530976176478252,0.03618331223891267,-0.12941662967205048,-0.07223713397979736,0.0007012784481048584,-0.010418162899203396,0.027803938100155967,-0.03705121576786041,-0.029188670217990875,0.04687589406967163,-0.013295749337589893,0.017705329379851992,-0.08164772391319275,-0.0018210187554359436,0.0019192546606063843,0.08902367589126481,0.05103950794127197,-5.960464477539063e-08,0.12192201614379883,0.17288866639137268,0.2159103875575665,0.11604442327399078,0.25907727829131616
FBDB15K_r05,FBDB15K,0.5,mid_degree,2060,0.28842824977433795,0.024394133234440642,0.098761647939682,0.2798786908388138,0.3607161045074463,0.253211444070183,0.03836811897478907,0.09837368875741959,0.26044970750808716,0.3087032735347748,0.16619564078531218,0.03133433372883447,0.13943029940128326,0.15860862284898758,0.7040000557899475,0.29216466455277307,0.02681479492461118,0.09886454790830612,0.2813846617937088,0.4185629189014435,1.356507495519661,0.020270793054671422,1.3602178834141232,2060,0.21306182040823896,0.03815858386640937,0.09606979042291641,0.20190412551164627,0.3607161343097687,0.26589977028372797,0.06237108159171267,0.09837368875741959,0.2595496326684952,0.3532407581806183,0.1340565617982913,0.0366621096844378,0.0912325456738472,0.12124569714069366,0.7040000557899475,0.3869818488588032,0.05946232223449995,0.09886454045772552,0.35313649475574493,0.5901462435722351,1.2994726412864277,0.038145638727360036,1.3069713462528325,2060,-0.07536642936609902,0.03195446750324954,-0.1348298043012619,-0.07267393916845322,0.0006956309080123901,0.012688326213545013,0.03161638604188018,-0.03532429039478302,0.0031355321407318115,0.04843413829803467,-0.03213907898702089,0.017965023433697845,-0.09405690431594849,-0.04213576763868332,0.0016890168190002441,0.09481718430603013,0.047209810613756044,-5.960464477539063e-08,0.07361859083175659,0.17412957549095154,0.27447151306262163,0.09388529775868938,0.3151441084571047
FBDB15K_r05,FBDB15K,0.5,high_degree,2159,0.29600973814836307,0.031442526557548006,0.09625513106584549,0.2887212932109833,0.40674129128456116,0.24044142758034623,0.045697014804307025,0.09625513106584549,0.24618005752563477,0.31755053997039795,0.16165837084407772,0.04455347368059727,0.13724355399608612,0.14912740886211395,0.7112345695495605,0.3018904628647097,0.03495182249272265,0.09625513106584549,0.2923634946346283,0.4382449686527252,1.3465593189737475,0.028748003738998933,1.3546518172106514,2159,0.21633758137779913,0.0448664150393213,0.08143363893032074,0.20153814554214478,0.40674129128456116,0.2541714426701187,0.06634634072832248,0.09266597032546997,0.22190169990062714,0.36217132210731506,0.1290822073941487,0.04906612909272608,0.09761089831590652,0.11244740337133408,0.7112345695495605,0.4004087686614617,0.07600550534602084,0.09625513106584549,0.35555633902549744,0.5405585765838623,1.2835254544551014,0.05022148141392283,1.3009709178508726,2159,-0.07967215677056394,0.041767828964345506,-0.13645943999290466,-0.07390156388282776,0.0006852149963378906,0.013730015089772486,0.02668446333842171,-0.039842233061790466,0.001622721552848816,0.04816281795501709,-0.032576163449929016,0.018355756237452874,-0.08858534693717957,-0.04157724976539612,0.003766179084777832,0.098518305796752,0.05844268240437435,-4.470348358154297e-08,0.07359856367111206,0.17423370480537415,0.2629959898832027,0.11164966521181605,0.31171731739849146
FBDB15K_r08,FBDB15K,0.8,all,2570,0.28806375771297094,0.025987358538694282,0.09625513106584549,0.2837376147508621,0.4241185784339905,0.2412083400043764,0.038344720891857864,0.09625513106584549,0.23765187710523605,0.31480318307876587,0.17568403124693302,0.04686872369884051,0.13886862993240356,0.1598319187760353,0.7112345695495605,0.29504387071972227,0.02952151792085635,0.09625513106584549,0.28988949954509735,0.42740488052368164,1.3566211686153702,0.028850208657283178,1.358695713250134,2570,0.2127479823878767,0.04180764215753264,0.06374350935220718,0.19796182215213776,0.42411860823631287,0.2451066682687761,0.06185190704722286,0.08498770743608475,0.2130294069647789,0.35632461309432983,0.1479522036584203,0.05273983245693089,0.09697821736335754,0.1356881782412529,0.7112345695495605,0.3941931452645634,0.06855895656798262,0.09625513106584549,0.36919131875038147,0.561484158039093,1.2987222734260486,0.046850958990717916,1.3021250227952137,2570,-0.07531577532509422,0.038369465467518,-0.13645489513874054,-0.07676936686038971,5.960464477539063e-08,0.003898328264399725,0.030039624088375384,-0.04049420356750488,-1.4901161193847656e-08,0.04877258837223053,-0.02773182758851274,0.021103023489414622,-0.08762377500534058,-0.040773168206214905,2.9802322387695312e-08,0.09914927454484113,0.055265240050370736,-5.960464477539063e-08,0.08123605698347092,0.18207043409347534,0.25385902286116024,0.11306506540552054,0.304147229821223
FBDB15K_r08,FBDB15K,0.8,baseline_correct,2078,0.2863984318545108,0.024723059309549846,0.09625513106584549,0.2806752473115921,0.3694606423377991,0.2458379352689363,0.038675167410610056,0.09625513106584549,0.24466202408075333,0.31480318307876587,0.17513313637087274,0.042648955659403805,0.14019621908664703,0.1591159924864769,0.7112345695495605,0.29263049633716365,0.027974017454613444,0.09625513106584549,0.2847070097923279,0.4141409993171692,1.3580508607058532,0.024302422843589033,1.358929586656358,2078,0.2068748625212271,0.03591923569386311,0.06374350935220718,0.19722560048103333,0.3680739998817444,0.2528932950494379,0.06326998659673247,0.08498770743608475,0.21821462363004684,0.3561563193798065,0.14472027247031224,0.04915740053834468,0.09752219915390015,0.1287793219089508,0.7082078456878662,0.3955115691056839,0.06612093964687414,0.1229950338602066,0.36573611199855804,0.5567602515220642,1.2971784350163877,0.0448164670024517,1.3015894728815027,2078,-0.0795235693332837,0.03478666385917931,-0.13645489513874054,-0.07691504806280136,5.960464477539063e-08,0.007055359780501585,0.0306962991098546,-0.04049420356750488,0.0,0.04877258837223053,-0.030412863900560503,0.020676591910561145,-0.08762377500534058,-0.04145102947950363,2.9802322387695312e-08,0.10288107276852022,0.051292593408265495,-5.960464477539063e-08,0.08098078519105911,0.18207043409347534,0.2708734432391031,0.0993191470562477,0.30839166911020155
FBDB15K_r08,FBDB15K,0.8,cdmr_correct,2119,0.28639362155758247,0.02511854327026918,0.09625513106584549,0.28078746795654297,0.3694606423377991,0.24545099838351572,0.03874994948617686,0.09625513106584549,0.2443067729473114,0.31480318307876587,0.17547490441782287,0.04418240314751135,0.14019621908664703,0.15915533900260925,0.7112345695495605,0.29268047525430974,0.028346182726081984,0.09625513106584549,0.2847272455692291,0.4141409993171692,1.3578275564445283,0.025923983664318043,1.3589205274202358,2119,0.20655092209886977,0.035465946857263744,0.06374350935220718,0.19717282056808472,0.3680739998817444,0.2521614493303785,0.06325371777632902,0.08498770743608475,0.2178095132112503,0.35632461309432983,0.144948948172957,0.05017102462972042,0.09752219915390015,0.12936705350875854,0.7082078456878662,0.3963386795820634,0.06647414141394968,0.1229950338602066,0.3682377338409424,0.5567602515220642,1.2966664136032893,0.045223367705801924,1.301372333707414,2119,-0.07984269945871272,0.03458196228789986,-0.13645489513874054,-0.07693091034889221,5.960464477539063e-08,0.0067104509468627685,0.03078078569585879,-0.04049420356750488,0.0,0.04877258837223053,-0.030525956244865867,0.020622420266548362,-0.08762377500534058,-0.041425518691539764,2.9802322387695312e-08,0.10365820432775366,0.05107404013102271,-5.960464477539063e-08,0.08136381208896637,0.18207043409347534,0.2716786580147152,0.09789339732989667,0.3083565589341873
FBDB15K_r08,FBDB15K,0.8,both_correct,2024,0.2861540409011155,0.02486352876075045,0.09625513106584549,0.28034400939941406,0.3694606423377991,0.24608603123531275,0.03874543291793405,0.09625513106584549,0.24499808996915817,0.31480318307876587,0.17539033880494093,0.04311185547920836,0.14019621908664703,0.15905578434467316,0.7112345695495605,0.29236958882672043,0.028097157306874655,0.09625513106584549,0.2842712998390198,0.4141409993171692,1.3580980116557726,0.024546384035461506,1.358929586656358,2024,0.20659593861594266,0.03556569851348777,0.06374350935220718,0.19721343368291855,0.3680739998817444,0.2534518410182989,0.06337002809924625,0.08498770743608475,0.21902114152908325,0.3561563193798065,0.14474849811140375,0.049598890550443496,0.09752219915390015,0.1279107853770256,0.7082078456878662,0.3952037213303944,0.06610772226544477,0.1229950338602066,0.36494235694408417,0.5567602515220642,1.2971975217809901,0.04491010386255167,1.3015720431271443,2024,-0.07955810228517286,0.034601244929162576,-0.13645489513874054,-0.07688599824905396,5.960464477539063e-08,0.0073658097829861135,0.030712102163601786,-0.04049420356750488,0.0,0.04877258837223053,-0.03064184069353719,0.02063248275325152,-0.08762377500534058,-0.04149651899933815,2.9802322387695312e-08,0.10283413250367396,0.051079879291590274,-5.960464477539063e-08,0.08088851720094681,0.18207043409347534,0.27169390567562757,0.09868114511052992,0.3084835919481496
FBDB15K_r08,FBDB15K,0.8,both_wrong,397,0.2959587169571848,0.029722518614793556,0.09625513106584549,0.2987077832221985,0.4241185784339905,0.21919815105289897,0.027503194801268633,0.09625513106584549,0.2127862274646759,0.3046901226043701,0.17818646399440333,0.06122358282838139,0.13886862993240356,0.16353486478328705,0.7112345695495605,0.30665666771400485,0.03351350176490183,0.09625513106584549,0.3069218099117279,0.42740488052368164,1.350227955365407,0.041632422072751404,1.356545672543077,397,0.2452018293423076,0.05523674025145008,0.06454914063215256,0.230848029255867,0.42411860823631287,0.2092400136725128,0.0376254262956694,0.08596773445606232,0.2054002732038498,0.34555694460868835,0.16456568314311487,0.06432689195321706,0.09697821736335754,0.15032097697257996,0.7112345695495605,0.38099247523083796,0.07769156783393369,0.09625513106584549,0.367063045501709,0.561484158039093,1.310002791940164,0.05396906905552302,1.3099051393657088,397,-0.05075688761487716,0.04694265065734603,-0.1333428919315338,-0.07449282705783844,2.9802322387695312e-08,-0.00995813738038618,0.020885781032117412,-0.03921729326248169,-0.0020457059144973755,0.042364299297332764,-0.013620780851288466,0.01761429993498124,-0.08523362874984741,-0.0036201775074005127,2.9802322387695312e-08,0.0743358075168331,0.06820406968418397,-5.960464477539063e-08,0.07975426316261292,0.1811636984348297,0.160614766893235,0.13905776654954952,0.26776829397149565
FBDB15K_r08,FBDB15K,0.8,rescued,95,0.2914979504911523,0.029584190035113027,0.09824496507644653,0.29272645711898804,0.33543938398361206,0.2319214563620718,0.036295667746897756,0.09826308488845825,0.23195786774158478,0.3145918548107147,0.17727659705438112,0.06276718817616053,0.1427711546421051,0.1635114699602127,0.7052523493766785,0.29930399240631805,0.03251213642205425,0.09823960810899734,0.30022141337394714,0.35322245955467224,1.3520654369965455,0.04602829557866952,1.3580576524556276,95,0.2055918333561797,0.0332552462214021,0.08683996647596359,0.1957276314496994,0.32848915457725525,0.2246693148424751,0.053814155193781084,0.13647539913654327,0.20359653234481812,0.35632461309432983,0.14921958948436537,0.060944067681643004,0.1002320796251297,0.14007942378520966,0.6233423352241516,0.420519263807096,0.06958223855473435,0.1533423364162445,0.43192511796951294,0.5342836380004883,1.2853510141120652,0.05012654992321324,1.2967797386723565,95,-0.08590611713497262,0.033600587557603555,-0.13392212986946106,-0.07912223041057587,0.0,-0.007252141519596702,0.028867561186116254,-0.035531044006347656,-0.004802733659744263,0.046986937522888184,-0.028057007570015755,0.020249889115945646,-0.08191001415252686,-0.02534809708595276,2.9802322387695312e-08,0.12121527140077791,0.04767735566839737,-2.9802322387695312e-08,0.13327082991600037,0.1810905933380127,0.271353802586435,0.07927081463076578,0.27332705499980325
FBDB15K_r08,FBDB15K,0.8,harmed,54,0.295558566848437,0.01624836585023742,0.2676585614681244,0.2939245253801346,0.33249858021736145,0.23653893089956707,0.03468560034399074,0.1849350482225418,0.23325958847999573,0.30647310614585876,0.16549280810135383,0.015347743593248062,0.14358149468898773,0.16130926460027695,0.20846424996852875,0.30240969635822157,0.020629273837210468,0.263674795627594,0.29852986335754395,0.3459658622741699,1.3562835732496146,0.0118628123952369,1.3593749685127996,54,0.21732934371188836,0.046100250848846835,0.1732150763273239,0.19761431962251663,0.3262014091014862,0.23195816466101893,0.05548203089461162,0.17285026609897614,0.2099306955933571,0.347655713558197,0.14366233362643807,0.02794837173086244,0.1026976928114891,0.1503436043858528,0.19165635108947754,0.4070501597943129,0.06558044270111069,0.2969284653663635,0.42604297399520874,0.5255952477455139,1.2964630348024113,0.04114707232742224,1.3017169482981872,54,-0.07822922313654865,0.041117178761088675,-0.13422483205795288,-0.08159791678190231,0.0,-0.004580766238548138,0.027692550913656744,-0.03371463716030121,-0.0019413083791732788,0.04250487685203552,-0.02183047447491575,0.020498639021920492,-0.058893680572509766,-0.01417585089802742,1.4901161193847656e-08,0.10464046343609139,0.05868518948624061,0.0,0.1347467005252838,0.18050751090049744,0.24012129561826048,0.11673987964644957,0.273354077091817
FBDB15K_r08,FBDB15K,0.8,type_consistent,2431,0.2880057614436124,0.025945830188223707,0.09625513106584549,0.2834472060203552,0.4241185784339905,0.24206287705912996,0.03860497137586604,0.09625513106584549,0.23916539549827576,0.31480318307876587,0.17488124694465268,0.04587290120031563,0.13886862993240356,0.15955905616283417,0.7112345695495605,0.2950501142829007,0.02958008044302457,0.09625513106584549,0.2895221412181854,0.42740488052368164,1.356520456508816,0.028050605947878143,1.3586262597942032,2431,0.21019581151825073,0.03963221094649601,0.06374350935220718,0.19750270247459412,0.42411860823631287,0.24581273780627685,0.06256260876542191,0.08498770743608475,0.2128603309392929,0.35632461309432983,0.14630673116234683,0.05120875954467743,0.09697821736335754,0.13465625047683716,0.7112345695495605,0.3976847189491985,0.06730198072777799,0.09625513106584549,0.3803568482398987,0.561484158039093,1.2966590042787194,0.04557404353360972,1.3015524388113417,2431,-0.07780994992536167,0.036564812111387554,-0.13645489513874054,-0.07687254250049591,2.9802322387695312e-08,0.003749860747146881,0.03052406907918169,-0.04049420356750488,-1.4901161193847656e-08,0.04877258837223053,-0.02857451578230585,0.020856893153054588,-0.08762377500534058,-0.040998175740242004,2.9802322387695312e-08,0.10263460466629779,0.0532825850171141,-5.960464477539063e-08,0.11951056122779846,0.18207043409347534,0.2617727698463574,0.10516374153241487,0.3074462864954982
FBDB15K_r08,FBDB15K,0.8,type_mismatch,139,0.28907806656772284,0.02668284328164361,0.09717567265033722,0.2885831892490387,0.3960408568382263,0.22626316316908213,0.02973122610586776,0.0970677062869072,0.21589286625385284,0.28516674041748047,0.18972409339688664,0.06002903120483789,0.14080531895160675,0.17879241704940796,0.7085847854614258,0.2949346757406811,0.02847761996433604,0.0971718281507492,0.29323142766952515,0.3610098958015442,1.3583825436587724,0.040308553885374215,1.3636825599272022,139,0.2573834311940687,0.05234639871238065,0.06454914063215256,0.2718484401702881,0.3960408568382263,0.23275807081795424,0.04602203374663071,0.08596773445606232,0.21372593939304352,0.32468482851982117,0.1767302154422664,0.06847934248610756,0.09860389679670334,0.16918158531188965,0.705975353717804,0.3331282846361613,0.061195600367677724,0.14350779354572296,0.31762999296188354,0.5407695174217224,1.334807218009918,0.05368885913804215,1.345521376562698,139,-0.03169463537365413,0.04272804572079151,-0.13043588399887085,0.0,5.960464477539063e-08,0.006494907648872128,0.019547935654123907,-0.0318206250667572,0.0,0.04325130581855774,-0.012993877954620252,0.019908104951497314,-0.06582948565483093,0.0,2.9802322387695312e-08,0.0381936088954802,0.05375970730309198,-2.9802322387695312e-08,0.0,0.17975962162017822,0.11545385076753283,0.150628665132236,7.850363000546746e-07
FBDB15K_r08,FBDB15K,0.8,low_degree,881,0.2877760726226986,0.015897055617637747,0.15790413320064545,0.28713685274124146,0.34642890095710754,0.23974260836670536,0.027282276348766257,0.18757623434066772,0.23698872327804565,0.3078884184360504,0.1776469494982556,0.027642594455960966,0.14253750443458557,0.1717415750026703,0.49118080735206604,0.2948343693262873,0.017931045011462997,0.157500758767128,0.2940071225166321,0.3595636188983917,1.3635316628530567,0.010452496417752508,1.3642732752744502,881,0.21744430048241112,0.04337844377463087,0.14524970948696136,0.19704605638980865,0.34642890095710754,0.22824758950887283,0.048158948494552274,0.16640916466712952,0.21149052679538727,0.34939271211624146,0.1627846207304791,0.03504556580817148,0.10647919774055481,0.16515739262104034,0.49118080735206604,0.39152348966725703,0.057616418406506366,0.157500758767128,0.42042866349220276,0.5147687196731567,1.3148903708382507,0.02947514131533622,1.3075910255103813,881,-0.07033177214028752,0.038274540798703086,-0.1259799748659134,-0.07893894612789154,2.9802322387695312e-08,-0.011495018857832528,0.027573947135820467,-0.03555972874164581,-0.030674710869789124,0.04838387668132782,-0.01486232876777649,0.017612178965766095,-0.08762377500534058,-0.00416170060634613,2.9802322387695312e-08,0.09668912034096973,0.05452262104697003,-2.9802322387695312e-08,0.1325947344303131,0.17835500836372375,0.22465175662591658,0.11747790336512488,0.27048206808110875
FBDB15K_r08,FBDB15K,0.8,mid_degree,820,0.2861407192741952,0.026347220866539487,0.09636935591697693,0.2795835882425308,0.3453284800052643,0.2475063293808844,0.04044629799680512,0.09637285023927689,0.25117725133895874,0.31339961290359497,0.17457656269756758,0.048806077934480094,0.1425016224384308,0.15734289586544037,0.7108868956565857,0.29177638983762844,0.029931786209338247,0.0963708907365799,0.28146128356456757,0.3815650939941406,1.3563900090225853,0.030720498434432177,1.3579111121149217,820,0.2087280262988515,0.03602616543581953,0.06454914063215256,0.19892682135105133,0.3453284800052643,0.25905774081262145,0.06578858900169114,0.08596773445606232,0.2473786473274231,0.3552202880382538,0.14016855931500108,0.05207890357971783,0.09697821736335754,0.12403758242726326,0.705975353717804,0.39204567192894657,0.06655876332394185,0.14350779354572296,0.35985858738422394,0.561484158039093,1.2952741572612947,0.04426492587657174,1.3004450529726408,820,-0.07741269297534373,0.032769521996170635,-0.13560809195041656,-0.0764598548412323,2.9802322387695312e-08,0.011551411431737062,0.030456718077017896,-0.035677582025527954,0.002234719693660736,0.046986937522888184,-0.0344080033825665,0.01896832186824772,-0.08191001415252686,-0.04215497151017189,2.9802322387695312e-08,0.10026928209131811,0.04954605418085254,-5.960464477539063e-08,0.07998538017272949,0.1811636984348297,0.2778719800830551,0.09623286817712629,0.3122490156104075
FBDB15K_r08,FBDB15K,0.8,high_degree,869,0.29017002018054966,0.032833278340351504,0.09625513106584549,0.2808926999568939,0.4241185784339905,0.23675144504931497,0.044616356075307895,0.09625513106584549,0.22865711152553558,0.31480318307876587,0.17473902921133402,0.05889110923739314,0.13886862993240356,0.15238142013549805,0.7112345695495605,0.2983395036897259,0.03721714685307755,0.09625513106584549,0.28467682003974915,0.42740488052368164,1.3498333728071785,0.036955760366754686,1.3545195989502377,869,0.2117800971769628,0.044702301781116914,0.06374350935220718,0.19779418408870697,0.42411860823631287,0.2490341353591347,0.0662680232797556,0.08498770743608475,0.20808279514312744,0.35632461309432983,0.14025971680125104,0.06389230908480645,0.09752219915390015,0.11085955053567886,0.7112345695495605,0.39892605057691405,0.0795054719575676,0.09625513106584549,0.3628178834915161,0.5567602515220642,1.2855845995882447,0.05755920680383245,1.2968868302887455,869,-0.07838992300358685,0.04262300141598937,-0.13645489513874054,-0.07685357332229614,5.960464477539063e-08,0.012282690309819747,0.025628018745551314,-0.04049420356750488,0.0,0.04877258837223053,-0.034479312410083,0.020188410168668285,-0.08681607246398926,-0.041705429553985596,2.9802322387695312e-08,0.10058654688718816,0.06077131656089623,-5.960464477539063e-08,0.08001163601875305,0.18207043409347534,0.26081066455425117,0.1167018885475284,0.308903171266589
FBYG15K_r02_lr5e4,FBYG15K,0.2,all,8960,0.2765372221083713,0.009659899715200208,0.09631334245204926,0.2782021313905716,0.3854197859764099,0.2736353719947926,0.009373869753080369,0.09631258249282837,0.27583782374858856,0.2895672619342804,0.17348275008178982,0.026954107929540803,0.14265315234661102,0.1662987470626831,0.7110605239868164,0.27634465613768305,0.009289669500514068,0.09631358087062836,0.2783817648887634,0.31146201491355896,1.3670834609633573,0.01173003583431295,1.365817212488877,8960,0.20067859067764532,0.025609666447220056,0.06436535716056824,0.20247993618249893,0.2991326153278351,0.28045675037345585,0.036725383349661245,0.0855565071105957,0.2815977483987808,0.33348578214645386,0.1447860255521456,0.03580800298856572,0.10399769246578217,0.13281846046447754,0.7106203436851501,0.37407863349321163,0.04313432969944767,0.1235404908657074,0.38157203793525696,0.4449337422847748,1.3160375733981091,0.02646051959861086,1.315341990755209,8960,-0.07585863143072596,0.026270063319826037,-0.11551177501678467,-0.07380722463130951,0.0004003942012786865,0.006821378378663212,0.03295064925879112,-0.036347419023513794,0.005194380879402161,0.04948417842388153,-0.028696724529644207,0.02055347027687866,-0.09761184453964233,-0.04168587923049927,0.006789222359657288,0.09773397735552862,0.04000452009499092,-2.9802322387695312e-08,0.11699044704437256,0.15085363388061523,0.27508231450430604,0.08442288562916447,0.31146049691102007
FBYG15K_r02_lr5e4,FBYG15K,0.2,baseline_correct,5388,0.2770892189346868,0.00882449076724133,0.13455092906951904,0.27843640744686127,0.3854197859764099,0.27420692261427354,0.008380609964089408,0.13369989395141602,0.2761259526014328,0.2895672619342804,0.1718341309463836,0.023658197818672524,0.14265315234661102,0.16559270024299622,0.5973556637763977,0.27686972754614037,0.008312162237806904,0.13439355790615082,0.2786281555891037,0.31146201491355896,1.3667634247967864,0.009469897042744648,1.3654821458886615,5388,0.19657981553223502,0.020340153307541884,0.08988967537879944,0.20114727318286896,0.2991326153278351,0.2823468680398811,0.03649862229007418,0.1187395304441452,0.28294093906879425,0.33348578214645386,0.1407935362428139,0.031760571609775225,0.10399769246578217,0.12965744733810425,0.5968390107154846,0.3802797804215305,0.03803238000792842,0.19453173875808716,0.38948434591293335,0.4449337422847748,1.311974522321479,0.023870008031728313,1.3137656540925158,5388,-0.08050940340245177,0.02083366764791354,-0.11551177501678467,-0.07420794665813446,0.0004003942012786865,0.00813994542560758,0.03321220763947486,-0.036283597350120544,0.005598217248916626,0.04948417842388153,-0.03104059470356971,0.019927091340596104,-0.08903747797012329,-0.04248357564210892,0.006789222359657288,0.10341005287539012,0.03499420631906417,-2.9802322387695312e-08,0.11909857392311096,0.15082016587257385,0.29047164822012334,0.05919567459335586,0.3130406352935475
FBYG15K_r02_lr5e4,FBYG15K,0.2,cdmr_correct,5543,0.2771499563178581,0.008741423145952549,0.13455092906951904,0.2784419059753418,0.3854197859764099,0.2743408629261112,0.008311370116113872,0.13369989395141602,0.2761671245098114,0.2895672619342804,0.17154316500638467,0.023406220492698082,0.14265315234661102,0.1655217409133911,0.5973556637763977,0.2769660156206084,0.008230801102830339,0.13439355790615082,0.2786695957183838,0.31146201491355896,1.3666638176054686,0.00935618232734709,1.3654336518568313,5543,0.196097322203516,0.0197147365335392,0.08988967537879944,0.20081166923046112,0.2991326153278351,0.2838420051918033,0.03639023293137967,0.1187395304441452,0.2835983633995056,0.33348578214645386,0.13996600598935593,0.03143664695435143,0.10399769246578217,0.12882159650325775,0.5968390107154846,0.380094666986308,0.03784404818710857,0.19453173875808716,0.3866640031337738,0.4449337422847748,1.3114299809856445,0.023683388998152404,1.3133726855139811,5543,-0.08105263411434209,0.020350462035590287,-0.11551177501678467,-0.07433763146400452,0.0003955364227294922,0.00950114226569214,0.03303323262706274,-0.03606101870536804,0.00579485297203064,0.04948417842388153,-0.03157715901702873,0.01987664616513409,-0.08903747797012329,-0.04268026351928711,0.006789222359657288,0.10312865136569961,0.03480010007429717,-2.9802322387695312e-08,0.11851590871810913,0.15082016587257385,0.2927583843858788,0.05688620121473897,0.31384252160404685
FBYG15K_r02_lr5e4,FBYG15K,0.2,both_correct,4846,0.27711966504649194,0.008912288648722259,0.13455092906951904,0.2784405052661896,0.3854197859764099,0.2743211460449309,0.008405540787703806,0.13369989395141602,0.27621766924858093,0.2895672619342804,0.1716378091277537,0.023737210090644487,0.14265315234661102,0.16548741608858109,0.5973556637763977,0.2769213797654488,0.00836126568201162,0.13439355790615082,0.2786494642496109,0.31146201491355896,1.3666642310911226,0.009574719669637214,1.3654048267477585,4846,0.19631931895879837,0.020075893114302128,0.08988967537879944,0.2010355144739151,0.2991326153278351,0.28405929530547563,0.036244501402349416,0.1187395304441452,0.2836972177028656,0.33348578214645386,0.13982123585307937,0.0315353391360846,0.10399769246578217,0.1286201849579811,0.5968390107154846,0.37980015018399077,0.03835166888683687,0.19453173875808716,0.3860895186662674,0.4449337422847748,1.3114185885244725,0.023993407301527284,1.3133087162300545,4846,-0.08080034608769358,0.020755279421849276,-0.11551177501678467,-0.07423380762338638,0.0003955364227294922,0.009738149260544747,0.03292471428091687,-0.03606101870536804,0.005823001265525818,0.04948417842388153,-0.03181657327467432,0.019793497103326452,-0.08903747797012329,-0.042744290083646774,0.006789222359657288,0.10287877041854201,0.035198918398907354,-2.9802322387695312e-08,0.11839532852172852,0.15082016587257385,0.29242575168325763,0.05847822159381019,0.31395162716997166
FBYG15K_r02_lr5e4,FBYG15K,0.2,both_wrong,2875,0.27530312605785284,0.011366137413079276,0.09631334245204926,0.2775707542896271,0.30654090642929077,0.272359966804152,0.011212573714644347,0.09631258249282837,0.27532005310058594,0.2890249490737915,0.17720215742484383,0.03298972174866808,0.14601537585258484,0.1679943948984146,0.7110605239868164,0.27513475086378014,0.011159093724649558,0.09631358087062836,0.2777308225631714,0.2914476692676544,1.3677856696720219,0.015677068738325212,1.366615053317491,2875,0.2098449005510496,0.032782488388665404,0.06436535716056824,0.20471182465553284,0.29650288820266724,0.2764600586502448,0.03667537075391401,0.0855565071105957,0.27674782276153564,0.3323889672756195,0.15319281857946646,0.04210325829603633,0.10430501401424408,0.1414596140384674,0.7106203436851501,0.36050222186938574,0.050345931512414635,0.1235404908657074,0.3550505042076111,0.437043160200119,1.3247499223530768,0.02985577719649748,1.3196995583218323,2875,-0.06545822550680326,0.033247880302667794,-0.11216838657855988,-0.07269600033760071,0.00039437413215637207,0.004100091846092888,0.03208985357383152,-0.036347419023513794,0.0,0.04868702590465546,-0.024009338845377384,0.020956659016968113,-0.09761184453964233,-0.020950376987457275,0.0009000301361083984,0.08536747100560561,0.04712978906895398,-2.9802322387695312e-08,0.07411125302314758,0.15085363388061523,0.24139539664511214,0.11617280389042309,0.259402973969562
FBYG15K_r02_lr5e4,FBYG15K,0.2,rescued,697,0.27736056105392737,0.007442424782866858,0.21581317484378815,0.27845773100852966,0.2921226918697357,0.2744779475834996,0.0076231366749543025,0.21212105453014374,0.27588167786598206,0.28712114691734314,0.17088513715537412,0.020949147126877687,0.14611896872520447,0.1658160537481308,0.3578167259693146,0.27727635328790207,0.007251598055480577,0.21424898505210876,0.27880746126174927,0.2906906008720398,1.3666609427826861,0.007666436579260849,1.3655504850401137,697,0.19455385552331741,0.01691247343522649,0.14416156709194183,0.1991288810968399,0.2835499942302704,0.2823312621633155,0.03735282415029325,0.18833810091018677,0.2829752266407013,0.33030879497528076,0.14097254269006776,0.030722862607148873,0.10556161403656006,0.13002094626426697,0.3574168086051941,0.38214234047845924,0.03403612116645218,0.24816569685935974,0.3902963399887085,0.4355189800262451,1.3115091888290298,0.02140398991555106,1.313899263608089,697,-0.08280670553060994,0.017173456968829697,-0.1116122305393219,-0.07506604492664337,0.0003834366798400879,0.007853314579815912,0.03373208001165594,-0.03600366413593292,0.0056014955043792725,0.04709765315055847,-0.029912594465306364,0.020367752498049584,-0.061473265290260315,-0.041986994445323944,0.00015892088413238525,0.10486598719055717,0.03183548350557938,0.0,0.1193574070930481,0.15040025115013123,0.29507106455360077,0.0441925353846752,0.3129379461120152
FBYG15K_r02_lr5e4,FBYG15K,0.2,harmed,542,0.27681700148485683,0.007991615802972387,0.237763911485672,0.278383806347847,0.2988099753856659,0.2731856555571415,0.00808289919010146,0.23777638375759125,0.2750765532255173,0.2861171364784241,0.1735894363579715,0.022864871501185324,0.14607445895671844,0.16749433428049088,0.28647366166114807,0.2764079071498885,0.007844408338210452,0.23798604309558868,0.27840104699134827,0.29099199175834656,1.3676503116928127,0.008423509387292227,1.3663999056988043,542,0.19890890482167037,0.022431742146163974,0.1583787351846695,0.20186956226825714,0.2875204086303711,0.26703612536631827,0.03516803351831377,0.21100060641765594,0.2452140599489212,0.3289053738117218,0.1494868345613629,0.03243721515327655,0.10421760380268097,0.1381828710436821,0.28599587082862854,0.384568134906987,0.034755687884954006,0.2493101954460144,0.39591215550899506,0.43722614645957947,1.3169451038349347,0.02212462894916099,1.3167982701147114,542,-0.07790809666318647,0.021346342931162846,-0.11162340641021729,-0.07388358563184738,0.0004003942012786865,-0.006149530190823263,0.032342338614086245,-0.036283597350120544,-0.029591567814350128,0.04718595743179321,-0.02410260179660857,0.019774078231331475,-0.06614792346954346,-0.019884027540683746,0.0001687556505203247,0.10816022775709849,0.03272660357658546,-2.9802322387695312e-08,0.12007921934127808,0.15054607391357422,0.2730000884740923,0.06260651829102361,0.25766072767883025
FBYG15K_r02_lr5e4,FBYG15K,0.2,type_consistent,8536,0.2768100908719136,0.009266959244402071,0.09631334245204926,0.2783225476741791,0.3854197859764099,0.2738514213745099,0.009024489930317897,0.09631258249282837,0.2759327292442322,0.2895672619342804,0.17273743588201554,0.025694334545136713,0.14265315234661102,0.16606857627630234,0.7110605239868164,0.27660105223117193,0.00888332690808736,0.09631358087062836,0.27846595644950867,0.31146201491355896,1.3669227641810069,0.011109903528088499,1.3656966779969706,8536,0.19876841460498645,0.022936778448037508,0.06436535716056824,0.20203951001167297,0.2991326153278351,0.2808526794442727,0.03710060349060185,0.0855565071105957,0.28210633993148804,0.33348578214645386,0.1432550314040514,0.034122666148785924,0.10399769246578217,0.13186892867088318,0.7106203436851501,0.37712387463571934,0.03969990828019999,0.134556844830513,0.38522790372371674,0.4449337422847748,1.3144514897368458,0.02462581906150355,1.3148978525365675,8536,-0.07804167626692714,0.023162074973752105,-0.11551177501678467,-0.07394229620695114,0.0004003942012786865,0.007001258069762808,0.03345591890954556,-0.036347419023513794,0.005351528525352478,0.04948417842388153,-0.029482404477964134,0.02026465459172989,-0.09761184453964233,-0.04193240776658058,0.006789222359657288,0.1005228224045474,0.036857172440653764,-2.9802322387695312e-08,0.11804385483264923,0.15085363388061523,0.2830745990372409,0.07118150237540578,0.3121805242883965
FBYG15K_r02_lr5e4,FBYG15K,0.2,type_mismatch,424,0.2710438075668688,0.01453829142847663,0.12345372885465622,0.27434636652469635,0.2976672351360321,0.26928584957671053,0.01405064672413255,0.1235150471329689,0.27240680158138275,0.285751610994339,0.18848747180177355,0.04272541490909739,0.146164208650589,0.1772858276963234,0.6294907331466675,0.27118287063291613,0.014387321641420751,0.1235404908657074,0.27442432940006256,0.2873356342315674,1.370318620713692,0.020291721864027827,1.370687876733884,424,0.23913439953664564,0.041423068726665055,0.12345372140407562,0.2616705745458603,0.2888469099998474,0.27248587643833094,0.026914391766553407,0.1235150471329689,0.2725839763879776,0.3280715048313141,0.17560811528830594,0.051553118872226855,0.10430501401424408,0.17097118496894836,0.6294907331466675,0.3127716089827272,0.060354386244056764,0.1235404908657074,0.28064341843128204,0.43696093559265137,1.3479687293710914,0.038946845030493095,1.3619100525315582,424,-0.03190940803022317,0.04190012421488404,-0.11111156642436981,0.0,0.00038802623748779297,0.003200026861620399,0.019911897554671345,-0.03542979061603546,0.0,0.04693436622619629,-0.0128793565134676,0.019928972403413882,-0.066261425614357,-1.4901161193847656e-08,0.00022011995315551758,0.04158873834981108,0.05622857980186581,-2.9802322387695312e-08,0.0,0.15037944912910461,0.1141810390959746,0.14639846910949378,5.165177864925865e-07
FBYG15K_r02_lr5e4,FBYG15K,0.2,low_degree,3039,0.2735148424447544,0.007829616273083827,0.18688201904296875,0.27433687448501587,0.29309991002082825,0.2692434508800899,0.0078124506621047975,0.18500420451164246,0.2697882652282715,0.28645890951156616,0.18402711712694278,0.022086063780947806,0.14671207964420319,0.181573748588562,0.44136843085289,0.2732145896070527,0.007648187259941379,0.1867453157901764,0.27403920888900757,0.2915327548980713,1.3722644199574807,0.0073857081003390725,1.3728374469151605,3039,0.20078024721461404,0.025928316737582585,0.12482065707445145,0.19423362612724304,0.28569501638412476,0.25776784572114125,0.03374683920120527,0.1642065793275833,0.2407802790403366,0.3292944133281708,0.16904735477906616,0.03213427198738517,0.10867705941200256,0.17033420503139496,0.44072824716567993,0.3724045526847984,0.041445506911077526,0.22714115679264069,0.3907836973667145,0.43304571509361267,1.3309896021553227,0.0190288093762748,1.3285326927513885,3039,-0.07273459523014035,0.027003908509648525,-0.11052514612674713,-0.07418063282966614,0.00038151443004608154,-0.011475605158948632,0.03051521360269021,-0.035816460847854614,-0.02988705039024353,0.047189339995384216,-0.014979762347876614,0.019144794409472792,-0.06363222002983093,-0.0005826801061630249,0.00024925172328948975,0.09918996307774569,0.03851116125932959,-2.9802322387695312e-08,0.1193895936012268,0.15037742257118225,0.24656843548038254,0.08724645053333487,0.2558724657903074
FBYG15K_r02_lr5e4,FBYG15K,0.2,mid_degree,2875,0.2776337411533231,0.008520611024242144,0.12345372885465622,0.2787002921104431,0.2976672351360321,0.27585230252794596,0.007999241744162413,0.1235150471329689,0.2773706912994385,0.2895672619342804,0.16896701601277228,0.023749261009682637,0.146275132894516,0.16419370472431183,0.6294907331466675,0.2775469408190769,0.008325530269861652,0.1235404908657074,0.278795450925827,0.2915741503238678,1.3654695697277586,0.01014046748349265,1.3647267136547905,2875,0.20235131586893745,0.021814924303583713,0.11786968261003494,0.20407867431640625,0.2933367192745209,0.2914501284438631,0.03480686752027449,0.1235150471329689,0.31319019198417664,0.33348578214645386,0.13454017774695937,0.02878603085198294,0.10430501401424408,0.1266784965991974,0.6294907331466675,0.3716583780102108,0.040076058635657455,0.1235404908657074,0.35364457964897156,0.437043160200119,1.3124398849998575,0.02219569809022476,1.3126412705144581,2875,-0.07528242528438568,0.02233754624744037,-0.11187131702899933,-0.0730229914188385,0.0003841221332550049,0.015597825915917107,0.03270621890023618,-0.03601410984992981,0.04282310605049133,0.04948417842388153,-0.034426838265812915,0.017579463082436676,-0.07703158259391785,-0.04314795881509781,0.00022011995315551758,0.09411143719113392,0.03665413290173648,-2.9802322387695312e-08,0.07380130887031555,0.15050530433654785,0.2911346361217123,0.07274128879365171,0.32626442891958163
FBYG15K_r02_lr5e4,FBYG15K,0.2,high_degree,3046,0.2785176947096501,0.01142934840163577,0.09631334245204926,0.2802458554506302,0.3854197859764099,0.2759247262248536,0.010395144638149336,0.09631258249282837,0.2781839668750763,0.288052499294281,0.16722483937863997,0.030801663234759025,0.14265315234661102,0.1600407138466835,0.7110605239868164,0.2783327400928959,0.010722672328198828,0.09631358087062836,0.2804684042930603,0.31146201491355896,1.363437696984107,0.014516552082575138,1.3624737789743646,3046,0.19899834801815328,0.02835236778144374,0.06436535716056824,0.20274141430854797,0.2991326153278351,0.292717295116057,0.03016145652929664,0.0855565071105957,0.28547367453575134,0.33076053857803345,0.13025110530240788,0.032584471357068885,0.10399769246578217,0.11972080171108246,0.7106203436851501,0.37803325138237626,0.04710957667896481,0.13945777714252472,0.3566335141658783,0.4449337422847748,1.3045156228898362,0.029415724881899967,1.3069026401791854,3046,-0.07951934669149681,0.02842673161692973,-0.11551177501678467,-0.07465030252933502,0.0004003942012786865,0.01679256889120341,0.027367278625001854,-0.036347419023513794,0.006149813532829285,0.04868702590465546,-0.03697373407623209,0.017264332056533313,-0.09761184453964233,-0.04340486600995064,0.006789222359657288,0.0997005112894804,0.044061246896788864,-2.9802322387695312e-08,0.07428210973739624,0.15085363388061523,0.28837950876026797,0.08452975529736384,0.3151249195383279
FBYG15K_r05_lr5e4,FBYG15K,0.5,all,5600,0.2794742933314826,0.011501243065455637,0.09906692057847977,0.2802678346633911,0.3944251835346222,0.27469830215908586,0.012408469110121317,0.09906560927629471,0.2778903394937515,0.29513445496559143,0.16634620784382734,0.03036099388585274,0.14204563200473785,0.15870841592550278,0.702806830406189,0.27948119616801187,0.011003088018001542,0.09906059503555298,0.2806283086538315,0.31688427925109863,1.3629740610470558,0.01367267590853056,1.361625215168233,5600,0.20289616074146968,0.026531864192583757,0.08140981197357178,0.20362088829278946,0.3308977782726288,0.28101884124933607,0.04056753833061233,0.10693370550870895,0.2825942635536194,0.3379463255405426,0.13855758960491846,0.03716147103648271,0.10342691838741302,0.12726932018995285,0.6353719234466553,0.37752740803839907,0.04485557507602722,0.14131122827529907,0.39076146483421326,0.4524896442890167,1.310516699913092,0.02647884558242982,1.309015432241028,5600,-0.07657813259001289,0.026936092854119468,-0.11791898310184479,-0.0742969959974289,0.0006124675273895264,0.00632053909025022,0.03289736828320768,-0.03764514625072479,0.00435347855091095,0.049038633704185486,-0.027788618238908904,0.019798453865730856,-0.08878132700920105,-0.04073023051023483,0.007259249687194824,0.0980462118703872,0.04082903515569389,-5.960464477539063e-08,0.11925464868545532,0.15485215187072754,0.27399878557780194,0.08430606415903363,0.3080952455535642
FBYG15K_r05_lr5e4,FBYG15K,0.5,baseline_correct,4425,0.2798310274171964,0.009800226469097412,0.09906692057847977,0.2802368998527527,0.3944251835346222,0.2752462881854025,0.011011779596034539,0.09906560927629471,0.27831968665122986,0.29513445496559143,0.1650836386687338,0.024273972739929168,0.14204563200473785,0.15841594338417053,0.702806830406189,0.27983904525385067,0.009176210567135431,0.09906059503555298,0.28061553835868835,0.31688427925109863,1.3631880575255897,0.010546061974679086,1.3614804365334114,4425,0.1992531104764696,0.02131568527281253,0.0881524458527565,0.20299723744392395,0.31045007705688477,0.28331279267025533,0.04049759920829999,0.1379486322402954,0.28416380286216736,0.3379463255405426,0.13525510455760578,0.030917398904742776,0.10342691838741302,0.12188443541526794,0.6227864623069763,0.3821789919690224,0.04002853207286129,0.14131122827529907,0.3962543308734894,0.4524896442890167,1.307662889867402,0.023460341369010422,1.3079010163326426,4425,-0.0805779169407268,0.021930492911050987,-0.11791898310184479,-0.07451054453849792,0.0006124675273895264,0.008066504484852828,0.03329103638137506,-0.03744134306907654,0.004781901836395264,0.049038633704185486,-0.029828534111128013,0.01937559124785717,-0.08878132700920105,-0.04113686829805374,0.007259249687194824,0.10233994671517173,0.03629100667217104,-5.960464477539063e-08,0.12005558609962463,0.15485215187072754,0.28815305935815705,0.06256683072974767,0.31002556212616567
FBYG15K_r05_lr5e4,FBYG15K,0.5,cdmr_correct,4426,0.2798040457662419,0.009992312207410599,0.09906692057847977,0.2802538722753525,0.3944251835346222,0.2753119466618424,0.011190514537316886,0.09906560927629471,0.2784411460161209,0.29513445496559143,0.16508778871802576,0.02492940897469905,0.14204563200473785,0.15831385552883148,0.702806830406189,0.27979621823441103,0.009386097138836692,0.09906059503555298,0.28061507642269135,0.31688427925109863,1.3631062274877799,0.010931650857561582,1.3613792345200948,4426,0.19908198973326408,0.02149016156811673,0.0881524458527565,0.20288201421499252,0.31045007705688477,0.2842116374749702,0.040417936968574306,0.1379486322402954,0.28451575338840485,0.3379463255405426,0.13501437394881863,0.03160331191531966,0.10342691838741302,0.12095476314425468,0.6227864623069763,0.38169199853825775,0.040539349065550775,0.14131122827529907,0.3931732624769211,0.4524896442890167,1.3074069151426126,0.023797718980961575,1.3077203093206369,4426,-0.08072205603297782,0.022183176793447116,-0.11670529842376709,-0.07457700371742249,0.0006124675273895264,0.008899690813127815,0.03305553576581262,-0.03764514625072479,0.0048800259828567505,0.049038633704185486,-0.030073414769207142,0.019426644087254512,-0.08878132700920105,-0.041201889514923096,0.007259249687194824,0.1018957803038467,0.03667851068152792,-5.960464477539063e-08,0.11984400451183319,0.15203857421875,0.2885470660108419,0.0635449307047609,0.3104402768208665
FBYG15K_r05_lr5e4,FBYG15K,0.5,both_correct,4185,0.27979568801864785,0.009902103410075544,0.09906692057847977,0.28022849559783936,0.3944251835346222,0.27537392126296156,0.011072117975297512,0.09906560927629471,0.278510183095932,0.29513445496559143,0.16504116410138076,0.0244836831055694,0.14204563200473785,0.1583205610513687,0.702806830406189,0.279789226129206,0.009261084827462495,0.09906059503555298,0.28059059381484985,0.31688427925109863,1.3631364283483867,0.010710328977341631,1.361384275612486,4185,0.1990246542341108,0.02130532294720038,0.0881524458527565,0.2029278427362442,0.31045007705688477,0.28452538184581266,0.040336217709484125,0.1379486322402954,0.28486794233322144,0.3379463255405426,0.13472854006710588,0.03092732212562469,0.10342691838741302,0.1208115741610527,0.6227864623069763,0.3817214235040307,0.04027461212028351,0.14131122827529907,0.39279115200042725,0.4524896442890167,1.307328098013744,0.023629232591818438,1.307688494116364,4185,-0.08077103378453705,0.02194847551818696,-0.11670529842376709,-0.07454788684844971,0.0006124675273895264,0.009151460582851082,0.03306350895197939,-0.03744134306907654,0.004955202341079712,0.049038633704185486,-0.030312624034274864,0.01935811366345773,-0.08878132700920105,-0.04125326871871948,0.007259249687194824,0.1019321973748247,0.0364852264565215,-5.960464477539063e-08,0.11973848938941956,0.15203857421875,0.28928423721147833,0.062499241607152124,0.310649209636448
FBYG15K_r05_lr5e4,FBYG15K,0.5,both_wrong,934,0.2776616639527442,0.01733005651018907,0.12164732068777084,0.28022049367427826,0.3303646743297577,0.2722214683411719,0.01724103342676206,0.12047703564167023,0.2761565148830414,0.2907564342021942,0.17244366350597692,0.0493109960061448,0.14501641690731049,0.16021594405174255,0.6363024711608887,0.2776732042160611,0.017025407939748598,0.12157317250967026,0.28049781918525696,0.30075711011886597,1.3620614315737287,0.023251185059618915,1.362371919114179,934,0.2208830596404489,0.03905408365152149,0.08140981197357178,0.20768260955810547,0.3308977782726288,0.270732782645514,0.03901534371041103,0.10693370550870895,0.2726858854293823,0.3332289457321167,0.1538372432585702,0.055001808309246364,0.1035618856549263,0.14611905813217163,0.6353719234466553,0.35454691368966845,0.05760638213349312,0.1475938856601715,0.3545534908771515,0.4401197135448456,1.324486419289481,0.03435497711096279,1.3180212318887794,934,-0.056778604312295325,0.03778669654660994,-0.11319458484649658,-0.06896841526031494,0.0006046146154403687,-0.0014886856956578935,0.029789617359428245,-0.037204310297966,-2.9802322387695312e-08,0.048180654644966125,-0.018606420247406726,0.01902874491238684,-0.06983500719070435,-0.019061550498008728,0.0007668137550354004,0.07687370947360737,0.05297674085135732,-2.9802322387695312e-08,0.073658287525177,0.15207162499427795,0.20648943270010348,0.1302812735205524,0.25647263304264534
FBYG15K_r05_lr5e4,FBYG15K,0.5,rescued,241,0.2799491792669929,0.011445016692874895,0.14766058325767517,0.28076642751693726,0.3011068105697632,0.27423574871294726,0.01302973902265177,0.14764124155044556,0.2770645022392273,0.2932555079460144,0.16589743195727652,0.03167402974182344,0.1459631472826004,0.15813881158828735,0.5570372939109802,0.27991763715674767,0.011338588642220383,0.14766085147857666,0.280941367149353,0.30571165680885315,1.3625817851573203,0.014226258926088151,1.3611543062415146,241,0.20007762900279272,0.024456930429801765,0.14766058325767517,0.2016942799091339,0.2939566373825073,0.2787634209107561,0.04143443927239277,0.14764124155044556,0.281550794839859,0.3364836573600769,0.1399779208159051,0.04131270608048636,0.10433461517095566,0.12605370581150055,0.5570372939109802,0.38118102973427515,0.04488518995336637,0.14766085147857666,0.39761221408843994,0.43827322125434875,1.3087755860318826,0.026516252070423012,1.3088758898838286,241,-0.07987155026420023,0.025907378058665928,-0.11157694458961487,-0.0751122385263443,0.0006000399589538574,0.004527672197808863,0.032608259814266106,-0.03764514625072479,0.003977298736572266,0.047251880168914795,-0.02591951114137143,0.020132098141245464,-0.06122089922428131,-0.04040703922510147,1.4901161193847656e-08,0.10126339257752746,0.0398805416356917,-2.9802322387695312e-08,0.12045100331306458,0.1512625515460968,0.2757459810537311,0.07844381670558524,0.306794113776891
FBYG15K_r05_lr5e4,FBYG15K,0.5,harmed,240,0.2804472581793865,0.007787306522052533,0.2183493822813034,0.280452698469162,0.30575501918792725,0.27302068639546634,0.009632566767118385,0.21747371554374695,0.2741372734308243,0.2947441041469574,0.16582428893695275,0.020257036813398976,0.14584363996982574,0.1609959825873375,0.34596970677375793,0.2807077662398418,0.007491180272930802,0.2182071954011917,0.2809815853834152,0.29711857438087463,1.3640883413030667,0.0070338823277382835,1.3629094251810732,240,0.20323681620260078,0.021101652660103533,0.16207578778266907,0.2042379528284073,0.2870272696018219,0.2621682689214746,0.0373470034012927,0.19562067091464996,0.24135172367095947,0.33786556124687195,0.1444370728606979,0.02925817392381164,0.10384506732225418,0.13705530017614365,0.3112047612667084,0.39015784207731485,0.03450199989074109,0.24991287291049957,0.40406249463558197,0.44380655884742737,1.3135008228155638,0.019382232892454214,1.3138149148358607,240,-0.07721044197678566,0.02133534889107764,-0.11791898310184479,-0.07357940822839737,0.000600278377532959,-0.010852417473991712,0.031513546100306586,-0.03732343018054962,-0.030416853725910187,0.044298917055130005,-0.021387216076254843,0.017660011926856012,-0.059113964438438416,-0.019799217581748962,1.4901161193847656e-08,0.10945007583747307,0.03189219755491524,0.0,0.12117460370063782,0.15485215187072754,0.2684281455408668,0.06042039998494517,0.25967031798216367
FBYG15K_r05_lr5e4,FBYG15K,0.5,type_consistent,5327,0.279723673071471,0.011221235091530926,0.09906692057847977,0.2803281843662262,0.3944251835346222,0.27481235563335443,0.012258773987508152,0.09906560927629471,0.2780139744281769,0.29513445496559143,0.1657621124117688,0.02933048810960299,0.14204563200473785,0.15851178765296936,0.702806830406189,0.27970185841066386,0.010697951759308004,0.09906059503555298,0.2806791365146637,0.31688427925109863,1.3628395479608624,0.013322014975617523,1.3615086620321675,5327,0.20067847279965687,0.02344711531483946,0.08140981197357178,0.20330296456813812,0.3308977782726288,0.2813141993816046,0.04111864570935965,0.10693370550870895,0.2830940783023834,0.3379463255405426,0.137116301078185,0.035675505470912916,0.10342691838741302,0.12525342404842377,0.6353719234466553,0.3808910264258584,0.041325964099897874,0.14131122827529907,0.3959443271160126,0.4524896442890167,1.3087405743916605,0.02448411866132227,1.3086264627000685,5327,-0.07904520027181412,0.02348217256536478,-0.11791898310184479,-0.07439003884792328,0.0006124675273895264,0.006501843748250195,0.033455906254797066,-0.03764514625072479,0.004519224166870117,0.049038633704185486,-0.028645811333583807,0.019480712290692072,-0.08878132700920105,-0.040883250534534454,0.007259249687194824,0.10118916801519458,0.03736932016427194,-5.960464477539063e-08,0.11995396018028259,0.15485215187072754,0.282887649113072,0.06941757022632572,0.3088433993088716
FBYG15K_r05_lr5e4,FBYG15K,0.5,type_mismatch,273,0.2746081912255549,0.01521630602842714,0.14467285573482513,0.2783392369747162,0.2960304915904999,0.27247279718682005,0.014859871597736194,0.14750444889068604,0.276471883058548,0.28899314999580383,0.17774355717194387,0.04455910670525231,0.14605452120304108,0.1647970974445343,0.5583673119544983,0.275175453433187,0.015191704967819759,0.1458130031824112,0.27909934520721436,0.296122670173645,1.3655987907545697,0.01908946926369683,1.3647255236546583,273,0.24616950750350952,0.041758026635490365,0.09678922593593597,0.26906585693359375,0.2939566373825073,0.27525557102737847,0.027062561886315974,0.13418219983577728,0.2773802876472473,0.3304479420185089,0.16668119393425546,0.05158913981458765,0.1035618856549263,0.1614225059747696,0.5577300786972046,0.3118937261702813,0.058472455711434515,0.1475938856601715,0.2817222476005554,0.4376179873943329,1.3451739184210199,0.03771033721041617,1.3605618590409625,273,-0.028438683722045395,0.04107747457303198,-0.11190775036811829,0.0,0.0006039142608642578,0.0027827738405583977,0.018598883010230185,-0.036091625690460205,0.0,0.04406517744064331,-0.011062363237688394,0.01847716745545735,-0.06416937708854675,0.0,2.9802322387695312e-08,0.03671827273709433,0.05470118752242818,-2.9802322387695312e-08,0.0,0.1510622203350067,0.10055198685112143,0.14191979875506047,5.165177864925865e-07
FBYG15K_r05_lr5e4,FBYG15K,0.5,low_degree,1880,0.27863725711928405,0.009921484722958613,0.12164732068777084,0.27951817214488983,0.3000407814979553,0.26920366553550074,0.011032924801860447,0.12047703564167023,0.26794080436229706,0.2932555079460144,0.17376770003837474,0.02628839139547241,0.14668411016464233,0.16952642798423767,0.6363024711608887,0.27839137761596033,0.009542674511838437,0.12157317250967026,0.27960826456546783,0.2995688021183014,1.3672351420190219,0.012541256153432307,1.36711465874978,1880,0.20451704180462563,0.026546926617419954,0.08140981197357178,0.19652461260557175,0.2869386672973633,0.25699668642767565,0.037263512264813746,0.10693370550870895,0.23707709461450577,0.3364836573600769,0.15965008062330333,0.03440488285794341,0.10694382339715958,0.1624622792005539,0.6353719234466553,0.3788361907163833,0.04451393324890149,0.1762845665216446,0.40067020058631897,0.4398302435874939,1.324116693362296,0.02190045718271011,1.3205029193003464,1880,-0.0741202153146584,0.02843431944567978,-0.1110626608133316,-0.07622367888689041,0.0006046146154403687,-0.012206979107825046,0.03000773561209249,-0.036630094051361084,-0.03013450652360916,0.048180654644966125,-0.014117619415071416,0.017827361732156162,-0.06983500719070435,-0.0010285526514053345,2.9802322387695312e-08,0.10044481310042296,0.04029160705191059,-5.960464477539063e-08,0.12109841406345367,0.15194439888000488,0.24588814559672423,0.08855080094237865,0.259688009828615
FBYG15K_r05_lr5e4,FBYG15K,0.5,mid_degree,1835,0.27935355969118486,0.011432722492622154,0.14467285573482513,0.27999067306518555,0.3065500855445862,0.2771797690063471,0.011882757383191866,0.145925834774971,0.2800203263759613,0.2949085533618927,0.1639265185643282,0.030860821137041167,0.1458951085805893,0.15668585896492004,0.559549868106842,0.2795401513089276,0.011195466755850723,0.1458130031824112,0.2804192006587982,0.303156316280365,1.3617142098925672,0.012799527818720947,1.3604589897988986,1835,0.2038309713881412,0.022747365179001836,0.09678922593593597,0.20465131103992462,0.3014894127845764,0.2917074196751176,0.039576613615009824,0.13035185635089874,0.3133484721183777,0.3379463255405426,0.13088804812700938,0.034932974441421884,0.10345890372991562,0.11943557113409042,0.5577300786972046,0.37357356101680517,0.04225263982030699,0.1475938856601715,0.35450437664985657,0.44167250394821167,1.307663826444337,0.023110701296740116,1.3071024608626711,1835,-0.07552258830304366,0.023042320602222645,-0.11230258643627167,-0.07383377850055695,0.0006043016910552979,0.014527650668770481,0.03284422736667405,-0.03682960569858551,0.042354702949523926,0.049038633704185486,-0.03303847043731882,0.017159586355259496,-0.08878132700920105,-0.04155553877353668,9.66191291809082e-05,0.09403340970787755,0.037396767709713584,-2.9802322387695312e-08,0.07355320453643799,0.15190720558166504,0.2884090091282093,0.0738527214984164,0.324750181440535
FBYG15K_r05_lr5e4,FBYG15K,0.5,high_degree,1885,0.28042664044494653,0.01288182424077033,0.09906692057847977,0.28100183606147766,0.3944251835346222,0.2777627187042401,0.012371934400765243,0.09906560927629471,0.280630886554718,0.29513445496559143,0.16129990784495832,0.03218699387366993,0.14204563200473785,0.154375821352005,0.702806830406189,0.2805107326105988,0.01202449704497343,0.09906059503555298,0.28147050738334656,0.31688427925109863,1.359950716029119,0.01449927633961868,1.3591688277578695,1885,0.20036956448928114,0.029577662113892064,0.0881524458527565,0.20378631353378296,0.3308977782726288,0.2945722150707751,0.033302652144762634,0.13769903779029846,0.2873201370239258,0.33786556124687195,0.12498715220300842,0.032388265956848586,0.10342691838741302,0.11454348266124725,0.6227864623069763,0.3800710673752767,0.04732652508410265,0.14131122827529907,0.35605621337890625,0.4524896442890167,1.2997299811495164,0.0278547992227213,1.303176381347796,1885,-0.0800570759556654,0.028513950194772715,-0.11791898310184479,-0.07474860548973083,0.0006124675273895264,0.016809496366535004,0.027367527657394582,-0.03764514625072479,0.005360156297683716,0.04873563349246979,-0.036312755641949905,0.016582978383112495,-0.08002036809921265,-0.042011700570583344,0.007259249687194824,0.0995603347646779,0.04413790896611835,-2.9802322387695312e-08,0.07422268390655518,0.15485215187072754,0.28800687202312214,0.08245408418915526,0.31229190952669916
FBYG15K_r08_lr5e4,FBYG15K,0.8,all,2240,0.27707341462373736,0.013058660426614355,0.09648636728525162,0.27876074612140656,0.32004281878471375,0.27279943374118637,0.013547292730779531,0.09648403525352478,0.2763362526893616,0.2933526039123535,0.1725942861488355,0.03603623822978768,0.14513298869132996,0.16344840079545975,0.710544228553772,0.27753286524675785,0.01304414931466114,0.09648528695106506,0.27955956757068634,0.31050464510917664,1.3650204651554856,0.017431934432509268,1.364219110367678,2240,0.20024789122398942,0.026623417109782943,0.0902613177895546,0.2017127051949501,0.3044980466365814,0.2801215260256348,0.04070193262053503,0.09648405760526657,0.28279803693294525,0.33610352873802185,0.14334768275397697,0.04223515514799392,0.10361932963132858,0.13030389696359634,0.710544228553772,0.3762829006416723,0.045526118935268124,0.09648528695106506,0.3677901029586792,0.4451851546764374,1.3122735492630233,0.02820076479455803,1.3108781455447631,2240,-0.07682552339974791,0.026613237425086842,-0.11401884257793427,-0.07468292862176895,5.960464477539063e-08,0.0073220922844484445,0.03290204238930566,-0.03706337511539459,0.0047682225704193115,0.04779919981956482,-0.029246603394858538,0.020379259168254248,-0.06707702577114105,-0.04158058762550354,0.00011074542999267578,0.09875003539491445,0.040640599902884184,-2.9802322387695312e-08,0.1142093688249588,0.15357857942581177,0.27697218183150407,0.08409218434489246,0.3108171839278264
FBYG15K_r08_lr5e4,FBYG15K,0.8,baseline_correct,1957,0.2772407987186905,0.01187929316682548,0.10891387611627579,0.27870839834213257,0.32004281878471375,0.2730174329765731,0.01241012882668078,0.10859900712966919,0.27633413672447205,0.2933526039123535,0.17206405958291152,0.03189403559532411,0.14513298869132996,0.16341112554073334,0.6736739277839661,0.27767770850481766,0.011834135579362975,0.10881312191486359,0.2795332074165344,0.31050464510917664,1.3654633057169863,0.0134171656032213,1.3642241102418944,1957,0.1971870977878875,0.02246053409875279,0.0902613177895546,0.20067518949508667,0.2953394949436188,0.28123733006878415,0.040626875124384926,0.10285648703575134,0.2838313579559326,0.33610352873802185,0.14134761313805486,0.03779708741665075,0.10361932963132858,0.12864366173744202,0.6380370259284973,0.38022796023498096,0.041875508648074516,0.12343085557222366,0.3884456753730774,0.4451851546764374,1.3103674108657561,0.025280371415016482,1.3098608013355388,1957,-0.080053700930803,0.02279592556407358,-0.11401884257793427,-0.07486999034881592,2.9802322387695312e-08,0.008219897092211045,0.03320196312855728,-0.03706337511539459,0.005135446786880493,0.04779919981956482,-0.030716446444856677,0.020090240469654765,-0.06707702577114105,-0.04192642122507095,0.00011074542999267578,0.1025502517301633,0.03702829198919297,-2.9802322387695312e-08,0.11979824304580688,0.15357857942581177,0.28782778693279415,0.06707941821062426,0.3121373011739531
FBYG15K_r08_lr5e4,FBYG15K,0.8,cdmr_correct,1968,0.27727045370190123,0.01125627474055725,0.12388773262500763,0.27867700159549713,0.32004281878471375,0.27313594687427206,0.011909621191358884,0.16280992329120636,0.27646538615226746,0.2933526039123535,0.17190033706980265,0.029836241014123858,0.14513298869132996,0.1634347140789032,0.5516285300254822,0.2776932622555916,0.011196267812766213,0.12343084812164307,0.27946697175502777,0.31050464510917664,1.3656940029005733,0.010392531757623205,1.3642483391636846,1968,0.1971020708617762,0.022252234425922682,0.110244520008564,0.2006143033504486,0.3044980466365814,0.28200134226098295,0.040466430421061315,0.14437562227249146,0.2839745432138443,0.33610352873802185,0.14091704291768553,0.0361686085637288,0.10361932963132858,0.12809427082538605,0.5516285300254822,0.3799795449135931,0.04149652016059532,0.12343085557222366,0.3813796788454056,0.4451851546764374,1.310442493813921,0.024524080136288633,1.3097984830425957,1968,-0.08016838284012506,0.02264168980056759,-0.11401884257793427,-0.07487522810697556,2.9802322387695312e-08,0.008865395386710884,0.03312189459009026,-0.03706337511539459,0.005248814821243286,0.04779919981956482,-0.030983294152117116,0.020058331707873737,-0.06707702577114105,-0.04197318106889725,0.00011074542999267578,0.10228628265800152,0.03697802350489235,-2.9802322387695312e-08,0.11788944900035858,0.15357857942581177,0.2886956988213812,0.06659986996263323,0.31262098706364233
FBYG15K_r08_lr5e4,FBYG15K,0.8,both_correct,1908,0.27725131534024355,0.011339382341599188,0.12388773262500763,0.2786811590194702,0.32004281878471375,0.2731131406293975,0.01193052366696651,0.16280992329120636,0.27644437551498413,0.2933526039123535,0.1719501937116717,0.030072499121225015,0.14513298869132996,0.16339193284511566,0.5516285300254822,0.2776853502093496,0.01128464000703566,0.12343084812164307,0.27950212359428406,0.31050464510917664,1.3656780028940512,0.010463852222823521,1.3642227535692049,1908,0.19684757839739947,0.022004975591617904,0.110244520008564,0.20047833025455475,0.2953394949436188,0.2819605422922775,0.04042437991444442,0.14437562227249146,0.2839745432138443,0.33610352873802185,0.14091526784502612,0.03633343628236411,0.10361932963132858,0.12791231274604797,0.5516285300254822,0.38027661268363083,0.041547490650664834,0.12343085557222366,0.3843715488910675,0.4451851546764374,1.3102580214694004,0.024557711565867807,1.3097528098203424,1908,-0.08040373694284407,0.022502567992786705,-0.11401884257793427,-0.07490584254264832,2.9802322387695312e-08,0.00884740166288002,0.03309818117743223,-0.03706337511539459,0.0052528828382492065,0.04779919981956482,-0.031034925866645587,0.020092940258378694,-0.06707702577114105,-0.041992250829935074,0.00011074542999267578,0.10259126247428123,0.03687551598857089,-2.9802322387695312e-08,0.11863727867603302,0.15357857942581177,0.2891292431419661,0.06579956742344976,0.31262098706364233
FBYG15K_r08_lr5e4,FBYG15K,0.8,both_wrong,223,0.2753877239844724,0.02129160902380876,0.09648636728525162,0.2793049216270447,0.294822096824646,0.2706006462664882,0.02127540829798152,0.09648403525352478,0.27631327509880066,0.28870320320129395,0.17786072922928986,0.06299233153113698,0.14608463644981384,0.16300305724143982,0.710544228553772,0.276150899951768,0.02147687273753368,0.09648528695106506,0.2801066040992737,0.2960478961467743,1.3608160738729478,0.03790112821359736,1.3632448950040943,223,0.2257777134399243,0.04175436341956125,0.09648637473583221,0.21166402101516724,0.29086869955062866,0.26947460303525755,0.03949335937012775,0.09648405760526657,0.2737928330898285,0.3314010798931122,0.16153865939031267,0.06901851950087654,0.10559213161468506,0.15002940595149994,0.710544228553772,0.3432090218291689,0.061552280617670006,0.09648528695106506,0.3532438278198242,0.4396947920322418,1.3279157149000291,0.04428120084454139,1.3226903881165084,223,-0.04961001054454812,0.03925755180265688,-0.112188920378685,-0.06677733361721039,5.960464477539063e-08,-0.0011260432312306802,0.028489592485434645,-0.03705364465713501,0.0,0.04767152667045593,-0.01632206983897718,0.018656990110754217,-0.06307689845561981,-0.0012652277946472168,5.960464477539063e-08,0.06705812187740086,0.054866332851113565,-2.9802322387695312e-08,0.0742206871509552,0.15242105722427368,0.1822608471277313,0.1396112204148389,0.25618785800826593
FBYG15K_r08_lr5e4,FBYG15K,0.8,rescued,60,0.277879053602616,0.008161212313835918,0.2484344094991684,0.27865831553936005,0.305165559053421,0.27386118546128274,0.01120044874412516,0.24829129874706268,0.2771237641572952,0.2900923192501068,0.1703148958583673,0.02091682999332728,0.14559167623519897,0.1654253974556923,0.24925315380096436,0.2779448653260867,0.007881273162570384,0.25008538365364075,0.27896133065223694,0.3009514808654785,1.366202803107967,0.0077740344110945984,1.365403946373483,60,0.20519493122895557,0.027849505128202095,0.16917869448661804,0.2027444988489151,0.3044980466365814,0.2832987812658151,0.04176078774924836,0.22170794010162354,0.28430719673633575,0.33344292640686035,0.1409734902282556,0.030465454789333633,0.10497619956731796,0.1285295933485031,0.23397275805473328,0.37053278982639315,0.038669249157057044,0.2678661644458771,0.35408516228199005,0.4396951496601105,1.3163087143696839,0.022659299180404557,1.3155602127505246,60,-0.07268412237366041,0.025584996089544895,-0.11095494031906128,-0.0742199644446373,0.0,0.00943759580453237,0.033862336873870566,-0.036073237657547,0.005242019891738892,0.046699583530426025,-0.029341405630111693,0.018851194672270793,-0.061272114515304565,-0.04162193089723587,1.4901161193847656e-08,0.09258792450030645,0.03887288942520283,0.0,0.07497438788414001,0.1519254744052887,0.274908989426781,0.08722962594219424,0.31266125931656163
FBYG15K_r08_lr5e4,FBYG15K,0.8,harmed,49,0.276831294352911,0.025081520100678534,0.10891387611627579,0.2793831527233124,0.2954905033111572,0.26929069416863577,0.02437895624808305,0.10859900712966919,0.2740047872066498,0.2855941951274872,0.17649785718139338,0.07343196333199985,0.1460264027118683,0.16384060680866241,0.6736739277839661,0.2773801498875326,0.025191687172548473,0.10881312191486359,0.2819439470767975,0.2908782958984375,1.3571032605365805,0.05342858879294368,1.3643452925160213,49,0.21040756711546255,0.0333762637495045,0.0902613177895546,0.2114698737859726,0.2850934565067291,0.25307633165194066,0.03842157038920006,0.10285648703575134,0.23985730111598969,0.328552782535553,0.1581826094461947,0.07323133913647749,0.11054232716560364,0.14383229613304138,0.6380370259284973,0.37833349345898143,0.05306041131880143,0.16884522140026093,0.4029725193977356,0.4348495602607727,1.31462690001365,0.04497672962392959,1.3172061213526083,49,-0.0664237272374484,0.02909555039310129,-0.11193808913230896,-0.0680670291185379,0.0,-0.01621436251669514,0.02753058313135721,-0.036215633153915405,-0.031037747859954834,0.044082045555114746,-0.018315247735198662,0.015545230467026933,-0.04693920910358429,-0.019631609320640564,0.0,0.1009533435714488,0.042522064070705586,0.0,0.1215825080871582,0.15237608551979065,0.23715067576748544,0.09212848772728764,0.25745734192745656
FBYG15K_r08_lr5e4,FBYG15K,0.8,type_consistent,2138,0.2772938315943929,0.012030652660882785,0.10891387611627579,0.27879558503627777,0.32004281878471375,0.27303042589670257,0.012638410774093079,0.10859900712966919,0.2764548361301422,0.2933526039123535,0.17196002474335223,0.03257188947892965,0.14513298869132996,0.16340510547161102,0.6736739277839661,0.2777157176784314,0.011985094114856968,0.10881312191486359,0.2795359343290329,0.31050464510917664,1.365308246218134,0.01347504004975374,1.3642089038233132,2138,0.19814867928094457,0.023300440897110523,0.0902613177895546,0.20129983127117157,0.3044980466365814,0.28058505992921745,0.0409356356275751,0.10285648703575134,0.2834012359380722,0.33610352873802185,0.14180235556345103,0.03853603589277156,0.10361932963132858,0.12932561337947845,0.6380370259284973,0.3794639058327485,0.0419359643123234,0.12343085557222366,0.3878848999738693,0.4451851546764374,1.3109971006966203,0.02507030179084797,1.3103608877862076,2138,-0.07914515231344832,0.02326394983601443,-0.11401884257793427,-0.07475905865430832,2.9802322387695312e-08,0.007554634032514856,0.03342970777893092,-0.03706337511539459,0.00497707724571228,0.04779919981956482,-0.030157669179901217,0.020034825730429577,-0.06707702577114105,-0.04175787791609764,0.00011074542999267578,0.10174818815431716,0.037282029667149226,-2.9802322387695312e-08,0.11945223808288574,0.15357857942581177,0.28556058997396494,0.06960048267173997,0.3116181672170616
FBYG15K_r08_lr5e4,FBYG15K,0.8,type_mismatch,102,0.2724533020427414,0.026244724266856378,0.09648636728525162,0.27832236886024475,0.29020363092422485,0.267957656991248,0.025648169250585398,0.09648403525352478,0.2741158902645111,0.284226655960083,0.18588890266769073,0.07807331557989555,0.14600281417369843,0.1654645875096321,0.710544228553772,0.27370013486520917,0.026652842992504932,0.09648528695106506,0.28016892075538635,0.2981414794921875,1.358988348371735,0.053189871000383186,1.3647878198617045,102,0.24424901999094906,0.04645046004185023,0.09648637473583221,0.27086517214775085,0.29020363092422485,0.27040549185053975,0.034026939808155854,0.09648405760526657,0.2758128494024277,0.32618603110313416,0.17573895268872672,0.08335028212012416,0.10618902742862701,0.15887917578220367,0.710544228553772,0.30960653693068263,0.06321810501251418,0.09648528695106506,0.2832890599966049,0.44003310799598694,1.3390289123509609,0.059504346665005314,1.3592179722957665,102,-0.02820428205179233,0.04162954346017031,-0.112188920378685,0.0,5.960464477539063e-08,0.0024478348592917123,0.018000132829299936,-0.03571435809135437,0.0,0.04299473762512207,-0.010149949978964002,0.0180279519168305,-0.05092412233352661,0.0,5.960464477539063e-08,0.03590640206547344,0.054768050230782725,-2.9802322387695312e-08,0.0,0.15263527631759644,0.09695241115913865,0.14072520879888575,5.165177864925865e-07
FBYG15K_r08_lr5e4,FBYG15K,0.8,low_degree,748,0.27878118820368925,0.009633255746619513,0.16221319139003754,0.27932026982307434,0.30185315012931824,0.2685111651724991,0.011138891537697817,0.1612003892660141,0.2673519253730774,0.2933526039123535,0.1736713957220794,0.025217414306952554,0.14633722603321075,0.16794469952583313,0.5137140154838562,0.279036251419687,0.009480901657527322,0.162872314453125,0.2801637649536133,0.30275341868400574,1.3672606168628891,0.009566135003293733,1.3664296240422567,748,0.20395728259442006,0.02613556868216598,0.10786508768796921,0.19944126158952713,0.28443703055381775,0.2571165817067585,0.038279145602186856,0.14292070269584656,0.23674386739730835,0.33610352873802185,0.158727995403868,0.033651552229032426,0.1059972271323204,0.16095376014709473,0.5123950839042664,0.3801981402551108,0.0448213003935348,0.23681917786598206,0.40196606516838074,0.44003310799598694,1.322968568954093,0.02095379763655057,1.318615062360506,748,-0.07482390560926919,0.028324155346059397,-0.11198264360427856,-0.07492309808731079,5.960464477539063e-08,-0.011394583465740642,0.030742459894248845,-0.036140382289886475,-0.030193358659744263,0.04708106815814972,-0.014943400318211413,0.017981431994033095,-0.0634368360042572,-0.001278512179851532,1.4901161193847656e-08,0.10116188883542378,0.04029010685898951,-2.9802322387695312e-08,0.12206225097179413,0.15263527631759644,0.24888994195376912,0.0883509464605676,0.2616773455018421
FBYG15K_r08_lr5e4,FBYG15K,0.8,mid_degree,733,0.27673484126835207,0.015583983421905782,0.09648636728525162,0.27862071990966797,0.3017408847808838,0.2747283648663946,0.015863018796318577,0.09648403525352478,0.2784876227378845,0.29134413599967957,0.17128651041288492,0.044355863063414734,0.1462193727493286,0.16065773367881775,0.710544228553772,0.27725028280184016,0.01553753715219376,0.09648528695106506,0.27943235635757446,0.31050464510917664,1.3628065970161853,0.025848938582848296,1.3625819936909582,733,0.2016783044311392,0.024410467797731972,0.0902613177895546,0.20289193093776703,0.29086869955062866,0.28994831002709975,0.04087821458490629,0.09648405760526657,0.307393342256546,0.3342036306858063,0.13763619799771706,0.048919992450049195,0.10497619956731796,0.12302187085151672,0.710544228553772,0.3707371882250657,0.045236817815096295,0.09648528695106506,0.3545389473438263,0.444227010011673,1.3094622342397,0.030482690621912768,1.3084273149846632,733,-0.07505653683721288,0.024080303395030558,-0.11401884257793427,-0.07425102591514587,2.9802322387695312e-08,0.015219945160705104,0.03248365318409,-0.036198392510414124,0.04242658615112305,0.04722048342227936,-0.033650312415167874,0.01801578481487959,-0.06383655965328217,-0.0420946404337883,5.960464477539063e-08,0.09348690542322552,0.038203031904753035,-2.9802322387695312e-08,0.0746527910232544,0.1528501808643341,0.28766470146310497,0.07912843161815064,0.326551803634447
FBYG15K_r08_lr5e4,FBYG15K,0.8,high_degree,759,0.2757173667076548,0.013132141998736541,0.12388773262500763,0.2783651351928711,0.32004281878471375,0.27516269905686536,0.012208498581676296,0.17651966214179993,0.27838221192359924,0.2929142713546753,0.17279576395340115,0.03609629061438816,0.14513298869132996,0.1614016592502594,0.5516285300254822,0.2763241696931,0.013291330695993874,0.12343084812164307,0.2790943384170532,0.30536162853240967,1.3649508101738905,0.01231487638884409,1.3632271766529978,759,0.19521084560353766,0.028325438152996464,0.12388771027326584,0.19998708367347717,0.3044980466365814,0.2933029037297793,0.032292041392493226,0.16313399374485016,0.2874985635280609,0.3355213403701782,0.1337061076080218,0.03846656573977702,0.10361932963132858,0.12019728124141693,0.5516285300254822,0.3777801443445981,0.04597489999357968,0.12343085557222366,0.3559347689151764,0.4451851546764374,1.3044485415992233,0.028903783660580034,1.3052986075349633,759,-0.08050652110411716,0.026816372770556318,-0.11384983360767365,-0.07500198483467102,2.9802322387695312e-08,0.018140204672913933,0.02686837711784635,-0.03706337511539459,0.006060540676116943,0.04779919981956482,-0.03908965634537937,0.01662437618456652,-0.06707702577114105,-0.04404982924461365,0.00011074542999267578,0.10145597465149812,0.04272481338194059,-2.9802322387695312e-08,0.07550391554832458,0.15357857942581177,0.29432119176376004,0.0770817307813542,0.3164183656865646
